# Blender 3.3.1
# www.blender.org
mtllib Diamond_Pack_OBJ.mtl
o Oval_diamond
v 10.446177 0.004090 -3.499932
v 10.721225 1.436688 -4.673451
v 10.461574 0.004090 -3.492776
v 11.166260 1.436688 -4.210895
v 10.471088 0.004090 -3.474041
v 11.336248 1.436688 -3.462462
v 10.471088 0.004090 -3.450883
v 11.166260 1.436688 -2.714029
v 10.461574 0.004090 -3.432148
v 10.721225 1.436688 -2.251472
v 10.446177 0.004090 -3.424991
v 10.171131 1.436688 -2.251472
v 10.430782 0.004090 -3.432148
v 9.726095 1.436688 -2.714029
v 10.421268 0.004090 -3.450883
v 9.556108 1.436688 -3.462462
v 10.421268 0.004090 -3.474041
v 9.726095 1.436688 -4.210895
v 10.430782 0.004090 -3.492776
v 10.171131 1.436688 -4.673451
v 10.446177 0.404090 -4.207565
v 10.446177 0.765695 -4.773193
v 10.446177 0.962037 -5.098803
v 10.446177 1.073585 -5.230331
v 11.172550 1.073585 -4.892698
v 11.114183 0.962037 -4.786289
v 10.984724 0.765695 -4.522865
v 10.752321 0.404090 -4.065263
v 11.621473 1.073585 -4.008763
v 11.527033 0.962037 -3.968119
v 11.317563 0.765695 -3.867500
v 10.941528 0.404090 -3.692711
v 11.621473 1.073585 -2.916160
v 11.527033 0.962037 -2.956805
v 11.317563 0.765695 -3.057423
v 10.941528 0.404090 -3.232212
v 11.172550 1.073585 -2.032224
v 11.114183 0.962037 -2.138634
v 10.984724 0.765695 -2.402058
v 10.752321 0.404090 -2.859660
v 10.446177 1.073585 -1.694591
v 10.446177 0.962037 -1.826120
v 10.446177 0.765695 -2.151730
v 10.446177 0.404090 -2.717359
v 9.719806 1.073585 -2.032224
v 9.778172 0.962037 -2.138634
v 9.907632 0.765695 -2.402058
v 10.140034 0.404090 -2.859660
v 9.270883 1.073585 -2.916160
v 9.365322 0.962037 -2.956805
v 9.574792 0.765695 -3.057423
v 9.950827 0.404090 -3.232212
v 9.270883 1.073585 -4.008763
v 9.365322 0.962037 -3.968119
v 9.574792 0.765695 -3.867500
v 9.950827 0.404090 -3.692711
v 9.719806 1.073585 -4.892698
v 9.778172 0.962037 -4.786289
v 9.907632 0.765695 -4.522865
v 10.140034 0.404090 -4.065263
v 10.151856 0.741310 -4.758314
v 10.081105 0.992285 -5.080228
v 9.675634 0.741310 -4.263342
v 9.490406 0.992285 -4.462296
v 9.493733 0.741310 -3.462462
v 9.264778 0.992285 -3.462462
v 9.675634 0.741310 -2.661581
v 9.490406 0.992285 -2.462627
v 10.151856 0.741310 -2.166609
v 10.081105 0.992285 -1.844696
v 10.740499 0.741310 -2.166609
v 10.811250 0.992285 -1.844696
v 11.216721 0.741310 -2.661581
v 11.401950 0.992285 -2.462627
v 11.398622 0.741310 -3.462462
v 11.627577 0.992285 -3.462462
v 11.216721 0.741310 -4.263343
v 11.401950 0.992285 -4.462296
v 10.740499 0.741310 -4.758314
v 10.811250 0.992285 -5.080228
vn 0.2876 0.7311 -0.6187
vn 0.6741 0.6545 -0.3424
vn 0.7864 0.6177 -0.0000
vn 0.6741 0.6545 0.3424
vn 0.2876 0.7311 0.6187
vn -0.2876 0.7311 0.6187
vn -0.6741 0.6545 0.3424
vn -0.7864 0.6177 -0.0000
vn -0.0000 1.0000 -0.0000
vn -0.6741 0.6545 -0.3424
vn -0.2876 0.7311 -0.6187
vn -0.0000 -1.0000 -0.0000
vn -0.2230 -0.8486 -0.4797
vn 0.0425 -0.8418 -0.5381
vn -0.4370 -0.7300 -0.5255
vn -0.0957 -0.7592 -0.6438
vn -0.5446 -0.7918 -0.2766
vn -0.4007 -0.8068 -0.4341
vn -0.4960 -0.8310 -0.2519
vn -0.5610 -0.7060 -0.4323
vn -0.6478 -0.7618 -0.0000
vn -0.6397 -0.7489 -0.1731
vn -0.7037 -0.6757 -0.2195
vn -0.7392 -0.6649 -0.1072
vn -0.5446 -0.7918 0.2766
vn -0.6580 -0.7431 0.1218
vn -0.5937 -0.8047 -0.0000
vn -0.7037 -0.6757 0.2195
vn -0.2230 -0.8486 0.4797
vn -0.4600 -0.7953 0.3948
vn -0.7392 -0.6649 0.1072
vn -0.4370 -0.7300 0.5255
vn 0.2230 -0.8486 0.4797
vn -0.0425 -0.8418 0.5381
vn -0.4960 -0.8310 0.2519
vn 0.0957 -0.7592 0.6438
vn 0.5446 -0.7918 0.2766
vn 0.4007 -0.8068 0.4341
vn -0.5610 -0.7060 0.4323
vn 0.5610 -0.7060 0.4323
vn 0.6478 -0.7618 -0.0000
vn 0.6397 -0.7489 0.1731
vn -0.2005 -0.8796 0.4314
vn 0.7392 -0.6649 0.1072
vn 0.5446 -0.7918 -0.2766
vn 0.6580 -0.7431 -0.1218
vn -0.0957 -0.7592 0.6438
vn 0.7037 -0.6757 -0.2195
vn 0.2230 -0.8486 -0.4797
vn 0.4600 -0.7953 -0.3948
vn 0.2005 -0.8796 0.4314
vn 0.4370 -0.7300 -0.5255
vn 0.0360 -0.8241 -0.5653
vn 0.6765 -0.7150 -0.1764
vn -0.4118 0.2135 0.8859
vn 0.4795 -0.7708 -0.4194
vn 0.6926 -0.7089 0.1335
vn 0.0425 -0.8418 0.5381
vn 0.6926 -0.7089 -0.1335
vn 0.4795 -0.7708 0.4194
vn -0.8854 0.1177 0.4497
vn 0.6765 -0.7150 0.1764
vn 0.0360 -0.8241 0.5653
vn -0.4007 -0.8068 0.4341
vn 0.4285 -0.7826 0.4515
vn -0.4285 -0.7826 0.4515
vn -0.9972 0.0749 -0.0000
vn -0.0360 -0.8241 0.5653
vn -0.6765 -0.7150 0.1764
vn -0.6397 -0.7489 0.1731
vn -0.4795 -0.7708 0.4194
vn -0.6926 -0.7089 -0.1335
vn -0.8854 0.1177 -0.4497
vn -0.6926 -0.7089 0.1335
vn -0.4795 -0.7708 -0.4194
vn -0.6580 -0.7431 -0.1218
vn -0.6765 -0.7150 -0.1764
vn -0.0360 -0.8241 -0.5653
vn -0.4118 0.2135 -0.8859
vn -0.4285 -0.7826 -0.4515
vn -0.2005 -0.8796 -0.4314
vn -0.4600 -0.7953 -0.3948
vn 0.4285 -0.7826 -0.4515
vn 0.4600 -0.7953 0.3948
vn 0.4370 -0.7300 0.5255
vn 0.4118 0.2135 0.8859
vn 0.4960 -0.8310 0.2519
vn 0.6580 -0.7431 0.1218
vn 0.7037 -0.6757 0.2195
vn 0.8854 0.1177 0.4497
vn 0.5937 -0.8047 -0.0000
vn 0.6397 -0.7489 -0.1731
vn 0.7392 -0.6649 -0.1072
vn 0.9972 0.0749 -0.0000
vn 0.4960 -0.8310 -0.2519
vn 0.4007 -0.8068 -0.4341
vn 0.5610 -0.7060 -0.4323
vn 0.8854 0.1177 -0.4497
vn 0.2005 -0.8796 -0.4314
vn -0.0425 -0.8418 -0.5381
vn 0.0957 -0.7592 -0.6438
vn 0.4118 0.2135 -0.8859
vn 0.4363 0.7958 -0.4198
vn 0.6562 0.7397 -0.1490
vn 0.6562 0.7397 0.1490
vn 0.4363 0.7958 0.4198
vn -0.0000 0.8377 0.5462
vn -0.4363 0.7958 0.4198
vn -0.6562 0.7397 0.1490
vn -0.6562 0.7397 -0.1490
vn -0.4363 0.7958 -0.4198
vn -0.0000 0.8377 -0.5462
vt 0.750000 0.490000
vt -0.000000 0.500000
vt 1.000000 0.500000
vt 0.250000 0.490000
vt 1.000000 1.000000
vt -0.000000 1.000000
vt 0.891068 0.444164
vt 0.900000 0.500000
vt 0.391068 0.444164
vt 0.900000 1.000000
vt 0.978254 0.324164
vt 0.800000 0.500000
vt 0.478254 0.324164
vt 0.800000 1.000000
vt 0.978254 0.175836
vt 0.700000 0.500000
vt 0.478254 0.175836
vt 0.700000 1.000000
vt 0.891068 0.055836
vt 0.600000 0.500000
vt 0.391068 0.055836
vt 0.600000 1.000000
vt 0.750000 0.010000
vt 0.500000 0.500000
vt 0.250000 0.010000
vt 0.500000 1.000000
vt 0.608932 0.055836
vt 0.400000 0.500000
vt 0.108932 0.055836
vt 0.400000 1.000000
vt 0.521746 0.175836
vt 0.300000 0.500000
vt 0.021746 0.175836
vt 0.300000 1.000000
vt 0.521746 0.324164
vt 0.200000 0.500000
vt 0.021746 0.324164
vt 0.200000 1.000000
vt 0.608932 0.444164
vt 0.100000 0.500000
vt 0.108932 0.444164
vt 0.100000 1.000000
vt -0.000000 0.600000
vt 1.000000 0.600000
vt -0.000000 0.700000
vt 1.000000 0.700000
vt -0.000000 0.800000
vt 1.000000 0.800000
vt 1.000000 0.900000
vt -0.000000 0.900000
vt 0.900000 0.900000
vt 0.900000 0.800000
vt 0.900000 0.700000
vt 0.900000 0.600000
vt 0.800000 0.900000
vt 0.800000 0.800000
vt 0.800000 0.700000
vt 0.800000 0.600000
vt 0.700000 0.900000
vt 0.700000 0.800000
vt 0.700000 0.700000
vt 0.700000 0.600000
vt 0.600000 0.900000
vt 0.600000 0.800000
vt 0.600000 0.700000
vt 0.600000 0.600000
vt 0.500000 0.900000
vt 0.500000 0.800000
vt 0.500000 0.700000
vt 0.500000 0.600000
vt 0.400000 0.900000
vt 0.400000 0.800000
vt 0.400000 0.700000
vt 0.400000 0.600000
vt 0.300000 0.900000
vt 0.300000 0.800000
vt 0.300000 0.700000
vt 0.300000 0.600000
vt 0.200000 0.900000
vt 0.200000 0.800000
vt 0.200000 0.700000
vt 0.200000 0.600000
vt 0.100000 0.900000
vt 0.100000 0.800000
vt 0.100000 0.700000
vt 0.100000 0.600000
vt 0.050000 0.700000
vt 0.050000 0.800000
vt 0.150000 0.700000
vt 0.150000 0.800000
vt 0.250000 0.700000
vt 0.250000 0.800000
vt 0.350000 0.700000
vt 0.350000 0.800000
vt 0.450000 0.700000
vt 0.450000 0.800000
vt 0.550000 0.700000
vt 0.550000 0.800000
vt 0.650000 0.700000
vt 0.650000 0.800000
vt 0.750000 0.700000
vt 0.750000 0.800000
vt 0.850000 0.700000
vt 0.850000 0.800000
vt 0.950000 0.700000
vt 0.950000 0.800000
s 0
usemtl Diamond
f 2/5/1 25/51/1 24/49/1
f 4/10/2 29/55/2 25/51/2
f 6/14/3 33/59/3 29/55/3
f 8/18/4 37/63/4 33/59/4
f 10/22/5 41/67/5 37/63/5
f 12/26/6 45/71/6 41/67/6
f 14/30/7 49/75/7 45/71/7
f 16/34/8 53/79/8 49/75/8
f 4/9/9 2/4/9 20/41/9 18/37/9 16/33/9 14/29/9 12/25/9 10/21/9 8/17/9 6/13/9
f 18/38/10 57/83/10 53/79/10
f 20/42/11 24/50/11 57/83/11
f 1/1/12 3/7/12 5/11/12 7/15/12 9/19/12 11/23/12 13/27/12 15/31/12 17/35/12 19/39/12
f 19/40/13 60/86/13 21/43/13 1/2/13
f 61/87/14 22/45/14 21/43/14
f 62/88/15 58/84/15 57/83/15
f 24/50/16 23/47/16 62/88/16
f 17/36/17 56/82/17 60/86/17 19/40/17
f 63/89/18 59/85/18 60/86/18
f 60/86/19 56/82/19 63/89/19
f 57/83/20 58/84/20 64/90/20
f 15/32/21 52/78/21 56/82/21 17/36/21
f 65/91/22 55/81/22 56/82/22
f 64/90/23 54/80/23 53/79/23
f 53/79/24 54/80/24 66/92/24
f 13/28/25 48/74/25 52/78/25 15/32/25
f 67/93/26 51/77/26 52/78/26
f 56/82/27 52/78/27 65/91/27
f 49/75/28 50/76/28 68/94/28
f 11/24/29 44/70/29 48/74/29 13/28/29
f 69/95/30 47/73/30 48/74/30
f 66/92/31 50/76/31 49/75/31
f 45/71/32 46/72/32 70/96/32
f 9/20/33 40/66/33 44/70/33 11/24/33
f 71/97/34 43/69/34 44/70/34
f 52/78/35 48/74/35 67/93/35
f 41/67/36 42/68/36 72/98/36
f 7/16/37 36/62/37 40/66/37 9/20/37
f 73/99/38 39/65/38 40/66/38
f 68/94/39 46/72/39 45/71/39
f 37/63/40 38/64/40 74/100/40
f 5/12/41 32/58/41 36/62/41 7/16/41
f 75/101/42 35/61/42 36/62/42
f 48/74/43 44/70/43 69/95/43
f 33/59/44 34/60/44 76/102/44
f 3/8/45 28/54/45 32/58/45 5/12/45
f 77/103/46 31/57/46 32/58/46
f 70/96/47 42/68/47 41/67/47
f 29/55/48 30/56/48 78/104/48
f 1/3/49 21/44/49 28/54/49 3/8/49
f 79/105/50 27/53/50 28/54/50
f 44/70/51 40/66/51 71/97/51
f 25/51/52 26/52/52 80/106/52
f 23/48/53 80/106/53 79/105/53 22/46/53
f 77/103/54 78/104/54 30/56/54 31/57/54
f 41/67/55 45/71/55 70/96/55
f 27/53/56 26/52/56 78/104/56 77/103/56
f 75/101/57 76/102/57 34/60/57 35/61/57
f 44/70/58 43/69/58 69/95/58
f 31/57/59 30/56/59 76/102/59 75/101/59
f 73/99/60 74/100/60 38/64/60 39/65/60
f 45/71/61 49/75/61 68/94/61
f 35/61/62 34/60/62 74/100/62 73/99/62
f 71/97/63 72/98/63 42/68/63 43/69/63
f 48/74/64 47/73/64 67/93/64
f 39/65/65 38/64/65 72/98/65 71/97/65
f 69/95/66 70/96/66 46/72/66 47/73/66
f 49/75/67 53/79/67 66/92/67
f 43/69/68 42/68/68 70/96/68 69/95/68
f 67/93/69 68/94/69 50/76/69 51/77/69
f 52/78/70 51/77/70 65/91/70
f 47/73/71 46/72/71 68/94/71 67/93/71
f 65/91/72 66/92/72 54/80/72 55/81/72
f 53/79/73 57/83/73 64/90/73
f 51/77/74 50/76/74 66/92/74 65/91/74
f 63/89/75 64/90/75 58/84/75 59/85/75
f 56/82/76 55/81/76 63/89/76
f 55/81/77 54/80/77 64/90/77 63/89/77
f 61/87/78 62/88/78 23/47/78 22/45/78
f 57/83/79 24/50/79 62/88/79
f 59/85/80 58/84/80 62/88/80 61/87/80
f 21/43/81 60/86/81 61/87/81
f 60/86/82 59/85/82 61/87/82
f 79/105/83 80/106/83 26/52/83 27/53/83
f 40/66/84 39/65/84 71/97/84
f 72/98/85 38/64/85 37/63/85
f 37/63/86 41/67/86 72/98/86
f 40/66/87 36/62/87 73/99/87
f 36/62/88 35/61/88 73/99/88
f 74/100/89 34/60/89 33/59/89
f 33/59/90 37/63/90 74/100/90
f 36/62/91 32/58/91 75/101/91
f 32/58/92 31/57/92 75/101/92
f 76/102/93 30/56/93 29/55/93
f 29/55/94 33/59/94 76/102/94
f 32/58/95 28/54/95 77/103/95
f 28/54/96 27/53/96 77/103/96
f 78/104/97 26/52/97 25/51/97
f 25/51/98 29/55/98 78/104/98
f 28/54/99 21/44/99 79/105/99
f 21/44/100 22/46/100 79/105/100
f 80/106/101 23/48/101 24/49/101
f 24/49/102 25/51/102 80/106/102
f 2/5/103 4/10/103 25/51/103
f 4/10/104 6/14/104 29/55/104
f 6/14/105 8/18/105 33/59/105
f 8/18/106 10/22/106 37/63/106
f 10/22/107 12/26/107 41/67/107
f 12/26/108 14/30/108 45/71/108
f 14/30/109 16/34/109 49/75/109
f 16/34/110 18/38/110 53/79/110
f 18/38/111 20/42/111 57/83/111
f 20/42/112 2/6/112 24/50/112
o Round_diamond
v 0.266831 0.028240 -3.336469
v 0.538146 2.028240 -4.134023
v 0.288855 0.028240 -3.329313
v 0.977144 2.028240 -3.815072
v 0.302467 0.028240 -3.310578
v 1.144827 2.028240 -3.298999
v 0.302467 0.028240 -3.287420
v 0.977144 2.028240 -2.782926
v 0.288855 0.028240 -3.268685
v 0.538146 2.028240 -2.463976
v 0.266831 0.028240 -3.261529
v -0.004485 2.028240 -2.463976
v 0.244806 0.028240 -3.268685
v -0.443483 2.028240 -2.782926
v 0.231195 0.028240 -3.287420
v -0.611165 2.028240 -3.298999
v 0.231195 0.028240 -3.310578
v -0.443483 2.028240 -3.815072
v 0.244806 0.028240 -3.329313
v -0.004485 2.028240 -4.134023
v 0.266831 0.428240 -3.814376
v 0.266831 0.827316 -4.199687
v 0.266831 1.440110 -4.891943
v 0.266831 1.508509 -5.019983
v 1.278400 1.508509 -4.691305
v 1.197116 1.440110 -4.587718
v 0.796242 0.827316 -4.027671
v 0.569762 0.428240 -3.715948
v 1.903584 1.508509 -3.830813
v 1.772064 1.440110 -3.791246
v 1.123435 0.827316 -3.577327
v 0.756983 0.428240 -3.458260
v 1.903584 1.508509 -2.767186
v 1.772064 1.440110 -2.806753
v 1.123435 0.827316 -3.020672
v 0.756983 0.428240 -3.139739
v 1.278400 1.508509 -1.906694
v 1.197116 1.440110 -2.010281
v 0.796242 0.827316 -2.570328
v 0.569762 0.428240 -2.882051
v 0.266831 1.508509 -1.578015
v 0.266831 1.440110 -1.706056
v 0.266831 0.827316 -2.398312
v 0.266831 0.428240 -2.783623
v -0.744738 1.508509 -1.906694
v -0.663454 1.440110 -2.010281
v -0.262580 0.827316 -2.570328
v -0.036100 0.428240 -2.882051
v -1.369922 1.508509 -2.767186
v -1.238402 1.440110 -2.806753
v -0.589774 0.827316 -3.020672
v -0.223322 0.428240 -3.139739
v -1.369922 1.508509 -3.830813
v -1.238402 1.440110 -3.791246
v -0.589774 0.827316 -3.577327
v -0.223322 0.428240 -3.458260
v -0.744738 1.508509 -4.691305
v -0.663454 1.440110 -4.587718
v -0.262580 0.827316 -4.027671
v -0.036100 0.428240 -3.715948
v -0.022498 0.810559 -4.189463
v -0.241580 1.469555 -4.873860
v -0.490642 0.810559 -3.849336
v -1.064207 1.469555 -4.272317
v -0.669458 0.810559 -3.298999
v -1.378423 1.469555 -3.298999
v -0.490642 0.810559 -2.748663
v -1.064207 1.469555 -2.325682
v -0.022498 0.810559 -2.408536
v -0.241580 1.469555 -1.724139
v 0.556160 0.810559 -2.408536
v 0.775242 1.469555 -1.724139
v 1.024304 0.810559 -2.748663
v 1.597869 1.469555 -2.325682
v 1.203119 0.810559 -3.298999
v 1.912084 1.469555 -3.298999
v 1.024304 0.810559 -3.849336
v 1.597869 1.469555 -4.272317
v 0.556160 0.810559 -4.189463
v 0.775242 1.469555 -4.873860
vn 0.1746 0.8250 -0.5375
vn 0.4572 0.8250 -0.3322
vn 0.5651 0.8250 -0.0000
vn 0.4572 0.8250 0.3322
vn 0.1746 0.8250 0.5375
vn -0.1746 0.8250 0.5375
vn -0.4572 0.8250 0.3322
vn -0.5651 0.8250 -0.0000
vn -0.0000 1.0000 -0.0000
vn -0.4572 0.8250 -0.3322
vn -0.1746 0.8250 -0.5375
vn -0.0000 -1.0000 -0.0000
vn -0.2042 -0.7507 -0.6283
vn 0.0148 -0.6945 -0.7193
vn -0.2182 -0.8843 -0.4127
vn -0.0677 -0.8800 -0.4701
vn -0.5345 -0.7507 -0.3883
vn -0.4108 -0.6945 -0.5906
vn -0.5264 -0.7593 -0.3825
vn -0.3250 -0.8862 -0.3302
vn -0.6607 -0.7507 -0.0000
vn -0.6795 -0.6945 -0.2364
vn -0.4038 -0.8925 -0.2008
vn -0.4429 -0.8936 -0.0725
vn -0.5345 -0.7507 0.3883
vn -0.6887 -0.6945 0.2082
vn -0.6507 -0.7593 -0.0000
vn -0.4038 -0.8925 0.2008
vn -0.2042 -0.7507 0.6283
vn -0.4348 -0.6945 0.5732
vn -0.4429 -0.8936 0.0725
vn -0.2182 -0.8843 0.4127
vn 0.2042 -0.7507 0.6283
vn -0.0148 -0.6945 0.7193
vn -0.5264 -0.7593 0.3825
vn 0.0677 -0.8800 0.4701
vn 0.5345 -0.7507 0.3883
vn 0.4108 -0.6945 0.5906
vn -0.3250 -0.8862 0.3302
vn 0.3250 -0.8862 0.3302
vn 0.6607 -0.7507 -0.0000
vn 0.6795 -0.6945 0.2364
vn -0.2011 -0.7593 0.6189
vn 0.4429 -0.8936 0.0725
vn 0.5345 -0.7507 -0.3883
vn 0.6887 -0.6945 -0.2082
vn -0.0677 -0.8800 0.4701
vn 0.4038 -0.8925 -0.2008
vn 0.2042 -0.7507 -0.6283
vn 0.4348 -0.6945 -0.5732
vn 0.2011 -0.7593 0.6189
vn 0.2182 -0.8843 -0.4127
vn 0.0357 -0.7369 -0.6751
vn 0.6357 -0.7327 -0.2431
vn -0.2801 0.4221 0.8622
vn 0.4280 -0.7347 -0.5263
vn 0.6582 -0.7321 0.1756
vn 0.0148 -0.6945 0.7193
vn 0.6582 -0.7321 -0.1756
vn 0.4280 -0.7347 0.5263
vn -0.7721 0.2984 0.5610
vn 0.6357 -0.7327 0.2431
vn 0.0357 -0.7369 0.6751
vn -0.4108 -0.6945 0.5906
vn 0.3699 -0.7356 0.5675
vn -0.3699 -0.7356 0.5675
vn -0.9770 0.2132 -0.0000
vn -0.0357 -0.7369 0.6751
vn -0.6357 -0.7327 0.2431
vn -0.6795 -0.6945 0.2364
vn -0.4280 -0.7347 0.5263
vn -0.6582 -0.7321 -0.1756
vn -0.7721 0.2984 -0.5610
vn -0.6582 -0.7321 0.1756
vn -0.4280 -0.7347 -0.5263
vn -0.6887 -0.6945 -0.2082
vn -0.6357 -0.7327 -0.2431
vn -0.0357 -0.7369 -0.6751
vn -0.2801 0.4221 -0.8622
vn -0.3699 -0.7356 -0.5675
vn -0.2011 -0.7593 -0.6189
vn -0.4348 -0.6945 -0.5732
vn 0.3699 -0.7356 -0.5675
vn 0.4348 -0.6945 0.5732
vn 0.2182 -0.8843 0.4127
vn 0.2801 0.4221 0.8622
vn 0.5264 -0.7593 0.3825
vn 0.6887 -0.6945 0.2082
vn 0.4038 -0.8925 0.2008
vn 0.7721 0.2984 0.5610
vn 0.6507 -0.7593 -0.0000
vn 0.6795 -0.6945 -0.2364
vn 0.4429 -0.8936 -0.0725
vn 0.9770 0.2132 -0.0000
vn 0.5264 -0.7593 -0.3825
vn 0.4108 -0.6945 -0.5906
vn 0.3250 -0.8862 -0.3302
vn 0.7721 0.2984 -0.5610
vn 0.2011 -0.7593 -0.6189
vn -0.0148 -0.6945 -0.7193
vn 0.0677 -0.8800 -0.4701
vn 0.2801 0.4221 -0.8622
vn 0.2974 0.8625 -0.4094
vn 0.4812 0.8625 -0.1564
vn 0.4812 0.8625 0.1564
vn 0.2974 0.8625 0.4094
vn -0.0000 0.8625 0.5060
vn -0.2974 0.8625 0.4094
vn -0.4812 0.8625 0.1564
vn -0.4812 0.8625 -0.1564
vn -0.2974 0.8625 -0.4094
vn -0.0000 0.8625 -0.5060
vt 0.750000 0.490000
vt -0.000000 0.500000
vt 1.000000 0.500000
vt 0.250000 0.490000
vt 1.000000 1.000000
vt -0.000000 1.000000
vt 0.891068 0.444164
vt 0.900000 0.500000
vt 0.391068 0.444164
vt 0.900000 1.000000
vt 0.978254 0.324164
vt 0.800000 0.500000
vt 0.478254 0.324164
vt 0.800000 1.000000
vt 0.978254 0.175836
vt 0.700000 0.500000
vt 0.478254 0.175836
vt 0.700000 1.000000
vt 0.891068 0.055836
vt 0.600000 0.500000
vt 0.391068 0.055836
vt 0.600000 1.000000
vt 0.750000 0.010000
vt 0.500000 0.500000
vt 0.250000 0.010000
vt 0.500000 1.000000
vt 0.608932 0.055836
vt 0.400000 0.500000
vt 0.108932 0.055836
vt 0.400000 1.000000
vt 0.521746 0.175836
vt 0.300000 0.500000
vt 0.021746 0.175836
vt 0.300000 1.000000
vt 0.521746 0.324164
vt 0.200000 0.500000
vt 0.021746 0.324164
vt 0.200000 1.000000
vt 0.608932 0.444164
vt 0.100000 0.500000
vt 0.108932 0.444164
vt 0.100000 1.000000
vt -0.000000 0.600000
vt 1.000000 0.600000
vt -0.000000 0.700000
vt 1.000000 0.700000
vt -0.000000 0.800000
vt 1.000000 0.800000
vt 1.000000 0.900000
vt -0.000000 0.900000
vt 0.900000 0.900000
vt 0.900000 0.800000
vt 0.900000 0.700000
vt 0.900000 0.600000
vt 0.800000 0.900000
vt 0.800000 0.800000
vt 0.800000 0.700000
vt 0.800000 0.600000
vt 0.700000 0.900000
vt 0.700000 0.800000
vt 0.700000 0.700000
vt 0.700000 0.600000
vt 0.600000 0.900000
vt 0.600000 0.800000
vt 0.600000 0.700000
vt 0.600000 0.600000
vt 0.500000 0.900000
vt 0.500000 0.800000
vt 0.500000 0.700000
vt 0.500000 0.600000
vt 0.400000 0.900000
vt 0.400000 0.800000
vt 0.400000 0.700000
vt 0.400000 0.600000
vt 0.300000 0.900000
vt 0.300000 0.800000
vt 0.300000 0.700000
vt 0.300000 0.600000
vt 0.200000 0.900000
vt 0.200000 0.800000
vt 0.200000 0.700000
vt 0.200000 0.600000
vt 0.100000 0.900000
vt 0.100000 0.800000
vt 0.100000 0.700000
vt 0.100000 0.600000
vt 0.050000 0.700000
vt 0.050000 0.800000
vt 0.150000 0.700000
vt 0.150000 0.800000
vt 0.250000 0.700000
vt 0.250000 0.800000
vt 0.350000 0.700000
vt 0.350000 0.800000
vt 0.450000 0.700000
vt 0.450000 0.800000
vt 0.550000 0.700000
vt 0.550000 0.800000
vt 0.650000 0.700000
vt 0.650000 0.800000
vt 0.750000 0.700000
vt 0.750000 0.800000
vt 0.850000 0.700000
vt 0.850000 0.800000
vt 0.950000 0.700000
vt 0.950000 0.800000
s 0
usemtl Diamond
f 82/111/113 105/157/113 104/155/113
f 84/116/114 109/161/114 105/157/114
f 86/120/115 113/165/115 109/161/115
f 88/124/116 117/169/116 113/165/116
f 90/128/117 121/173/117 117/169/117
f 92/132/118 125/177/118 121/173/118
f 94/136/119 129/181/119 125/177/119
f 96/140/120 133/185/120 129/181/120
f 84/115/121 82/110/121 100/147/121 98/143/121 96/139/121 94/135/121 92/131/121 90/127/121 88/123/121 86/119/121
f 98/144/122 137/189/122 133/185/122
f 100/148/123 104/156/123 137/189/123
f 81/107/124 83/113/124 85/117/124 87/121/124 89/125/124 91/129/124 93/133/124 95/137/124 97/141/124 99/145/124
f 99/146/125 140/192/125 101/149/125 81/108/125
f 141/193/126 102/151/126 101/149/126
f 142/194/127 138/190/127 137/189/127
f 104/156/128 103/153/128 142/194/128
f 97/142/129 136/188/129 140/192/129 99/146/129
f 143/195/130 139/191/130 140/192/130
f 140/192/131 136/188/131 143/195/131
f 137/189/132 138/190/132 144/196/132
f 95/138/133 132/184/133 136/188/133 97/142/133
f 145/197/134 135/187/134 136/188/134
f 144/196/135 134/186/135 133/185/135
f 133/185/136 134/186/136 146/198/136
f 93/134/137 128/180/137 132/184/137 95/138/137
f 147/199/138 131/183/138 132/184/138
f 136/188/139 132/184/139 145/197/139
f 129/181/140 130/182/140 148/200/140
f 91/130/141 124/176/141 128/180/141 93/134/141
f 149/201/142 127/179/142 128/180/142
f 146/198/143 130/182/143 129/181/143
f 125/177/144 126/178/144 150/202/144
f 89/126/145 120/172/145 124/176/145 91/130/145
f 151/203/146 123/175/146 124/176/146
f 132/184/147 128/180/147 147/199/147
f 121/173/148 122/174/148 152/204/148
f 87/122/149 116/168/149 120/172/149 89/126/149
f 153/205/150 119/171/150 120/172/150
f 148/200/151 126/178/151 125/177/151
f 117/169/152 118/170/152 154/206/152
f 85/118/153 112/164/153 116/168/153 87/122/153
f 155/207/154 115/167/154 116/168/154
f 128/180/155 124/176/155 149/201/155
f 113/165/156 114/166/156 156/208/156
f 83/114/157 108/160/157 112/164/157 85/118/157
f 157/209/158 111/163/158 112/164/158
f 150/202/159 122/174/159 121/173/159
f 109/161/160 110/162/160 158/210/160
f 81/109/161 101/150/161 108/160/161 83/114/161
f 159/211/162 107/159/162 108/160/162
f 124/176/163 120/172/163 151/203/163
f 105/157/164 106/158/164 160/212/164
f 103/154/165 160/212/165 159/211/165 102/152/165
f 157/209/166 158/210/166 110/162/166 111/163/166
f 121/173/167 125/177/167 150/202/167
f 107/159/168 106/158/168 158/210/168 157/209/168
f 155/207/169 156/208/169 114/166/169 115/167/169
f 124/176/170 123/175/170 149/201/170
f 111/163/171 110/162/171 156/208/171 155/207/171
f 153/205/172 154/206/172 118/170/172 119/171/172
f 125/177/173 129/181/173 148/200/173
f 115/167/174 114/166/174 154/206/174 153/205/174
f 151/203/175 152/204/175 122/174/175 123/175/175
f 128/180/176 127/179/176 147/199/176
f 119/171/177 118/170/177 152/204/177 151/203/177
f 149/201/178 150/202/178 126/178/178 127/179/178
f 129/181/179 133/185/179 146/198/179
f 123/175/180 122/174/180 150/202/180 149/201/180
f 147/199/181 148/200/181 130/182/181 131/183/181
f 132/184/182 131/183/182 145/197/182
f 127/179/183 126/178/183 148/200/183 147/199/183
f 145/197/184 146/198/184 134/186/184 135/187/184
f 133/185/185 137/189/185 144/196/185
f 131/183/186 130/182/186 146/198/186 145/197/186
f 143/195/187 144/196/187 138/190/187 139/191/187
f 136/188/188 135/187/188 143/195/188
f 135/187/189 134/186/189 144/196/189 143/195/189
f 141/193/190 142/194/190 103/153/190 102/151/190
f 137/189/191 104/156/191 142/194/191
f 139/191/192 138/190/192 142/194/192 141/193/192
f 101/149/193 140/192/193 141/193/193
f 140/192/194 139/191/194 141/193/194
f 159/211/195 160/212/195 106/158/195 107/159/195
f 120/172/196 119/171/196 151/203/196
f 152/204/197 118/170/197 117/169/197
f 117/169/198 121/173/198 152/204/198
f 120/172/199 116/168/199 153/205/199
f 116/168/200 115/167/200 153/205/200
f 154/206/201 114/166/201 113/165/201
f 113/165/202 117/169/202 154/206/202
f 116/168/203 112/164/203 155/207/203
f 112/164/204 111/163/204 155/207/204
f 156/208/205 110/162/205 109/161/205
f 109/161/206 113/165/206 156/208/206
f 112/164/207 108/160/207 157/209/207
f 108/160/208 107/159/208 157/209/208
f 158/210/209 106/158/209 105/157/209
f 105/157/210 109/161/210 158/210/210
f 108/160/211 101/150/211 159/211/211
f 101/150/212 102/152/212 159/211/212
f 160/212/213 103/154/213 104/155/213
f 104/155/214 105/157/214 160/212/214
f 82/111/215 84/116/215 105/157/215
f 84/116/216 86/120/216 109/161/216
f 86/120/217 88/124/217 113/165/217
f 88/124/218 90/128/218 117/169/218
f 90/128/219 92/132/219 121/173/219
f 92/132/220 94/136/220 125/177/220
f 94/136/221 96/140/221 129/181/221
f 96/140/222 98/144/222 133/185/222
f 98/144/223 100/148/223 137/189/223
f 100/148/224 82/112/224 104/156/224
o Plane
v -13.776824 0.000000 15.338858
v 15.265294 0.000000 15.338858
v -13.776824 0.000000 -6.967667
v 15.265294 0.000000 -6.967667
vn -0.0000 1.0000 -0.0000
vt 0.000000 0.000000
vt 1.000000 0.000000
vt 0.000000 1.000000
vt 1.000000 1.000000
s 0
usemtl Plane
f 161/213/225 162/214/225 164/216/225 163/215/225
o Marquise_diamond
v 7.328849 -0.033735 -3.464492
v 7.554853 1.398862 -4.638011
v 7.341499 -0.033735 -3.457336
v 7.920537 1.398862 -4.175455
v 7.349318 -0.033735 -3.438601
v 8.060215 1.398862 -3.427022
v 7.349318 -0.033735 -3.415443
v 7.920537 1.398862 -2.678589
v 7.341499 -0.033735 -3.396708
v 7.554853 1.398862 -2.216033
v 7.328849 -0.033735 -3.389552
v 7.102845 1.398862 -2.216033
v 7.316199 -0.033735 -3.396708
v 6.737162 1.398862 -2.678589
v 7.308380 -0.033735 -3.415443
v 6.597484 1.398862 -3.427022
v 7.308380 -0.033735 -3.438601
v 6.737162 1.398862 -4.175455
v 7.316199 -0.033735 -3.457336
v 7.102845 1.398862 -4.638011
v 7.328849 0.366265 -4.172125
v 7.328849 0.727870 -4.737753
v 7.328849 0.924211 -5.204214
v 7.328849 1.035759 -5.436350
v 7.925705 1.035759 -4.857259
v 7.877745 0.924211 -4.750850
v 7.771369 0.727870 -4.487426
v 7.580406 0.366265 -4.029823
v 8.294582 1.035759 -3.973324
v 8.216982 0.924211 -3.932679
v 8.044862 0.727870 -3.832060
v 7.735876 0.366265 -3.657271
v 8.294582 1.035759 -2.880720
v 8.216982 0.924211 -2.921365
v 8.044862 0.727870 -3.021984
v 7.735876 0.366265 -3.196772
v 7.925705 1.035759 -1.996785
v 7.877745 0.924211 -2.103194
v 7.771369 0.727870 -2.366618
v 7.580406 0.366265 -2.824221
v 7.328849 1.035759 -1.462967
v 7.328849 0.924211 -1.695103
v 7.328849 0.727870 -2.116291
v 7.328849 0.366265 -2.681919
v 6.731993 1.035759 -1.996785
v 6.779953 0.924211 -2.103194
v 6.886329 0.727870 -2.366618
v 7.077292 0.366265 -2.824221
v 6.363116 1.035759 -2.880720
v 6.440717 0.924211 -2.921365
v 6.612837 0.727870 -3.021984
v 6.921822 0.366265 -3.196772
v 6.363116 1.035759 -3.973324
v 6.440717 0.924211 -3.932679
v 6.612837 0.727870 -3.832060
v 6.921822 0.366265 -3.657271
v 6.731993 1.035759 -4.857259
v 6.779953 0.924211 -4.750850
v 6.886329 0.727870 -4.487426
v 7.077292 0.366265 -4.029823
v 7.087007 0.703484 -4.722874
v 7.028872 0.954459 -5.185638
v 6.695698 0.703484 -4.227902
v 6.543497 0.954459 -4.426856
v 6.546231 0.703484 -3.427022
v 6.358100 0.954459 -3.427022
v 6.695698 0.703484 -2.626141
v 6.543497 0.954459 -2.427187
v 7.087007 0.703484 -2.131170
v 7.028872 0.954459 -1.713679
v 7.570691 0.703484 -2.131170
v 7.628827 0.954459 -1.713679
v 7.962000 0.703484 -2.626141
v 8.114202 0.954459 -2.427187
v 8.111467 0.703484 -3.427022
v 8.299598 0.954459 -3.427022
v 7.962000 0.703484 -4.227903
v 8.114202 0.954459 -4.426857
v 7.570691 0.703484 -4.722874
v 7.628827 0.954459 -5.185638
vn 0.4582 0.7531 -0.4722
vn 0.7432 0.5929 -0.3101
vn 0.8402 0.5423 -0.0000
vn 0.7432 0.5929 0.3101
vn 0.4416 0.7491 0.4937
vn -0.4416 0.7491 0.4937
vn -0.7432 0.5929 0.3101
vn -0.8402 0.5423 -0.0000
vn -0.0000 1.0000 -0.0000
vn -0.7432 0.5929 -0.3101
vn -0.4582 0.7531 -0.4722
vn -0.0000 -1.0000 -0.0000
vn -0.2682 -0.8387 -0.4741
vn 0.0517 -0.8414 -0.5379
vn -0.6313 -0.6600 -0.4073
vn -0.1169 -0.8952 -0.4301
vn -0.6200 -0.7407 -0.2588
vn -0.4699 -0.7774 -0.4182
vn -0.5708 -0.7858 -0.2382
vn -0.6362 -0.6579 -0.4029
vn -0.7191 -0.6949 -0.0000
vn -0.7116 -0.6845 -0.1582
vn -0.7696 -0.6073 -0.1972
vn -0.8005 -0.5917 -0.0954
vn -0.6200 -0.7407 0.2588
vn -0.7285 -0.6760 0.1108
vn -0.6681 -0.7441 -0.0000
vn -0.7696 -0.6073 0.1972
vn -0.2682 -0.8387 0.4741
vn -0.5334 -0.7577 0.3761
vn -0.8005 -0.5917 0.0954
vn -0.5989 -0.6724 0.4349
vn 0.2682 -0.8387 0.4741
vn -0.0517 -0.8414 0.5379
vn -0.5708 -0.7858 0.2382
vn 0.1169 -0.8952 0.4301
vn 0.6200 -0.7407 0.2588
vn 0.4699 -0.7774 0.4182
vn -0.6362 -0.6579 0.4029
vn 0.6362 -0.6579 0.4029
vn 0.7191 -0.6949 -0.0000
vn 0.7116 -0.6845 0.1582
vn -0.2417 -0.8712 0.4273
vn 0.8005 -0.5917 0.0954
vn 0.6200 -0.7407 -0.2588
vn 0.7285 -0.6760 -0.1108
vn -0.1169 -0.8952 0.4301
vn 0.7696 -0.6073 -0.1972
vn 0.2682 -0.8387 -0.4741
vn 0.5334 -0.7577 -0.3761
vn 0.2417 -0.8712 0.4273
vn 0.6313 -0.6600 -0.4073
vn 0.0364 -0.9013 -0.4316
vn 0.7453 -0.6473 -0.1597
vn -0.6582 0.1592 0.7359
vn 0.5537 -0.7314 -0.3979
vn 0.7598 -0.6390 0.1204
vn 0.0517 -0.8414 0.5379
vn 0.7598 -0.6390 -0.1204
vn 0.5537 -0.7314 0.3979
vn -0.9182 0.1003 0.3832
vn 0.7453 -0.6473 0.1597
vn 0.0385 -0.8828 0.4682
vn -0.4699 -0.7774 0.4182
vn 0.5171 -0.7674 0.3792
vn -0.5171 -0.7674 0.3792
vn -0.9981 0.0616 -0.0000
vn -0.0385 -0.8828 0.4682
vn -0.7453 -0.6473 0.1597
vn -0.7116 -0.6845 0.1582
vn -0.5537 -0.7314 0.3979
vn -0.7598 -0.6390 -0.1204
vn -0.9182 0.1003 -0.3832
vn -0.7598 -0.6390 0.1204
vn -0.5537 -0.7314 -0.3979
vn -0.7285 -0.6760 -0.1108
vn -0.7453 -0.6473 -0.1597
vn -0.0364 -0.9013 -0.4316
vn -0.6560 0.3355 -0.6761
vn -0.5233 -0.7734 -0.3578
vn -0.2417 -0.8712 -0.4273
vn -0.5334 -0.7577 -0.3761
vn 0.5233 -0.7734 -0.3578
vn 0.5334 -0.7577 0.3761
vn 0.5989 -0.6724 0.4349
vn 0.6582 0.1591 0.7359
vn 0.5708 -0.7858 0.2382
vn 0.7285 -0.6760 0.1108
vn 0.7696 -0.6073 0.1972
vn 0.9182 0.1003 0.3832
vn 0.6681 -0.7441 -0.0000
vn 0.7116 -0.6845 -0.1582
vn 0.8005 -0.5917 -0.0954
vn 0.9981 0.0616 -0.0000
vn 0.5708 -0.7858 -0.2382
vn 0.4699 -0.7774 -0.4182
vn 0.6362 -0.6579 -0.4029
vn 0.9182 0.1003 -0.3832
vn 0.2417 -0.8712 -0.4273
vn -0.0517 -0.8414 -0.5379
vn 0.1169 -0.8952 -0.4301
vn 0.6560 0.3355 -0.6761
vn 0.5083 0.7617 -0.4018
vn 0.7269 0.6733 -0.1357
vn 0.7269 0.6733 0.1357
vn 0.5083 0.7617 0.4018
vn -0.0000 0.9008 0.4343
vn -0.5083 0.7617 0.4018
vn -0.7269 0.6733 0.1357
vn -0.7269 0.6733 -0.1357
vn -0.5083 0.7617 -0.4018
vn -0.0000 0.9103 -0.4140
vt 0.750000 0.490000
vt -0.000000 0.500000
vt 1.000000 0.500000
vt 0.250000 0.490000
vt 1.000000 1.000000
vt -0.000000 1.000000
vt 0.891068 0.444164
vt 0.900000 0.500000
vt 0.391068 0.444164
vt 0.900000 1.000000
vt 0.978254 0.324164
vt 0.800000 0.500000
vt 0.478254 0.324164
vt 0.800000 1.000000
vt 0.978254 0.175836
vt 0.700000 0.500000
vt 0.478254 0.175836
vt 0.700000 1.000000
vt 0.891068 0.055836
vt 0.600000 0.500000
vt 0.391068 0.055836
vt 0.600000 1.000000
vt 0.750000 0.010000
vt 0.500000 0.500000
vt 0.250000 0.010000
vt 0.500000 1.000000
vt 0.608932 0.055836
vt 0.400000 0.500000
vt 0.108932 0.055836
vt 0.400000 1.000000
vt 0.521746 0.175836
vt 0.300000 0.500000
vt 0.021746 0.175836
vt 0.300000 1.000000
vt 0.521746 0.324164
vt 0.200000 0.500000
vt 0.021746 0.324164
vt 0.200000 1.000000
vt 0.608932 0.444164
vt 0.100000 0.500000
vt 0.108932 0.444164
vt 0.100000 1.000000
vt -0.000000 0.600000
vt 1.000000 0.600000
vt -0.000000 0.700000
vt 1.000000 0.700000
vt -0.000000 0.800000
vt 1.000000 0.800000
vt 1.000000 0.900000
vt -0.000000 0.900000
vt 0.900000 0.900000
vt 0.900000 0.800000
vt 0.900000 0.700000
vt 0.900000 0.600000
vt 0.800000 0.900000
vt 0.800000 0.800000
vt 0.800000 0.700000
vt 0.800000 0.600000
vt 0.700000 0.900000
vt 0.700000 0.800000
vt 0.700000 0.700000
vt 0.700000 0.600000
vt 0.600000 0.900000
vt 0.600000 0.800000
vt 0.600000 0.700000
vt 0.600000 0.600000
vt 0.500000 0.900000
vt 0.500000 0.800000
vt 0.500000 0.700000
vt 0.500000 0.600000
vt 0.400000 0.900000
vt 0.400000 0.800000
vt 0.400000 0.700000
vt 0.400000 0.600000
vt 0.300000 0.900000
vt 0.300000 0.800000
vt 0.300000 0.700000
vt 0.300000 0.600000
vt 0.200000 0.900000
vt 0.200000 0.800000
vt 0.200000 0.700000
vt 0.200000 0.600000
vt 0.100000 0.900000
vt 0.100000 0.800000
vt 0.100000 0.700000
vt 0.100000 0.600000
vt 0.050000 0.700000
vt 0.050000 0.800000
vt 0.150000 0.700000
vt 0.150000 0.800000
vt 0.250000 0.700000
vt 0.250000 0.800000
vt 0.350000 0.700000
vt 0.350000 0.800000
vt 0.450000 0.700000
vt 0.450000 0.800000
vt 0.550000 0.700000
vt 0.550000 0.800000
vt 0.650000 0.700000
vt 0.650000 0.800000
vt 0.750000 0.700000
vt 0.750000 0.800000
vt 0.850000 0.700000
vt 0.850000 0.800000
vt 0.950000 0.700000
vt 0.950000 0.800000
s 0
usemtl Diamond
f 166/221/226 189/267/226 188/265/226
f 168/226/227 193/271/227 189/267/227
f 170/230/228 197/275/228 193/271/228
f 172/234/229 201/279/229 197/275/229
f 174/238/230 205/283/230 201/279/230
f 176/242/231 209/287/231 205/283/231
f 178/246/232 213/291/232 209/287/232
f 180/250/233 217/295/233 213/291/233
f 168/225/234 166/220/234 184/257/234 182/253/234 180/249/234 178/245/234 176/241/234 174/237/234 172/233/234 170/229/234
f 182/254/235 221/299/235 217/295/235
f 184/258/236 188/266/236 221/299/236
f 165/217/237 167/223/237 169/227/237 171/231/237 173/235/237 175/239/237 177/243/237 179/247/237 181/251/237 183/255/237
f 183/256/238 224/302/238 185/259/238 165/218/238
f 225/303/239 186/261/239 185/259/239
f 226/304/240 222/300/240 221/299/240
f 188/266/241 187/263/241 226/304/241
f 181/252/242 220/298/242 224/302/242 183/256/242
f 227/305/243 223/301/243 224/302/243
f 224/302/244 220/298/244 227/305/244
f 221/299/245 222/300/245 228/306/245
f 179/248/246 216/294/246 220/298/246 181/252/246
f 229/307/247 219/297/247 220/298/247
f 228/306/248 218/296/248 217/295/248
f 217/295/249 218/296/249 230/308/249
f 177/244/250 212/290/250 216/294/250 179/248/250
f 231/309/251 215/293/251 216/294/251
f 220/298/252 216/294/252 229/307/252
f 213/291/253 214/292/253 232/310/253
f 175/240/254 208/286/254 212/290/254 177/244/254
f 233/311/255 211/289/255 212/290/255
f 230/308/256 214/292/256 213/291/256
f 209/287/257 210/288/257 234/312/257
f 173/236/258 204/282/258 208/286/258 175/240/258
f 235/313/259 207/285/259 208/286/259
f 216/294/260 212/290/260 231/309/260
f 205/283/261 206/284/261 236/314/261
f 171/232/262 200/278/262 204/282/262 173/236/262
f 237/315/263 203/281/263 204/282/263
f 232/310/264 210/288/264 209/287/264
f 201/279/265 202/280/265 238/316/265
f 169/228/266 196/274/266 200/278/266 171/232/266
f 239/317/267 199/277/267 200/278/267
f 212/290/268 208/286/268 233/311/268
f 197/275/269 198/276/269 240/318/269
f 167/224/270 192/270/270 196/274/270 169/228/270
f 241/319/271 195/273/271 196/274/271
f 234/312/272 206/284/272 205/283/272
f 193/271/273 194/272/273 242/320/273
f 165/219/274 185/260/274 192/270/274 167/224/274
f 243/321/275 191/269/275 192/270/275
f 208/286/276 204/282/276 235/313/276
f 189/267/277 190/268/277 244/322/277
f 187/264/278 244/322/278 243/321/278 186/262/278
f 241/319/279 242/320/279 194/272/279 195/273/279
f 205/283/280 209/287/280 234/312/280
f 191/269/281 190/268/281 242/320/281 241/319/281
f 239/317/282 240/318/282 198/276/282 199/277/282
f 208/286/283 207/285/283 233/311/283
f 195/273/284 194/272/284 240/318/284 239/317/284
f 237/315/285 238/316/285 202/280/285 203/281/285
f 209/287/286 213/291/286 232/310/286
f 199/277/287 198/276/287 238/316/287 237/315/287
f 235/313/288 236/314/288 206/284/288 207/285/288
f 212/290/289 211/289/289 231/309/289
f 203/281/290 202/280/290 236/314/290 235/313/290
f 233/311/291 234/312/291 210/288/291 211/289/291
f 213/291/292 217/295/292 230/308/292
f 207/285/293 206/284/293 234/312/293 233/311/293
f 231/309/294 232/310/294 214/292/294 215/293/294
f 216/294/295 215/293/295 229/307/295
f 211/289/296 210/288/296 232/310/296 231/309/296
f 229/307/297 230/308/297 218/296/297 219/297/297
f 217/295/298 221/299/298 228/306/298
f 215/293/299 214/292/299 230/308/299 229/307/299
f 227/305/300 228/306/300 222/300/300 223/301/300
f 220/298/301 219/297/301 227/305/301
f 219/297/302 218/296/302 228/306/302 227/305/302
f 225/303/303 226/304/303 187/263/303 186/261/303
f 221/299/304 188/266/304 226/304/304
f 223/301/305 222/300/305 226/304/305 225/303/305
f 185/259/306 224/302/306 225/303/306
f 224/302/307 223/301/307 225/303/307
f 243/321/308 244/322/308 190/268/308 191/269/308
f 204/282/309 203/281/309 235/313/309
f 236/314/310 202/280/310 201/279/310
f 201/279/311 205/283/311 236/314/311
f 204/282/312 200/278/312 237/315/312
f 200/278/313 199/277/313 237/315/313
f 238/316/314 198/276/314 197/275/314
f 197/275/315 201/279/315 238/316/315
f 200/278/316 196/274/316 239/317/316
f 196/274/317 195/273/317 239/317/317
f 240/318/318 194/272/318 193/271/318
f 193/271/319 197/275/319 240/318/319
f 196/274/320 192/270/320 241/319/320
f 192/270/321 191/269/321 241/319/321
f 242/320/322 190/268/322 189/267/322
f 189/267/323 193/271/323 242/320/323
f 192/270/324 185/260/324 243/321/324
f 185/260/325 186/262/325 243/321/325
f 244/322/326 187/264/326 188/265/326
f 188/265/327 189/267/327 244/322/327
f 166/221/328 168/226/328 189/267/328
f 168/226/329 170/230/329 193/271/329
f 170/230/330 172/234/330 197/275/330
f 172/234/331 174/238/331 201/279/331
f 174/238/332 176/242/332 205/283/332
f 176/242/333 178/246/333 209/287/333
f 178/246/334 180/250/334 213/291/334
f 180/250/335 182/254/335 217/295/335
f 182/254/336 184/258/336 221/299/336
f 184/258/337 166/222/337 188/266/337
o Heart_diamond
v -8.017360 0.391923 -3.273976
v -7.552297 1.760117 -4.071529
v -7.995336 0.391923 -3.266819
v -6.991037 1.760117 -3.758541
v -7.981723 0.391923 -3.248085
v -6.912791 1.760117 -3.176881
v -7.981723 0.391923 -3.224926
v -7.241459 1.760117 -2.684658
v -7.995336 0.391923 -3.206192
v -7.935225 1.760117 -2.204721
v -8.017360 0.391923 -3.199035
v -8.099495 1.760117 -2.204721
v -8.039384 0.391923 -3.206192
v -8.793261 1.760117 -2.684658
v -8.052996 0.391923 -3.224926
v -9.121928 1.760117 -3.176881
v -8.052996 0.391923 -3.248085
v -9.043683 1.760117 -3.758541
v -8.039384 0.391923 -3.266819
v -8.482422 1.760117 -4.071529
v -8.017360 0.744223 -3.865377
v -8.017360 1.127545 -4.160757
v -8.017360 1.422196 -4.159404
v -8.017360 1.490595 -4.287444
v -7.030942 1.490595 -4.687163
v -7.112226 1.422196 -4.583576
v -7.353175 1.127545 -4.150678
v -7.647718 0.744223 -3.745274
v -6.279999 1.490595 -4.007765
v -6.411520 1.422196 -3.968198
v -6.942686 1.127545 -3.585688
v -7.419267 0.744223 -3.430838
v -6.516427 1.490595 -2.954199
v -6.647947 1.422196 -2.993766
v -6.942686 1.127545 -2.887323
v -7.419267 0.744223 -3.042173
v -7.111428 1.490595 -2.204375
v -7.192713 1.422196 -2.307962
v -7.353175 1.127545 -2.322333
v -7.647718 0.744223 -2.727737
v -8.017360 1.490595 -1.684542
v -8.017360 1.422196 -1.812583
v -8.017360 1.127545 -2.106526
v -8.017360 0.744223 -2.607634
v -8.923291 1.490595 -2.204375
v -8.842007 1.422196 -2.307962
v -8.681545 1.127545 -2.322333
v -8.387001 0.744223 -2.727737
v -9.518293 1.490595 -2.954199
v -9.386772 1.422196 -2.993766
v -9.092034 1.127545 -2.887323
v -8.615453 0.744223 -3.042173
v -9.754721 1.490595 -4.007765
v -9.623200 1.422196 -3.968198
v -9.092034 1.127545 -3.585688
v -8.615453 0.744223 -3.430838
v -9.003777 1.490595 -4.687163
v -8.922493 1.422196 -4.583576
v -8.681545 1.127545 -4.150678
v -8.387001 0.744223 -3.745274
v -8.380344 1.106522 -4.353658
v -8.460376 1.451642 -4.643352
v -8.967666 1.106522 -3.926943
v -9.449005 1.451642 -4.509634
v -9.192003 1.106522 -3.236506
v -9.692796 1.451642 -3.405526
v -8.967666 1.106522 -2.546067
v -9.237730 1.451642 -2.547907
v -8.380344 1.106522 -2.119353
v -8.500619 1.451642 -1.961455
v -7.654375 1.106522 -2.119353
v -7.534101 1.451642 -1.961455
v -7.067053 1.106522 -2.546067
v -6.796990 1.451642 -2.547907
v -6.842717 1.106522 -3.236506
v -6.341924 1.451642 -3.405526
v -7.067053 1.106522 -3.926943
v -6.585714 1.451642 -4.509634
v -7.654375 1.106522 -4.353658
v -7.574343 1.451642 -4.643352
v -8.017360 1.760117 -4.063447
vn -0.2193 0.8119 -0.5411
vn 0.2530 0.9262 -0.2797
vn 0.5135 0.8503 0.1152
vn 0.4374 0.8296 0.3471
vn 0.2732 0.8358 0.4762
vn -0.2732 0.8358 0.4762
vn -0.4374 0.8296 0.3471
vn -0.5135 0.8503 0.1152
vn -0.0000 1.0000 -0.0000
vn -0.2530 0.9262 -0.2797
vn 0.2193 0.8119 -0.5411
vn -0.0000 -1.0000 -0.0000
vn -0.1640 -0.8475 -0.5048
vn 0.4151 -0.5553 -0.7206
vn -0.0165 -0.8403 -0.5419
vn 0.4150 -0.8025 -0.4287
vn -0.4294 -0.8475 -0.3120
vn -0.3372 -0.7940 -0.5058
vn -0.4304 -0.8467 -0.3127
vn -0.1163 -0.8683 -0.4821
vn -0.5308 -0.8475 -0.0000
vn -0.5701 -0.7940 -0.2110
vn -0.4105 -0.8938 -0.1807
vn -0.4589 -0.8884 -0.0103
vn -0.4294 -0.8475 0.3120
vn -0.5852 -0.7940 0.1644
vn -0.5321 -0.8467 -0.0000
vn -0.4058 -0.8930 0.1946
vn -0.1640 -0.8475 0.5048
vn -0.3769 -0.7940 0.4770
vn -0.3940 -0.8901 0.2292
vn -0.2885 -0.8874 0.3596
vn 0.1640 -0.8475 0.5048
vn -0.0245 -0.7940 0.6074
vn -0.4304 -0.8467 0.3127
vn 0.1951 -0.8651 0.4621
vn 0.4294 -0.8475 0.3120
vn 0.3372 -0.7940 0.5058
vn -0.2855 -0.8874 0.3619
vn 0.2855 -0.8874 0.3619
vn 0.5308 -0.8475 -0.0000
vn 0.5701 -0.7940 0.2110
vn -0.1644 -0.8467 0.5060
vn 0.3940 -0.8901 0.2292
vn 0.4294 -0.8475 -0.3120
vn 0.5852 -0.7940 -0.1644
vn -0.1951 -0.8651 0.4621
vn 0.4105 -0.8938 -0.1807
vn 0.1640 -0.8475 -0.5048
vn 0.3769 -0.7940 -0.4770
vn 0.1644 -0.8467 0.5060
vn 0.0165 -0.8403 -0.5419
vn -0.6200 -0.2566 -0.7415
vn 0.4212 -0.8943 -0.1510
vn -0.4977 0.0086 0.8673
vn 0.1690 -0.8837 -0.4365
vn 0.6579 -0.6701 0.3436
vn 0.0245 -0.7940 0.6074
vn 0.4924 -0.8663 -0.0836
vn 0.5258 -0.3688 0.7665
vn -0.5994 0.6438 0.4756
vn 0.7446 -0.6125 0.2652
vn 0.1573 -0.5893 0.7925
vn -0.3372 -0.7940 0.5058
vn 0.5805 -0.4393 0.6856
vn -0.5805 -0.4393 0.6856
vn -0.4671 0.8780 0.1048
vn -0.1573 -0.5893 0.7925
vn -0.7446 -0.6125 0.2652
vn -0.5701 -0.7940 0.2110
vn -0.5258 -0.3688 0.7665
vn -0.4924 -0.8663 -0.0836
vn -0.1524 0.9739 -0.1684
vn -0.6579 -0.6701 0.3436
vn -0.1690 -0.8837 -0.4365
vn -0.5852 -0.7940 -0.1644
vn -0.4212 -0.8943 -0.1510
vn 0.6200 -0.2566 -0.7415
vn 0.0871 0.9728 -0.2148
vn -0.1977 -0.7759 -0.5991
vn -0.1644 -0.8467 -0.5060
vn -0.3769 -0.7940 -0.4770
vn 0.1977 -0.7759 -0.5991
vn 0.3769 -0.7940 0.4770
vn 0.2885 -0.8874 0.3596
vn 0.4977 0.0086 0.8673
vn 0.4304 -0.8467 0.3127
vn 0.5852 -0.7940 0.1644
vn 0.4058 -0.8930 0.1946
vn 0.5994 0.6438 0.4756
vn 0.5321 -0.8467 -0.0000
vn 0.5701 -0.7940 -0.2110
vn 0.4589 -0.8884 -0.0103
vn 0.4671 0.8780 0.1048
vn 0.4304 -0.8467 -0.3127
vn 0.3372 -0.7940 -0.5058
vn 0.1163 -0.8683 -0.4821
vn 0.1524 0.9739 -0.1684
vn 0.1644 -0.8467 -0.5060
vn -0.4151 -0.5553 -0.7206
vn -0.4150 -0.8025 -0.4287
vn -0.0871 0.9728 -0.2148
vn 0.1570 0.9466 -0.2815
vn 0.3400 0.9393 -0.0457
vn 0.4250 0.8595 0.2838
vn 0.2835 0.8670 0.4098
vn -0.0000 0.8879 0.4600
vn -0.2835 0.8670 0.4098
vn -0.4250 0.8595 0.2838
vn -0.3400 0.9393 -0.0457
vn -0.1570 0.9466 -0.2815
vn -0.0000 0.6392 -0.7691
vt 0.750000 0.490000
vt -0.000000 0.500000
vt 1.000000 0.500000
vt 0.250000 0.490000
vt 1.000000 1.000000
vt -0.000000 1.000000
vt 0.891068 0.444164
vt 0.900000 0.500000
vt 0.391068 0.444164
vt 0.900000 1.000000
vt 0.978254 0.324164
vt 0.800000 0.500000
vt 0.478254 0.324164
vt 0.800000 1.000000
vt 0.978254 0.175836
vt 0.700000 0.500000
vt 0.478254 0.175836
vt 0.700000 1.000000
vt 0.891068 0.055836
vt 0.600000 0.500000
vt 0.391068 0.055836
vt 0.600000 1.000000
vt 0.750000 0.010000
vt 0.500000 0.500000
vt 0.250000 0.010000
vt 0.500000 1.000000
vt 0.608932 0.055836
vt 0.400000 0.500000
vt 0.108932 0.055836
vt 0.400000 1.000000
vt 0.521746 0.175836
vt 0.300000 0.500000
vt 0.021746 0.175836
vt 0.300000 1.000000
vt 0.521746 0.324164
vt 0.200000 0.500000
vt 0.021746 0.324164
vt 0.200000 1.000000
vt 0.608932 0.444164
vt 0.100000 0.500000
vt 0.108932 0.444164
vt 0.100000 1.000000
vt -0.000000 0.600000
vt 1.000000 0.600000
vt -0.000000 0.700000
vt 1.000000 0.700000
vt -0.000000 0.800000
vt 1.000000 0.800000
vt 1.000000 0.900000
vt -0.000000 0.900000
vt 0.900000 0.900000
vt 0.900000 0.800000
vt 0.900000 0.700000
vt 0.900000 0.600000
vt 0.800000 0.900000
vt 0.800000 0.800000
vt 0.800000 0.700000
vt 0.800000 0.600000
vt 0.700000 0.900000
vt 0.700000 0.800000
vt 0.700000 0.700000
vt 0.700000 0.600000
vt 0.600000 0.900000
vt 0.600000 0.800000
vt 0.600000 0.700000
vt 0.600000 0.600000
vt 0.500000 0.900000
vt 0.500000 0.800000
vt 0.500000 0.700000
vt 0.500000 0.600000
vt 0.400000 0.900000
vt 0.400000 0.800000
vt 0.400000 0.700000
vt 0.400000 0.600000
vt 0.300000 0.900000
vt 0.300000 0.800000
vt 0.300000 0.700000
vt 0.300000 0.600000
vt 0.200000 0.900000
vt 0.200000 0.800000
vt 0.200000 0.700000
vt 0.200000 0.600000
vt 0.100000 0.900000
vt 0.100000 0.800000
vt 0.100000 0.700000
vt 0.100000 0.600000
vt 0.050000 0.700000
vt 0.050000 0.800000
vt 0.150000 0.700000
vt 0.150000 0.800000
vt 0.250000 0.700000
vt 0.250000 0.800000
vt 0.350000 0.700000
vt 0.350000 0.800000
vt 0.450000 0.700000
vt 0.450000 0.800000
vt 0.550000 0.700000
vt 0.550000 0.800000
vt 0.650000 0.700000
vt 0.650000 0.800000
vt 0.750000 0.700000
vt 0.750000 0.800000
vt 0.850000 0.700000
vt 0.850000 0.800000
vt 0.950000 0.700000
vt 0.950000 0.800000
vt 0.179466 0.467082
vt 0.050000 1.000000
s 0
usemtl Diamond
f 246/327/338 269/373/338 268/371/338
f 248/332/339 273/377/339 269/373/339
f 250/336/340 277/381/340 273/377/340
f 252/340/341 281/385/341 277/381/341
f 254/344/342 285/389/342 281/385/342
f 256/348/343 289/393/343 285/389/343
f 258/352/344 293/397/344 289/393/344
f 260/356/345 297/401/345 293/397/345
f 248/331/346 246/326/346 325/429/346 264/363/346 262/359/346 260/355/346 258/351/346 256/347/346 254/343/346 252/339/346 250/335/346
f 262/360/347 301/405/347 297/401/347
f 264/364/348 268/372/348 301/405/348
f 245/323/349 247/329/349 249/333/349 251/337/349 253/341/349 255/345/349 257/349/349 259/353/349 261/357/349 263/361/349
f 263/362/350 304/408/350 265/365/350 245/324/350
f 305/409/351 266/367/351 265/365/351
f 306/410/352 302/406/352 301/405/352
f 268/372/353 267/369/353 306/410/353
f 261/358/354 300/404/354 304/408/354 263/362/354
f 307/411/355 303/407/355 304/408/355
f 304/408/356 300/404/356 307/411/356
f 301/405/357 302/406/357 308/412/357
f 259/354/358 296/400/358 300/404/358 261/358/358
f 309/413/359 299/403/359 300/404/359
f 308/412/360 298/402/360 297/401/360
f 297/401/361 298/402/361 310/414/361
f 257/350/362 292/396/362 296/400/362 259/354/362
f 311/415/363 295/399/363 296/400/363
f 300/404/364 296/400/364 309/413/364
f 293/397/365 294/398/365 312/416/365
f 255/346/366 288/392/366 292/396/366 257/350/366
f 313/417/367 291/395/367 292/396/367
f 310/414/368 294/398/368 293/397/368
f 289/393/369 290/394/369 314/418/369
f 253/342/370 284/388/370 288/392/370 255/346/370
f 315/419/371 287/391/371 288/392/371
f 296/400/372 292/396/372 311/415/372
f 285/389/373 286/390/373 316/420/373
f 251/338/374 280/384/374 284/388/374 253/342/374
f 317/421/375 283/387/375 284/388/375
f 312/416/376 290/394/376 289/393/376
f 281/385/377 282/386/377 318/422/377
f 249/334/378 276/380/378 280/384/378 251/338/378
f 319/423/379 279/383/379 280/384/379
f 292/396/380 288/392/380 313/417/380
f 277/381/381 278/382/381 320/424/381
f 247/330/382 272/376/382 276/380/382 249/334/382
f 321/425/383 275/379/383 276/380/383
f 314/418/384 286/390/384 285/389/384
f 273/377/385 274/378/385 322/426/385
f 245/325/386 265/366/386 272/376/386 247/330/386
f 323/427/387 271/375/387 272/376/387
f 288/392/388 284/388/388 315/419/388
f 269/373/389 270/374/389 324/428/389
f 267/370/390 324/428/390 323/427/390 266/368/390
f 321/425/391 322/426/391 274/378/391 275/379/391
f 285/389/392 289/393/392 314/418/392
f 271/375/393 270/374/393 322/426/393 321/425/393
f 319/423/394 320/424/394 278/382/394 279/383/394
f 288/392/395 287/391/395 313/417/395
f 275/379/396 274/378/396 320/424/396 319/423/396
f 317/421/397 318/422/397 282/386/397 283/387/397
f 289/393/398 293/397/398 312/416/398
f 279/383/399 278/382/399 318/422/399 317/421/399
f 315/419/400 316/420/400 286/390/400 287/391/400
f 292/396/401 291/395/401 311/415/401
f 283/387/402 282/386/402 316/420/402 315/419/402
f 313/417/403 314/418/403 290/394/403 291/395/403
f 293/397/404 297/401/404 310/414/404
f 287/391/405 286/390/405 314/418/405 313/417/405
f 311/415/406 312/416/406 294/398/406 295/399/406
f 296/400/407 295/399/407 309/413/407
f 291/395/408 290/394/408 312/416/408 311/415/408
f 309/413/409 310/414/409 298/402/409 299/403/409
f 297/401/410 301/405/410 308/412/410
f 295/399/411 294/398/411 310/414/411 309/413/411
f 307/411/412 308/412/412 302/406/412 303/407/412
f 300/404/413 299/403/413 307/411/413
f 299/403/414 298/402/414 308/412/414 307/411/414
f 305/409/415 306/410/415 267/369/415 266/367/415
f 301/405/416 268/372/416 306/410/416
f 303/407/417 302/406/417 306/410/417 305/409/417
f 265/365/418 304/408/418 305/409/418
f 304/408/419 303/407/419 305/409/419
f 323/427/420 324/428/420 270/374/420 271/375/420
f 284/388/421 283/387/421 315/419/421
f 316/420/422 282/386/422 281/385/422
f 281/385/423 285/389/423 316/420/423
f 284/388/424 280/384/424 317/421/424
f 280/384/425 279/383/425 317/421/425
f 318/422/426 278/382/426 277/381/426
f 277/381/427 281/385/427 318/422/427
f 280/384/428 276/380/428 319/423/428
f 276/380/429 275/379/429 319/423/429
f 320/424/430 274/378/430 273/377/430
f 273/377/431 277/381/431 320/424/431
f 276/380/432 272/376/432 321/425/432
f 272/376/433 271/375/433 321/425/433
f 322/426/434 270/374/434 269/373/434
f 269/373/435 273/377/435 322/426/435
f 272/376/436 265/366/436 323/427/436
f 265/366/437 266/368/437 323/427/437
f 324/428/438 267/370/438 268/371/438
f 268/371/439 269/373/439 324/428/439
f 246/327/440 248/332/440 269/373/440
f 248/332/441 250/336/441 273/377/441
f 250/336/442 252/340/442 277/381/442
f 252/340/443 254/344/443 281/385/443
f 254/344/444 256/348/444 285/389/444
f 256/348/445 258/352/445 289/393/445
f 258/352/446 260/356/446 293/397/446
f 260/356/447 262/360/447 297/401/447
f 262/360/448 264/364/448 301/405/448
f 264/364/449 325/430/449 246/328/449 268/372/449
o Pear_diamond
v 3.853567 0.029629 -3.328763
v 4.128613 1.462227 -4.502282
v 3.868962 0.029629 -3.321607
v 4.573648 1.462227 -4.039725
v 3.878477 0.029629 -3.302872
v 4.743637 1.462227 -3.291293
v 3.878477 0.029629 -3.279714
v 4.573648 1.462227 -2.542860
v 3.868962 0.029629 -3.260979
v 4.128613 1.462227 -2.080303
v 3.853567 0.029629 -3.253823
v 3.578520 1.462227 -2.080303
v 3.838171 0.029629 -3.260979
v 3.133484 1.462227 -2.542860
v 3.828656 0.029629 -3.279714
v 2.963496 1.462227 -3.291293
v 3.828656 0.029629 -3.302872
v 3.133484 1.462227 -4.039725
v 3.838171 0.029629 -3.321607
v 3.578520 1.462227 -4.502282
v 3.853567 0.429629 -4.036396
v 3.853567 0.791234 -4.602024
v 3.853566 0.987576 -5.174856
v 3.853566 1.099124 -5.306385
v 4.462214 1.099124 -4.621464
v 4.403847 0.987576 -4.515055
v 4.392113 0.791234 -4.351697
v 4.159710 0.429629 -3.894094
v 4.905252 1.099124 -3.825822
v 4.810811 0.987576 -3.785178
v 4.724952 0.791234 -3.696331
v 4.348918 0.429629 -3.521542
v 5.075952 1.099124 -2.727332
v 4.981512 0.987576 -2.767977
v 4.724952 0.791234 -2.886255
v 4.348918 0.429629 -3.061043
v 4.709436 1.099124 -1.866942
v 4.651069 0.987576 -1.973351
v 4.392113 0.791234 -2.230889
v 4.159710 0.429629 -2.688492
v 3.853567 1.099124 -1.499878
v 3.853567 0.987576 -1.631407
v 3.853567 0.791234 -1.980561
v 3.853567 0.429629 -2.546190
v 2.997696 1.099124 -1.866942
v 3.056064 0.987576 -1.973351
v 3.315021 0.791234 -2.230889
v 3.547423 0.429629 -2.688492
v 2.631181 1.099124 -2.727332
v 2.725621 0.987576 -2.767977
v 2.982181 0.791234 -2.886255
v 3.358216 0.429629 -3.061043
v 2.801882 1.099124 -3.825822
v 2.896322 0.987576 -3.785178
v 2.982181 0.791234 -3.696331
v 3.358216 0.429629 -3.521542
v 3.244918 1.099124 -4.621464
v 3.303286 0.987576 -4.515055
v 3.315021 0.791234 -4.351697
v 3.547423 0.429629 -3.894094
v 3.559246 0.766849 -4.587145
v 3.488494 1.017824 -4.909059
v 3.083024 0.766849 -4.092174
v 3.003746 1.017824 -4.191061
v 2.901123 0.766849 -3.291293
v 2.654508 1.017824 -3.285407
v 3.083024 0.766849 -2.490412
v 2.750638 1.017824 -2.238482
v 3.559246 0.766849 -1.995440
v 3.441404 1.017824 -1.632323
v 4.147888 0.766849 -1.995440
v 4.265729 1.017824 -1.632323
v 4.624110 0.766849 -2.490412
v 4.956494 1.017824 -2.238482
v 4.806011 0.766849 -3.291293
v 5.052625 1.017824 -3.285407
v 4.624110 0.766849 -4.092174
v 4.703386 1.017824 -4.191061
v 4.147888 0.766849 -4.587145
v 4.218639 1.017824 -4.909059
vn 0.5543 0.6709 -0.4926
vn 0.7779 0.4552 -0.4332
vn 0.8225 0.5542 -0.1278
vn 0.6271 0.7317 0.2671
vn 0.2560 0.7603 0.5970
vn -0.2560 0.7603 0.5970
vn -0.6271 0.7317 0.2671
vn -0.8225 0.5542 -0.1278
vn -0.0000 1.0000 -0.0000
vn -0.7779 0.4552 -0.4332
vn -0.5543 0.6709 -0.4926
vn -0.0000 -1.0000 -0.0000
vn -0.2230 -0.8486 -0.4797
vn 0.0425 -0.8418 -0.5381
vn -0.6452 -0.6764 -0.3552
vn -0.4711 -0.6727 -0.5705
vn -0.5446 -0.7918 -0.2766
vn -0.4007 -0.8068 -0.4341
vn -0.4960 -0.8310 -0.2519
vn -0.5495 -0.7091 -0.4419
vn -0.6478 -0.7618 -0.0000
vn -0.6397 -0.7489 -0.1731
vn -0.6979 -0.6765 -0.2351
vn -0.6771 -0.6777 -0.2866
vn -0.5446 -0.7918 0.2766
vn -0.6580 -0.7431 0.1218
vn -0.5937 -0.8047 -0.0000
vn -0.7479 -0.6598 0.0730
vn -0.2230 -0.8486 0.4797
vn -0.4600 -0.7953 0.3948
vn -0.7499 -0.6584 0.0646
vn -0.4185 -0.7319 0.5377
vn 0.2230 -0.8486 0.4797
vn -0.0425 -0.8418 0.5381
vn -0.4960 -0.8310 0.2519
vn 0.0573 -0.7614 0.6457
vn 0.5446 -0.7918 0.2766
vn 0.4007 -0.8068 0.4341
vn -0.4932 -0.7216 0.4859
vn 0.4932 -0.7216 0.4859
vn 0.6478 -0.7618 -0.0000
vn 0.6397 -0.7489 0.1731
vn -0.2005 -0.8796 0.4314
vn 0.7499 -0.6584 0.0646
vn 0.5446 -0.7918 -0.2766
vn 0.6580 -0.7431 -0.1218
vn -0.0573 -0.7614 0.6457
vn 0.6979 -0.6765 -0.2351
vn 0.2230 -0.8486 -0.4797
vn 0.4600 -0.7953 -0.3948
vn 0.2005 -0.8796 0.4314
vn 0.6452 -0.6764 -0.3552
vn 0.1896 -0.8841 -0.4270
vn 0.8773 -0.4208 -0.2310
vn -0.3524 0.4479 0.8217
vn 0.6518 -0.4779 -0.5889
vn 0.6468 -0.7558 0.1019
vn 0.0425 -0.8418 0.5381
vn 0.7501 -0.6064 -0.2637
vn 0.3528 -0.8671 0.3517
vn -0.6490 0.7088 0.2765
vn 0.5693 -0.8180 0.0826
vn 0.0189 -0.8481 0.5295
vn -0.4007 -0.8068 0.4341
vn 0.3543 -0.8473 0.3956
vn -0.3543 -0.8473 0.3956
vn -0.7827 0.6103 -0.1216
vn -0.0189 -0.8481 0.5295
vn -0.5693 -0.8180 0.0826
vn -0.6397 -0.7489 0.1731
vn -0.3528 -0.8671 0.3517
vn -0.7501 -0.6064 -0.2637
vn -0.8736 0.0162 -0.4864
vn -0.6468 -0.7558 0.1019
vn -0.6518 -0.4779 -0.5889
vn -0.6580 -0.7431 -0.1218
vn -0.8773 -0.4208 -0.2310
vn -0.1896 -0.8841 -0.4270
vn -0.7430 0.1096 -0.6603
vn -0.6524 -0.6093 -0.4507
vn -0.2005 -0.8796 -0.4314
vn -0.4600 -0.7953 -0.3948
vn 0.6524 -0.6093 -0.4507
vn 0.4600 -0.7953 0.3948
vn 0.4185 -0.7319 0.5377
vn 0.3524 0.4479 0.8217
vn 0.4960 -0.8310 0.2519
vn 0.6580 -0.7431 0.1218
vn 0.7479 -0.6598 0.0730
vn 0.6490 0.7088 0.2765
vn 0.5937 -0.8047 -0.0000
vn 0.6397 -0.7489 -0.1731
vn 0.6771 -0.6777 -0.2866
vn 0.7827 0.6103 -0.1216
vn 0.4960 -0.8310 -0.2519
vn 0.4007 -0.8068 -0.4341
vn 0.5495 -0.7091 -0.4419
vn 0.8736 0.0162 -0.4864
vn 0.2005 -0.8796 -0.4314
vn -0.0425 -0.8418 -0.5381
vn 0.4711 -0.6727 -0.5705
vn 0.7430 0.1096 -0.6603
vn 0.5384 0.6647 -0.5180
vn 0.7764 0.6051 -0.1763
vn 0.6132 0.7775 0.1393
vn 0.3889 0.8419 0.3741
vn -0.0000 0.8478 0.5304
vn -0.3889 0.8419 0.3741
vn -0.6132 0.7775 0.1393
vn -0.7764 0.6051 -0.1763
vn -0.5384 0.6647 -0.5180
vn -0.0000 0.9114 -0.4115
vt 0.750000 0.490000
vt -0.000000 0.500000
vt 1.000000 0.500000
vt 0.250000 0.490000
vt 1.000000 1.000000
vt -0.000000 1.000000
vt 0.891068 0.444164
vt 0.900000 0.500000
vt 0.391068 0.444164
vt 0.900000 1.000000
vt 0.978254 0.324164
vt 0.800000 0.500000
vt 0.478254 0.324164
vt 0.800000 1.000000
vt 0.978254 0.175836
vt 0.700000 0.500000
vt 0.478254 0.175836
vt 0.700000 1.000000
vt 0.891068 0.055836
vt 0.600000 0.500000
vt 0.391068 0.055836
vt 0.600000 1.000000
vt 0.750000 0.010000
vt 0.500000 0.500000
vt 0.250000 0.010000
vt 0.500000 1.000000
vt 0.608932 0.055836
vt 0.400000 0.500000
vt 0.108932 0.055836
vt 0.400000 1.000000
vt 0.521746 0.175836
vt 0.300000 0.500000
vt 0.021746 0.175836
vt 0.300000 1.000000
vt 0.521746 0.324164
vt 0.200000 0.500000
vt 0.021746 0.324164
vt 0.200000 1.000000
vt 0.608932 0.444164
vt 0.100000 0.500000
vt 0.108932 0.444164
vt 0.100000 1.000000
vt -0.000000 0.600000
vt 1.000000 0.600000
vt -0.000000 0.700000
vt 1.000000 0.700000
vt -0.000000 0.800000
vt 1.000000 0.800000
vt 1.000000 0.900000
vt -0.000000 0.900000
vt 0.900000 0.900000
vt 0.900000 0.800000
vt 0.900000 0.700000
vt 0.900000 0.600000
vt 0.800000 0.900000
vt 0.800000 0.800000
vt 0.800000 0.700000
vt 0.800000 0.600000
vt 0.700000 0.900000
vt 0.700000 0.800000
vt 0.700000 0.700000
vt 0.700000 0.600000
vt 0.600000 0.900000
vt 0.600000 0.800000
vt 0.600000 0.700000
vt 0.600000 0.600000
vt 0.500000 0.900000
vt 0.500000 0.800000
vt 0.500000 0.700000
vt 0.500000 0.600000
vt 0.400000 0.900000
vt 0.400000 0.800000
vt 0.400000 0.700000
vt 0.400000 0.600000
vt 0.300000 0.900000
vt 0.300000 0.800000
vt 0.300000 0.700000
vt 0.300000 0.600000
vt 0.200000 0.900000
vt 0.200000 0.800000
vt 0.200000 0.700000
vt 0.200000 0.600000
vt 0.100000 0.900000
vt 0.100000 0.800000
vt 0.100000 0.700000
vt 0.100000 0.600000
vt 0.050000 0.700000
vt 0.050000 0.800000
vt 0.150000 0.700000
vt 0.150000 0.800000
vt 0.250000 0.700000
vt 0.250000 0.800000
vt 0.350000 0.700000
vt 0.350000 0.800000
vt 0.450000 0.700000
vt 0.450000 0.800000
vt 0.550000 0.700000
vt 0.550000 0.800000
vt 0.650000 0.700000
vt 0.650000 0.800000
vt 0.750000 0.700000
vt 0.750000 0.800000
vt 0.850000 0.700000
vt 0.850000 0.800000
vt 0.950000 0.700000
vt 0.950000 0.800000
s 0
usemtl Diamond
f 327/435/450 350/481/450 349/479/450
f 329/440/451 354/485/451 350/481/451
f 331/444/452 358/489/452 354/485/452
f 333/448/453 362/493/453 358/489/453
f 335/452/454 366/497/454 362/493/454
f 337/456/455 370/501/455 366/497/455
f 339/460/456 374/505/456 370/501/456
f 341/464/457 378/509/457 374/505/457
f 329/439/458 327/434/458 345/471/458 343/467/458 341/463/458 339/459/458 337/455/458 335/451/458 333/447/458 331/443/458
f 343/468/459 382/513/459 378/509/459
f 345/472/460 349/480/460 382/513/460
f 326/431/461 328/437/461 330/441/461 332/445/461 334/449/461 336/453/461 338/457/461 340/461/461 342/465/461 344/469/461
f 344/470/462 385/516/462 346/473/462 326/432/462
f 386/517/463 347/475/463 346/473/463
f 387/518/464 383/514/464 382/513/464
f 349/480/465 348/477/465 387/518/465
f 342/466/466 381/512/466 385/516/466 344/470/466
f 388/519/467 384/515/467 385/516/467
f 385/516/468 381/512/468 388/519/468
f 382/513/469 383/514/469 389/520/469
f 340/462/470 377/508/470 381/512/470 342/466/470
f 390/521/471 380/511/471 381/512/471
f 389/520/472 379/510/472 378/509/472
f 378/509/473 379/510/473 391/522/473
f 338/458/474 373/504/474 377/508/474 340/462/474
f 392/523/475 376/507/475 377/508/475
f 381/512/476 377/508/476 390/521/476
f 374/505/477 375/506/477 393/524/477
f 336/454/478 369/500/478 373/504/478 338/458/478
f 394/525/479 372/503/479 373/504/479
f 391/522/480 375/506/480 374/505/480
f 370/501/481 371/502/481 395/526/481
f 334/450/482 365/496/482 369/500/482 336/454/482
f 396/527/483 368/499/483 369/500/483
f 377/508/484 373/504/484 392/523/484
f 366/497/485 367/498/485 397/528/485
f 332/446/486 361/492/486 365/496/486 334/450/486
f 398/529/487 364/495/487 365/496/487
f 393/524/488 371/502/488 370/501/488
f 362/493/489 363/494/489 399/530/489
f 330/442/490 357/488/490 361/492/490 332/446/490
f 400/531/491 360/491/491 361/492/491
f 373/504/492 369/500/492 394/525/492
f 358/489/493 359/490/493 401/532/493
f 328/438/494 353/484/494 357/488/494 330/442/494
f 402/533/495 356/487/495 357/488/495
f 395/526/496 367/498/496 366/497/496
f 354/485/497 355/486/497 403/534/497
f 326/433/498 346/474/498 353/484/498 328/438/498
f 404/535/499 352/483/499 353/484/499
f 369/500/500 365/496/500 396/527/500
f 350/481/501 351/482/501 405/536/501
f 348/478/502 405/536/502 404/535/502 347/476/502
f 402/533/503 403/534/503 355/486/503 356/487/503
f 366/497/504 370/501/504 395/526/504
f 352/483/505 351/482/505 403/534/505 402/533/505
f 400/531/506 401/532/506 359/490/506 360/491/506
f 369/500/507 368/499/507 394/525/507
f 356/487/508 355/486/508 401/532/508 400/531/508
f 398/529/509 399/530/509 363/494/509 364/495/509
f 370/501/510 374/505/510 393/524/510
f 360/491/511 359/490/511 399/530/511 398/529/511
f 396/527/512 397/528/512 367/498/512 368/499/512
f 373/504/513 372/503/513 392/523/513
f 364/495/514 363/494/514 397/528/514 396/527/514
f 394/525/515 395/526/515 371/502/515 372/503/515
f 374/505/516 378/509/516 391/522/516
f 368/499/517 367/498/517 395/526/517 394/525/517
f 392/523/518 393/524/518 375/506/518 376/507/518
f 377/508/519 376/507/519 390/521/519
f 372/503/520 371/502/520 393/524/520 392/523/520
f 390/521/521 391/522/521 379/510/521 380/511/521
f 378/509/522 382/513/522 389/520/522
f 376/507/523 375/506/523 391/522/523 390/521/523
f 388/519/524 389/520/524 383/514/524 384/515/524
f 381/512/525 380/511/525 388/519/525
f 380/511/526 379/510/526 389/520/526 388/519/526
f 386/517/527 387/518/527 348/477/527 347/475/527
f 382/513/528 349/480/528 387/518/528
f 384/515/529 383/514/529 387/518/529 386/517/529
f 346/473/530 385/516/530 386/517/530
f 385/516/531 384/515/531 386/517/531
f 404/535/532 405/536/532 351/482/532 352/483/532
f 365/496/533 364/495/533 396/527/533
f 397/528/534 363/494/534 362/493/534
f 362/493/535 366/497/535 397/528/535
f 365/496/536 361/492/536 398/529/536
f 361/492/537 360/491/537 398/529/537
f 399/530/538 359/490/538 358/489/538
f 358/489/539 362/493/539 399/530/539
f 361/492/540 357/488/540 400/531/540
f 357/488/541 356/487/541 400/531/541
f 401/532/542 355/486/542 354/485/542
f 354/485/543 358/489/543 401/532/543
f 357/488/544 353/484/544 402/533/544
f 353/484/545 352/483/545 402/533/545
f 403/534/546 351/482/546 350/481/546
f 350/481/547 354/485/547 403/534/547
f 353/484/548 346/474/548 404/535/548
f 346/474/549 347/476/549 404/535/549
f 405/536/550 348/478/550 349/479/550
f 349/479/551 350/481/551 405/536/551
f 327/435/552 329/440/552 350/481/552
f 329/440/553 331/444/553 354/485/553
f 331/444/554 333/448/554 358/489/554
f 333/448/555 335/452/555 362/493/555
f 335/452/556 337/456/556 366/497/556
f 337/456/557 339/460/557 370/501/557
f 339/460/558 341/464/558 374/505/558
f 341/464/559 343/468/559 378/509/559
f 343/468/560 345/472/560 382/513/560
f 345/472/561 327/436/561 349/480/561
o Cushion_diamond
v -3.899036 0.017151 -3.361462
v -3.894174 2.015571 -4.152024
v -3.793730 0.017151 -3.350589
v -3.291018 2.015571 -4.089750
v -3.758266 0.017151 -3.313403
v -3.087896 2.015571 -3.876763
v -3.734570 0.017151 -3.257750
v -2.952174 2.015571 -3.558004
v -3.726249 0.017151 -3.192103
v -2.904515 2.015571 -3.182002
v -3.734570 0.017151 -3.126456
v -2.952175 2.015571 -2.806000
v -3.758266 0.017151 -3.070803
v -3.087896 2.015571 -2.487241
v -3.793730 0.017151 -3.033617
v -3.291019 2.015571 -2.274253
v -3.899036 0.017151 -3.024018
v -3.894174 2.015571 -2.219274
v -4.006694 0.017151 -3.040932
v -4.510795 2.015571 -2.316154
v -4.042158 0.017151 -3.077505
v -4.713916 2.015571 -2.525629
v -4.065854 0.017151 -3.132241
v -4.849638 2.015571 -2.839131
v -4.074174 0.017151 -3.196805
v -4.897298 2.015571 -3.208932
v -4.065854 0.017151 -3.261369
v -4.849638 2.015571 -3.578733
v -4.042158 0.017151 -3.316105
v -4.713917 2.015571 -3.892235
v -4.006694 0.017151 -3.352677
v -4.510795 2.015571 -4.101710
v -3.896611 0.350324 -3.755762
v -3.889754 1.327070 -4.911634
v -3.889754 1.437409 -4.911634
v -3.895482 1.682630 -4.557864
v -3.055736 1.682630 -4.435699
v -2.823997 1.437409 -4.774605
v -2.823997 1.327070 -4.774605
v -3.542998 0.350324 -3.719253
v -2.774145 1.682630 -4.140430
v -2.488124 1.437409 -4.365890
v -2.488124 1.327070 -4.365890
v -3.423913 0.350324 -3.594384
v -2.585992 1.682630 -3.698531
v -2.379786 1.437409 -3.732556
v -2.379786 1.327070 -3.732556
v -3.344343 0.350324 -3.407505
v -2.519921 1.682630 -3.177274
v -2.375356 1.437409 -3.164341
v -2.375356 1.327070 -3.164341
v -3.316402 0.350324 -3.187065
v -2.585992 1.682630 -2.656018
v -2.371186 1.437409 -2.548824
v -2.371186 1.327070 -2.548824
v -3.344343 0.350324 -2.966626
v -2.774145 1.682630 -2.214118
v -2.505325 1.437409 -1.979993
v -2.505325 1.327070 -1.979993
v -3.423913 0.350324 -2.779746
v -3.055736 1.682630 -1.918850
v -2.854098 1.437409 -1.614280
v -2.854098 1.327070 -1.614280
v -3.542998 0.350324 -2.654878
v -3.891898 1.682630 -1.760211
v -3.882587 1.437409 -1.519876
v -3.882587 1.327070 -1.519876
v -3.896611 0.350324 -2.622644
v -4.746728 1.682630 -1.976937
v -4.980782 1.437409 -1.636057
v -4.980782 1.327070 -1.636057
v -4.258119 0.350324 -2.679443
v -5.028319 1.682630 -2.267336
v -5.297304 1.437409 -2.045908
v -5.297304 1.327070 -2.045908
v -4.377204 0.350324 -2.802252
v -5.216472 1.682630 -2.701948
v -5.401340 1.437409 -2.584211
v -5.401340 1.327070 -2.584211
v -4.456774 0.350324 -2.986050
v -5.282542 1.682630 -3.214608
v -5.425839 1.437409 -3.219182
v -5.425839 1.327070 -3.219182
v -4.484715 0.350324 -3.202853
v -5.216472 1.682630 -3.727268
v -5.422841 1.437409 -3.854153
v -5.422841 1.327070 -3.854153
v -4.456774 0.350324 -3.419657
v -5.028319 1.682630 -4.161880
v -5.297304 1.437409 -4.392456
v -5.297304 1.327070 -4.392456
v -4.377204 0.350324 -3.603455
v -4.746728 1.682630 -4.452279
v -4.962864 1.437409 -4.777223
v -4.962864 1.327070 -4.777223
v -4.258119 0.350324 -3.726264
v -4.626722 1.327070 -4.905594
v -4.626722 1.437409 -4.905594
v -5.219672 1.327070 -4.532879
v -5.219672 1.437409 -4.532879
v -5.413825 1.327070 -4.123305
v -5.413825 1.437409 -4.123305
v -5.427924 1.327070 -3.536668
v -5.427924 1.437409 -3.536668
v -5.424340 1.327070 -2.901696
v -5.424340 1.437409 -2.901696
v -5.381574 1.327070 -2.257724
v -5.381574 1.437409 -2.257724
v -5.169502 1.327070 -1.823065
v -5.169502 1.437409 -1.823065
v -4.609521 1.327070 -1.519870
v -4.609521 1.437409 -1.519870
v -3.150105 1.327070 -1.519968
v -3.150105 1.437409 -1.519968
v -2.662511 1.327070 -1.784236
v -2.662511 1.437409 -1.784236
v -2.388803 1.327070 -2.253658
v -2.388803 1.437409 -2.253658
v -2.373271 1.327070 -2.854432
v -2.373271 1.437409 -2.854432
v -2.381872 1.327070 -3.431248
v -2.381872 1.437409 -3.431248
v -2.388803 1.327070 -4.092225
v -2.388803 1.437409 -4.092225
v -2.615209 1.327070 -4.587448
v -2.615209 1.437409 -4.587448
v -3.115704 1.327070 -4.903318
v -3.115704 1.437409 -4.903318
vn 0.0919 0.7697 -0.6317
vn 0.4568 0.7755 -0.4357
vn 0.5956 0.7622 -0.2536
vn 0.6528 0.7530 -0.0828
vn 0.6517 0.7540 0.0826
vn 0.5924 0.7652 0.2522
vn 0.4525 0.7804 0.4315
vn 0.1205 0.7630 0.6350
vn -0.1473 0.8003 0.5812
vn -0.4556 0.7729 0.4417
vn -0.5948 0.7615 0.2575
vn -0.6523 0.7533 0.0841
vn -0.6509 0.7545 -0.0839
vn -0.5909 0.7651 -0.2558
vn -0.0000 1.0000 -0.0000
vn -0.4503 0.7788 -0.4366
vn -0.0815 0.7495 -0.6570
vn -0.0000 -1.0000 -0.0000
vn -0.0526 -0.7626 -0.6447
vn -0.0053 -0.7638 -0.6455
vn -0.3568 -0.0000 -0.9342
vn -0.0047 0.8218 -0.5697
vn -0.4330 -0.7976 -0.4199
vn -0.4250 -0.7873 -0.4467
vn -0.8752 -0.0000 -0.4838
vn -0.3707 0.8431 -0.3896
vn -0.5690 -0.7846 -0.2463
vn -0.5917 -0.7643 -0.2562
vn -0.9994 -0.0000 -0.0335
vn -0.5384 0.8098 -0.2331
vn -0.6274 -0.7745 -0.0809
vn -0.7084 -0.7057 -0.0113
vn -1.0000 -0.0000 0.0066
vn -0.7619 0.6475 -0.0122
vn -0.6288 -0.7733 0.0810
vn -0.7201 -0.6938 0.0034
vn -0.9974 -0.0000 0.0723
vn -0.8634 0.5045 0.0041
vn -0.5730 -0.7811 0.2481
vn -0.7093 -0.7036 0.0429
vn -0.9292 -0.0000 0.3697
vn -0.7865 0.6158 0.0476
vn -0.4383 -0.7920 0.4250
vn -0.5547 -0.7688 0.3181
vn -0.7039 -0.0000 0.7103
vn -0.5040 0.8139 0.2891
vn -0.0999 -0.7653 0.6359
vn -0.1875 -0.7785 0.5990
vn -0.0000 -0.0000 1.0000
vn -0.1575 0.8497 0.5032
vn 0.0581 -0.7683 0.6374
vn 0.0001 -0.7486 0.6630
vn 0.3036 -0.0000 0.9528
vn 0.0001 0.7000 0.7142
vn 0.4351 -0.7991 0.4149
vn 0.4115 -0.7845 0.4639
vn 0.7797 -0.0000 0.6261
vn 0.3724 0.8277 0.4198
vn 0.5704 -0.7846 0.2429
vn 0.5931 -0.7645 0.2525
vn 0.9982 -0.0000 0.0596
vn 0.5392 0.8103 0.2296
vn 0.6282 -0.7740 0.0796
vn 0.7094 -0.7048 -0.0048
vn 1.0000 -0.0000 -0.0067
vn 0.7533 0.6576 -0.0051
vn 0.6294 -0.7730 -0.0798
vn 0.7202 -0.6935 -0.0176
vn 1.0000 -0.0000 0.0069
vn 0.8617 0.5069 -0.0210
vn 0.5737 -0.7818 -0.2443
vn 0.7085 -0.7055 -0.0178
vn 0.9400 -0.0000 -0.3412
vn 0.7639 0.6450 -0.0192
vn 0.4395 -0.7945 -0.4191
vn 0.5488 -0.7744 -0.3148
vn 0.6675 -0.0000 -0.7446
vn 0.4881 0.8267 -0.2800
vn 0.0665 -0.7623 -0.6438
vn 0.2478 -0.7893 -0.5617
vn 0.0107 -0.0000 -0.9999
vn 0.2096 0.8546 -0.4750
vn 0.0583 -0.7665 0.6395
vn 0.8674 -0.0000 -0.4976
vn -0.1263 0.8578 0.4982
vn -0.0000 0.7000 0.7142
vn 0.9997 -0.0000 -0.0251
vn -0.0000 -0.7486 0.6630
vn -0.0980 -0.7756 0.6236
vn 0.9997 -0.0000 -0.0244
vn -0.3681 0.8586 0.3569
vn -0.3633 0.8565 0.3667
vn 1.0000 -0.0000 -0.0068
vn -0.4334 -0.7879 0.4374
vn -0.4419 -0.7881 0.4285
vn 0.9201 -0.0000 0.3917
vn -0.5495 0.8009 0.2379
vn -0.5523 0.8042 0.2197
vn 0.6636 -0.0000 0.7481
vn -0.6062 -0.7578 0.2412
vn -0.5977 -0.7588 0.2587
vn 0.0001 -0.0000 1.0000
vn -0.7985 0.5931 0.1029
vn -0.7839 0.6183 0.0568
vn -0.2987 -0.0000 0.9544
vn -0.7073 -0.7051 0.0512
vn -0.7036 -0.7048 0.0907
vn -0.8675 -0.0000 0.4975
vn -0.7912 0.6030 -0.1020
vn -0.8634 0.5044 0.0057
vn -0.9982 -0.0000 0.0604
vn -0.7201 -0.6938 0.0047
vn -0.7008 -0.7076 -0.0903
vn -1.0000 -0.0000 0.0047
vn -0.7584 0.6513 -0.0254
vn -0.9999 -0.0000 -0.0160
vn -0.7055 -0.7083 -0.0236
vn -0.9177 -0.0000 -0.3973
vn -0.3782 0.8500 -0.3667
vn -0.5051 0.8166 -0.2792
vn -0.6893 -0.0000 -0.7245
vn -0.5561 -0.7722 -0.3074
vn -0.4416 -0.7884 -0.4282
vn -0.0082 -0.0000 -1.0000
vn -0.0604 0.8712 -0.4873
vn -0.1932 0.8407 -0.5059
vn -0.0512 -0.7769 -0.6275
vn -0.2215 -0.7839 -0.5800
vn 0.4037 -0.0000 -0.9149
vn 0.1916 -0.7757 0.6013
vn 0.1737 0.8201 0.5453
vn 0.1021 0.8365 0.5384
vn 0.4482 -0.7851 0.4275
vn 0.4881 -0.7799 0.3919
vn 0.4422 0.8237 0.3550
vn 0.3942 0.8386 0.3760
vn 0.6988 -0.7141 0.0417
vn 0.7418 0.6692 0.0443
vn 0.7012 -0.7074 0.0889
vn 0.7202 -0.6938 -0.0048
vn 0.8616 0.5076 -0.0058
vn 0.7903 0.6045 0.1002
vn 0.7083 -0.7002 -0.0898
vn 0.7123 -0.7018 0.0049
vn 0.7657 0.6432 0.0053
vn 0.8170 0.5672 -0.1036
vn 0.5964 -0.7615 -0.2539
vn 0.6107 -0.7602 -0.2216
vn 0.5438 0.8157 -0.1974
vn 0.5428 0.8075 -0.2311
vn 0.4410 -0.7928 -0.4206
vn 0.4078 -0.7917 -0.4549
vn 0.3444 0.8566 -0.3843
vn 0.3626 0.8654 -0.3458
vn 0.0641 -0.7811 -0.6212
vn 0.0069 -0.7638 -0.6454
vn 0.0061 0.8219 -0.5696
vn 0.0684 0.8799 -0.4702
vn 0.0689 0.7418 -0.6671
vn 0.6528 0.7530 -0.0827
vn 0.0534 0.8085 0.5861
vn -0.1036 0.7449 0.6591
vn -0.0517 0.7722 -0.6333
vt 0.750000 0.490000
vt 0.000000 0.500000
vt 1.000000 0.500000
vt 0.250000 0.490000
vt 1.000000 1.000000
vt 0.000000 1.000000
vt 0.841844 0.471731
vt 0.937500 0.500000
vt 0.341844 0.471731
vt 0.937500 1.000000
vt 0.919706 0.419706
vt 0.875000 0.500000
vt 0.419706 0.419706
vt 0.875000 1.000000
vt 0.971731 0.341844
vt 0.812500 0.500000
vt 0.471731 0.341844
vt 0.812500 1.000000
vt 0.990000 0.250000
vt 0.750000 0.500000
vt 0.490000 0.250000
vt 0.750000 1.000000
vt 0.971731 0.158156
vt 0.687500 0.500000
vt 0.471731 0.158156
vt 0.687500 1.000000
vt 0.919706 0.080294
vt 0.625000 0.500000
vt 0.419706 0.080294
vt 0.625000 1.000000
vt 0.841844 0.028269
vt 0.562500 0.500000
vt 0.341844 0.028269
vt 0.562500 1.000000
vt 0.750000 0.010000
vt 0.500000 0.500000
vt 0.250000 0.010000
vt 0.500000 1.000000
vt 0.658156 0.028269
vt 0.437500 0.500000
vt 0.158156 0.028269
vt 0.437500 1.000000
vt 0.580294 0.080294
vt 0.375000 0.500000
vt 0.080294 0.080294
vt 0.375000 1.000000
vt 0.528269 0.158156
vt 0.312500 0.500000
vt 0.028269 0.158156
vt 0.312500 1.000000
vt 0.510000 0.250000
vt 0.250000 0.500000
vt 0.010000 0.250000
vt 0.250000 1.000000
vt 0.528269 0.341844
vt 0.187500 0.500000
vt 0.028269 0.341844
vt 0.187500 1.000000
vt 0.580294 0.419706
vt 0.125000 0.500000
vt 0.080294 0.419706
vt 0.125000 1.000000
vt 0.658156 0.471731
vt 0.062500 0.500000
vt 0.158156 0.471731
vt 0.062500 1.000000
vt 0.000000 0.600000
vt 1.000000 0.600000
vt 0.000000 0.700000
vt 1.000000 0.700000
vt 0.000000 0.800000
vt 1.000000 0.800000
vt 1.000000 0.900000
vt 0.000000 0.900000
vt 0.937500 0.900000
vt 0.937500 0.800000
vt 0.937500 0.700000
vt 0.937500 0.600000
vt 0.875000 0.900000
vt 0.875000 0.800000
vt 0.875000 0.700000
vt 0.875000 0.600000
vt 0.812500 0.900000
vt 0.812500 0.800000
vt 0.812500 0.700000
vt 0.812500 0.600000
vt 0.750000 0.900000
vt 0.750000 0.800000
vt 0.750000 0.700000
vt 0.750000 0.600000
vt 0.687500 0.900000
vt 0.687500 0.800000
vt 0.687500 0.700000
vt 0.687500 0.600000
vt 0.625000 0.900000
vt 0.625000 0.800000
vt 0.625000 0.700000
vt 0.625000 0.600000
vt 0.562500 0.900000
vt 0.562500 0.800000
vt 0.562500 0.700000
vt 0.562500 0.600000
vt 0.500000 0.900000
vt 0.500000 0.800000
vt 0.500000 0.700000
vt 0.500000 0.600000
vt 0.437500 0.900000
vt 0.437500 0.800000
vt 0.437500 0.700000
vt 0.437500 0.600000
vt 0.375000 0.900000
vt 0.375000 0.800000
vt 0.375000 0.700000
vt 0.375000 0.600000
vt 0.312500 0.900000
vt 0.312500 0.800000
vt 0.312500 0.700000
vt 0.312500 0.600000
vt 0.250000 0.900000
vt 0.250000 0.800000
vt 0.250000 0.700000
vt 0.250000 0.600000
vt 0.187500 0.900000
vt 0.187500 0.800000
vt 0.187500 0.700000
vt 0.187500 0.600000
vt 0.125000 0.900000
vt 0.125000 0.800000
vt 0.125000 0.700000
vt 0.125000 0.600000
vt 0.062500 0.900000
vt 0.062500 0.800000
vt 0.062500 0.700000
vt 0.062500 0.600000
vt 0.031250 0.700000
vt 0.031250 0.800000
vt 0.093750 0.700000
vt 0.093750 0.800000
vt 0.156250 0.700000
vt 0.156250 0.800000
vt 0.218750 0.700000
vt 0.218750 0.800000
vt 0.281250 0.700000
vt 0.281250 0.800000
vt 0.343750 0.700000
vt 0.343750 0.800000
vt 0.406250 0.700000
vt 0.406250 0.800000
vt 0.468750 0.700000
vt 0.468750 0.800000
vt 0.531250 0.700000
vt 0.531250 0.800000
vt 0.593750 0.700000
vt 0.593750 0.800000
vt 0.656250 0.700000
vt 0.656250 0.800000
vt 0.718750 0.700000
vt 0.718750 0.800000
vt 0.781250 0.700000
vt 0.781250 0.800000
vt 0.843750 0.700000
vt 0.843750 0.800000
vt 0.906250 0.700000
vt 0.906250 0.800000
vt 0.968750 0.700000
vt 0.968750 0.800000
s 0
usemtl Diamond
f 407/541/562 442/611/562 441/609/562
f 409/546/563 446/615/563 442/611/563
f 411/550/564 450/619/564 446/615/564
f 413/554/565 454/623/565 450/619/565
f 415/558/566 458/627/566 454/623/566
f 417/562/567 462/631/567 458/627/567
f 419/566/568 466/635/568 462/631/568
f 421/570/569 470/639/569 466/635/569
f 423/574/570 474/643/570 470/639/570
f 425/578/571 478/647/571 474/643/571
f 427/582/572 482/651/572 478/647/572
f 429/586/573 486/655/573 482/651/573
f 431/590/574 490/659/574 486/655/574
f 433/594/575 494/663/575 490/659/575
f 409/545/576 407/540/576 437/601/576 435/597/576 433/593/576 431/589/576 429/585/576 427/581/576 425/577/576 423/573/576 421/569/576 419/565/576 417/561/576 415/557/576 413/553/576 411/549/576
f 435/598/577 498/667/577 494/663/577
f 437/602/578 441/610/578 498/667/578
f 406/537/579 408/543/579 410/547/579 412/551/579 414/555/579 416/559/579 418/563/579 420/567/579 422/571/579 424/575/579 426/579/579 428/583/579 430/587/579 432/591/579 434/595/579 436/599/579
f 436/600/580 501/670/580 438/603/580 406/538/580
f 502/671/581 439/605/581 438/603/581
f 500/669/582 499/668/582 503/672/582 502/671/582
f 441/610/583 440/607/583 503/672/583
f 434/596/584 497/666/584 501/670/584 436/600/584
f 504/673/585 500/669/585 501/670/585
f 496/665/586 495/664/586 505/674/586 504/673/586
f 498/667/587 499/668/587 505/674/587
f 432/592/588 493/662/588 497/666/588 434/596/588
f 506/675/589 496/665/589 497/666/589
f 492/661/590 491/660/590 507/676/590 506/675/590
f 494/663/591 495/664/591 507/676/591
f 430/588/592 489/658/592 493/662/592 432/592/592
f 508/677/593 492/661/593 493/662/593
f 488/657/594 487/656/594 509/678/594 508/677/594
f 490/659/595 491/660/595 509/678/595
f 428/584/596 485/654/596 489/658/596 430/588/596
f 510/679/597 488/657/597 489/658/597
f 484/653/598 483/652/598 511/680/598 510/679/598
f 486/655/599 487/656/599 511/680/599
f 426/580/600 481/650/600 485/654/600 428/584/600
f 512/681/601 484/653/601 485/654/601
f 480/649/602 479/648/602 513/682/602 512/681/602
f 482/651/603 483/652/603 513/682/603
f 424/576/604 477/646/604 481/650/604 426/580/604
f 514/683/605 480/649/605 481/650/605
f 476/645/606 475/644/606 515/684/606 514/683/606
f 478/647/607 479/648/607 515/684/607
f 422/572/608 473/642/608 477/646/608 424/576/608
f 516/685/609 476/645/609 477/646/609
f 472/641/610 471/640/610 517/686/610 516/685/610
f 474/643/611 475/644/611 517/686/611
f 420/568/612 469/638/612 473/642/612 422/572/612
f 518/687/613 472/641/613 473/642/613
f 468/637/614 467/636/614 519/688/614 518/687/614
f 470/639/615 471/640/615 519/688/615
f 418/564/616 465/634/616 469/638/616 420/568/616
f 520/689/617 468/637/617 469/638/617
f 464/633/618 463/632/618 521/690/618 520/689/618
f 466/635/619 467/636/619 521/690/619
f 416/560/620 461/630/620 465/634/620 418/564/620
f 522/691/621 464/633/621 465/634/621
f 460/629/622 459/628/622 523/692/622 522/691/622
f 462/631/623 463/632/623 523/692/623
f 414/556/624 457/626/624 461/630/624 416/560/624
f 524/693/625 460/629/625 461/630/625
f 456/625/626 455/624/626 525/694/626 524/693/626
f 458/627/627 459/628/627 525/694/627
f 412/552/628 453/622/628 457/626/628 414/556/628
f 526/695/629 456/625/629 457/626/629
f 452/621/630 451/620/630 527/696/630 526/695/630
f 454/623/631 455/624/631 527/696/631
f 410/548/632 449/618/632 453/622/632 412/552/632
f 528/697/633 452/621/633 453/622/633
f 448/617/634 447/616/634 529/698/634 528/697/634
f 450/619/635 451/620/635 529/698/635
f 408/544/636 445/614/636 449/618/636 410/548/636
f 530/699/637 448/617/637 449/618/637
f 444/613/638 443/612/638 531/700/638 530/699/638
f 446/615/639 447/616/639 531/700/639
f 406/539/640 438/604/640 445/614/640 408/544/640
f 532/701/641 444/613/641 445/614/641
f 440/608/642 533/702/642 532/701/642 439/606/642
f 442/611/643 443/612/643 533/702/643
f 473/642/644 469/638/644 518/687/644
f 530/699/645 531/700/645 447/616/645 448/617/645
f 470/639/646 474/643/646 517/686/646
f 517/686/647 471/640/647 470/639/647
f 528/697/648 529/698/648 451/620/648 452/621/648
f 473/642/649 472/641/649 516/685/649
f 477/646/650 473/642/650 516/685/650
f 526/695/651 527/696/651 455/624/651 456/625/651
f 474/643/652 478/647/652 515/684/652
f 515/684/653 475/644/653 474/643/653
f 524/693/654 525/694/654 459/628/654 460/629/654
f 477/646/655 476/645/655 514/683/655
f 481/650/656 477/646/656 514/683/656
f 522/691/657 523/692/657 463/632/657 464/633/657
f 478/647/658 482/651/658 513/682/658
f 513/682/659 479/648/659 478/647/659
f 520/689/660 521/690/660 467/636/660 468/637/660
f 481/650/661 480/649/661 512/681/661
f 485/654/662 481/650/662 512/681/662
f 518/687/663 519/688/663 471/640/663 472/641/663
f 482/651/664 486/655/664 511/680/664
f 511/680/665 483/652/665 482/651/665
f 516/685/666 517/686/666 475/644/666 476/645/666
f 485/654/667 484/653/667 510/679/667
f 489/658/668 485/654/668 510/679/668
f 514/683/669 515/684/669 479/648/669 480/649/669
f 486/655/670 490/659/670 509/678/670
f 509/678/671 487/656/671 486/655/671
f 512/681/672 513/682/672 483/652/672 484/653/672
f 489/658/673 488/657/673 508/677/673
f 493/662/674 489/658/674 508/677/674
f 510/679/675 511/680/675 487/656/675 488/657/675
f 490/659/591 494/663/591 507/676/591
f 507/676/676 491/660/676 490/659/676
f 508/677/677 509/678/677 491/660/677 492/661/677
f 493/662/678 492/661/678 506/675/678
f 497/666/589 493/662/589 506/675/589
f 506/675/679 507/676/679 495/664/679 496/665/679
f 494/663/680 498/667/680 505/674/680
f 505/674/681 495/664/681 494/663/681
f 504/673/682 505/674/682 499/668/682 500/669/682
f 497/666/683 496/665/683 504/673/683
f 501/670/684 497/666/684 504/673/684
f 502/671/685 503/672/685 440/607/685 439/605/685
f 498/667/686 441/610/686 503/672/686
f 503/672/687 499/668/687 498/667/687
f 438/603/688 501/670/688 502/671/688
f 501/670/689 500/669/689 502/671/689
f 532/701/690 533/702/690 443/612/690 444/613/690
f 469/638/691 468/637/691 518/687/691
f 519/688/692 467/636/692 466/635/692
f 466/635/693 470/639/693 519/688/693
f 469/638/694 465/634/694 520/689/694
f 465/634/695 464/633/695 520/689/695
f 521/690/696 463/632/696 462/631/696
f 462/631/697 466/635/697 521/690/697
f 465/634/621 461/630/621 522/691/621
f 461/630/698 460/629/698 522/691/698
f 523/692/699 459/628/699 458/627/699
f 458/627/623 462/631/623 523/692/623
f 461/630/700 457/626/700 524/693/700
f 457/626/701 456/625/701 524/693/701
f 525/694/702 455/624/702 454/623/702
f 454/623/703 458/627/703 525/694/703
f 457/626/704 453/622/704 526/695/704
f 453/622/705 452/621/705 526/695/705
f 527/696/706 451/620/706 450/619/706
f 450/619/707 454/623/707 527/696/707
f 453/622/708 449/618/708 528/697/708
f 449/618/709 448/617/709 528/697/709
f 529/698/710 447/616/710 446/615/710
f 446/615/711 450/619/711 529/698/711
f 449/618/712 445/614/712 530/699/712
f 445/614/713 444/613/713 530/699/713
f 531/700/714 443/612/714 442/611/714
f 442/611/715 446/615/715 531/700/715
f 445/614/716 438/604/716 532/701/716
f 438/604/717 439/606/717 532/701/717
f 533/702/718 440/608/718 441/609/718
f 441/609/719 442/611/719 533/702/719
f 407/541/720 409/546/720 442/611/720
f 409/546/563 411/550/563 446/615/563
f 411/550/564 413/554/564 450/619/564
f 413/554/721 415/558/721 454/623/721
f 415/558/566 417/562/566 458/627/566
f 417/562/567 419/566/567 462/631/567
f 419/566/568 421/570/568 466/635/568
f 421/570/722 423/574/722 470/639/722
f 423/574/723 425/578/723 474/643/723
f 425/578/571 427/582/571 478/647/571
f 427/582/572 429/586/572 482/651/572
f 429/586/573 431/590/573 486/655/573
f 431/590/574 433/594/574 490/659/574
f 433/594/575 435/598/575 494/663/575
f 435/598/577 437/602/577 498/667/577
f 437/602/724 407/542/724 441/610/724
o Oval_diamond_red
v 10.581376 0.004090 1.367470
v 10.856423 1.436688 0.193951
v 10.596772 0.004090 1.374626
v 11.301458 1.436688 0.656507
v 10.606287 0.004090 1.393361
v 11.471447 1.436688 1.404940
v 10.606287 0.004090 1.416519
v 11.301458 1.436688 2.153373
v 10.596772 0.004090 1.435254
v 10.856423 1.436688 2.615929
v 10.581376 0.004090 1.442410
v 10.306330 1.436688 2.615929
v 10.565981 0.004090 1.435254
v 9.861294 1.436688 2.153373
v 10.556466 0.004090 1.416519
v 9.691306 1.436688 1.404940
v 10.556466 0.004090 1.393361
v 9.861294 1.436688 0.656507
v 10.565981 0.004090 1.374626
v 10.306330 1.436688 0.193951
v 10.581376 0.404090 0.659837
v 10.581376 0.765695 0.094208
v 10.581376 0.962037 -0.231401
v 10.581376 1.073585 -0.362930
v 11.307749 1.073585 -0.025297
v 11.249382 0.962037 0.081112
v 11.119923 0.765695 0.344536
v 10.887520 0.404090 0.802139
v 11.756672 1.073585 0.858638
v 11.662231 0.962037 0.899283
v 11.452762 0.765695 0.999902
v 11.076727 0.404090 1.174690
v 11.756672 1.073585 1.951242
v 11.662231 0.962037 1.910597
v 11.452762 0.765695 1.809978
v 11.076727 0.404090 1.635190
v 11.307749 1.073585 2.835177
v 11.249382 0.962037 2.728768
v 11.119923 0.765695 2.465344
v 10.887520 0.404090 2.007741
v 10.581376 1.073585 3.172810
v 10.581376 0.962037 3.041281
v 10.581376 0.765695 2.715671
v 10.581376 0.404090 2.150043
v 9.855004 1.073585 2.835177
v 9.913371 0.962037 2.728768
v 10.042830 0.765695 2.465344
v 10.275232 0.404090 2.007741
v 9.406081 1.073585 1.951242
v 9.500521 0.962037 1.910597
v 9.709991 0.765695 1.809978
v 10.086025 0.404090 1.635190
v 9.406081 1.073585 0.858638
v 9.500521 0.962037 0.899283
v 9.709991 0.765695 0.999902
v 10.086025 0.404090 1.174690
v 9.855004 1.073585 -0.025297
v 9.913371 0.962037 0.081112
v 10.042830 0.765695 0.344536
v 10.275232 0.404090 0.802139
v 10.287055 0.741310 0.109088
v 10.216304 0.992285 -0.212826
v 9.810833 0.741310 0.604059
v 9.625605 0.992285 0.405106
v 9.628932 0.741310 1.404940
v 9.399977 0.992285 1.404940
v 9.810833 0.741310 2.205821
v 9.625605 0.992285 2.404774
v 10.287055 0.741310 2.700792
v 10.216304 0.992285 3.022706
v 10.875698 0.741310 2.700792
v 10.946448 0.992285 3.022706
v 11.351919 0.741310 2.205821
v 11.537148 0.992285 2.404774
v 11.533820 0.741310 1.404940
v 11.762775 0.992285 1.404940
v 11.351919 0.741310 0.604059
v 11.537148 0.992285 0.405105
v 10.875698 0.741310 0.109088
v 10.946448 0.992285 -0.212826
vn 0.2876 0.7311 -0.6187
vn 0.6741 0.6545 -0.3424
vn 0.7864 0.6177 -0.0000
vn 0.6741 0.6545 0.3424
vn 0.2876 0.7311 0.6187
vn -0.2876 0.7311 0.6187
vn -0.6741 0.6545 0.3424
vn -0.7864 0.6177 -0.0000
vn -0.0000 1.0000 -0.0000
vn -0.6741 0.6545 -0.3424
vn -0.2876 0.7311 -0.6187
vn -0.0000 -1.0000 -0.0000
vn -0.2230 -0.8486 -0.4797
vn 0.0425 -0.8418 -0.5381
vn -0.4370 -0.7300 -0.5255
vn -0.0957 -0.7592 -0.6438
vn -0.5446 -0.7918 -0.2766
vn -0.4007 -0.8068 -0.4341
vn -0.4960 -0.8310 -0.2519
vn -0.5610 -0.7060 -0.4323
vn -0.6478 -0.7618 -0.0000
vn -0.6397 -0.7489 -0.1731
vn -0.7037 -0.6757 -0.2195
vn -0.7392 -0.6649 -0.1072
vn -0.5446 -0.7918 0.2766
vn -0.6580 -0.7431 0.1218
vn -0.5937 -0.8047 -0.0000
vn -0.7037 -0.6757 0.2195
vn -0.2230 -0.8486 0.4797
vn -0.4600 -0.7953 0.3948
vn -0.7392 -0.6649 0.1072
vn -0.4370 -0.7300 0.5255
vn 0.2230 -0.8486 0.4797
vn -0.0425 -0.8418 0.5381
vn -0.4960 -0.8310 0.2519
vn 0.0957 -0.7592 0.6438
vn 0.5446 -0.7918 0.2766
vn 0.4007 -0.8068 0.4341
vn -0.5610 -0.7060 0.4323
vn 0.5610 -0.7060 0.4323
vn 0.6478 -0.7618 -0.0000
vn 0.6397 -0.7489 0.1731
vn -0.2005 -0.8796 0.4314
vn 0.7392 -0.6649 0.1072
vn 0.5446 -0.7918 -0.2766
vn 0.6580 -0.7431 -0.1218
vn -0.0957 -0.7592 0.6438
vn 0.7037 -0.6757 -0.2195
vn 0.2230 -0.8486 -0.4797
vn 0.4600 -0.7953 -0.3948
vn 0.2005 -0.8796 0.4314
vn 0.4370 -0.7300 -0.5255
vn 0.0360 -0.8241 -0.5653
vn 0.6765 -0.7150 -0.1764
vn -0.4118 0.2135 0.8859
vn 0.4795 -0.7708 -0.4194
vn 0.6926 -0.7089 0.1335
vn 0.0425 -0.8418 0.5381
vn 0.6926 -0.7089 -0.1335
vn 0.4795 -0.7708 0.4194
vn -0.8854 0.1177 0.4497
vn 0.6765 -0.7150 0.1764
vn 0.0360 -0.8241 0.5653
vn -0.4007 -0.8068 0.4341
vn 0.4285 -0.7826 0.4515
vn -0.4285 -0.7826 0.4515
vn -0.9972 0.0749 -0.0000
vn -0.0360 -0.8241 0.5653
vn -0.6765 -0.7150 0.1764
vn -0.6397 -0.7489 0.1731
vn -0.4795 -0.7708 0.4194
vn -0.6926 -0.7089 -0.1335
vn -0.8854 0.1177 -0.4497
vn -0.6926 -0.7089 0.1335
vn -0.4795 -0.7708 -0.4194
vn -0.6580 -0.7431 -0.1218
vn -0.6765 -0.7150 -0.1764
vn -0.0360 -0.8241 -0.5653
vn -0.4118 0.2135 -0.8859
vn -0.4285 -0.7826 -0.4515
vn -0.2005 -0.8796 -0.4314
vn -0.4600 -0.7953 -0.3948
vn 0.4285 -0.7826 -0.4515
vn 0.4600 -0.7953 0.3948
vn 0.4370 -0.7300 0.5255
vn 0.4118 0.2135 0.8859
vn 0.4960 -0.8310 0.2519
vn 0.6580 -0.7431 0.1218
vn 0.7037 -0.6757 0.2195
vn 0.8854 0.1177 0.4497
vn 0.5937 -0.8047 -0.0000
vn 0.6397 -0.7489 -0.1731
vn 0.7392 -0.6649 -0.1072
vn 0.9972 0.0749 -0.0000
vn 0.4960 -0.8310 -0.2519
vn 0.4007 -0.8068 -0.4341
vn 0.5610 -0.7060 -0.4323
vn 0.8854 0.1177 -0.4497
vn 0.2005 -0.8796 -0.4314
vn -0.0425 -0.8418 -0.5381
vn 0.0957 -0.7592 -0.6438
vn 0.4118 0.2135 -0.8859
vn 0.4363 0.7958 -0.4198
vn 0.6562 0.7397 -0.1490
vn 0.6562 0.7397 0.1490
vn 0.4363 0.7958 0.4198
vn -0.0000 0.8377 0.5462
vn -0.4363 0.7958 0.4198
vn -0.6562 0.7397 0.1490
vn -0.6562 0.7397 -0.1490
vn -0.4363 0.7958 -0.4198
vn -0.0000 0.8377 -0.5462
vt 0.750000 0.490000
vt -0.000000 0.500000
vt 1.000000 0.500000
vt 0.250000 0.490000
vt 1.000000 1.000000
vt -0.000000 1.000000
vt 0.891068 0.444164
vt 0.900000 0.500000
vt 0.391068 0.444164
vt 0.900000 1.000000
vt 0.978254 0.324164
vt 0.800000 0.500000
vt 0.478254 0.324164
vt 0.800000 1.000000
vt 0.978254 0.175836
vt 0.700000 0.500000
vt 0.478254 0.175836
vt 0.700000 1.000000
vt 0.891068 0.055836
vt 0.600000 0.500000
vt 0.391068 0.055836
vt 0.600000 1.000000
vt 0.750000 0.010000
vt 0.500000 0.500000
vt 0.250000 0.010000
vt 0.500000 1.000000
vt 0.608932 0.055836
vt 0.400000 0.500000
vt 0.108932 0.055836
vt 0.400000 1.000000
vt 0.521746 0.175836
vt 0.300000 0.500000
vt 0.021746 0.175836
vt 0.300000 1.000000
vt 0.521746 0.324164
vt 0.200000 0.500000
vt 0.021746 0.324164
vt 0.200000 1.000000
vt 0.608932 0.444164
vt 0.100000 0.500000
vt 0.108932 0.444164
vt 0.100000 1.000000
vt -0.000000 0.600000
vt 1.000000 0.600000
vt -0.000000 0.700000
vt 1.000000 0.700000
vt -0.000000 0.800000
vt 1.000000 0.800000
vt 1.000000 0.900000
vt -0.000000 0.900000
vt 0.900000 0.900000
vt 0.900000 0.800000
vt 0.900000 0.700000
vt 0.900000 0.600000
vt 0.800000 0.900000
vt 0.800000 0.800000
vt 0.800000 0.700000
vt 0.800000 0.600000
vt 0.700000 0.900000
vt 0.700000 0.800000
vt 0.700000 0.700000
vt 0.700000 0.600000
vt 0.600000 0.900000
vt 0.600000 0.800000
vt 0.600000 0.700000
vt 0.600000 0.600000
vt 0.500000 0.900000
vt 0.500000 0.800000
vt 0.500000 0.700000
vt 0.500000 0.600000
vt 0.400000 0.900000
vt 0.400000 0.800000
vt 0.400000 0.700000
vt 0.400000 0.600000
vt 0.300000 0.900000
vt 0.300000 0.800000
vt 0.300000 0.700000
vt 0.300000 0.600000
vt 0.200000 0.900000
vt 0.200000 0.800000
vt 0.200000 0.700000
vt 0.200000 0.600000
vt 0.100000 0.900000
vt 0.100000 0.800000
vt 0.100000 0.700000
vt 0.100000 0.600000
vt 0.050000 0.700000
vt 0.050000 0.800000
vt 0.150000 0.700000
vt 0.150000 0.800000
vt 0.250000 0.700000
vt 0.250000 0.800000
vt 0.350000 0.700000
vt 0.350000 0.800000
vt 0.450000 0.700000
vt 0.450000 0.800000
vt 0.550000 0.700000
vt 0.550000 0.800000
vt 0.650000 0.700000
vt 0.650000 0.800000
vt 0.750000 0.700000
vt 0.750000 0.800000
vt 0.850000 0.700000
vt 0.850000 0.800000
vt 0.950000 0.700000
vt 0.950000 0.800000
s 0
usemtl Diamond_Pink
f 535/707/725 558/753/725 557/751/725
f 537/712/726 562/757/726 558/753/726
f 539/716/727 566/761/727 562/757/727
f 541/720/728 570/765/728 566/761/728
f 543/724/729 574/769/729 570/765/729
f 545/728/730 578/773/730 574/769/730
f 547/732/731 582/777/731 578/773/731
f 549/736/732 586/781/732 582/777/732
f 537/711/733 535/706/733 553/743/733 551/739/733 549/735/733 547/731/733 545/727/733 543/723/733 541/719/733 539/715/733
f 551/740/734 590/785/734 586/781/734
f 553/744/735 557/752/735 590/785/735
f 534/703/736 536/709/736 538/713/736 540/717/736 542/721/736 544/725/736 546/729/736 548/733/736 550/737/736 552/741/736
f 552/742/737 593/788/737 554/745/737 534/704/737
f 594/789/738 555/747/738 554/745/738
f 595/790/739 591/786/739 590/785/739
f 557/752/740 556/749/740 595/790/740
f 550/738/741 589/784/741 593/788/741 552/742/741
f 596/791/742 592/787/742 593/788/742
f 593/788/743 589/784/743 596/791/743
f 590/785/744 591/786/744 597/792/744
f 548/734/745 585/780/745 589/784/745 550/738/745
f 598/793/746 588/783/746 589/784/746
f 597/792/747 587/782/747 586/781/747
f 586/781/748 587/782/748 599/794/748
f 546/730/749 581/776/749 585/780/749 548/734/749
f 600/795/750 584/779/750 585/780/750
f 589/784/751 585/780/751 598/793/751
f 582/777/752 583/778/752 601/796/752
f 544/726/753 577/772/753 581/776/753 546/730/753
f 602/797/754 580/775/754 581/776/754
f 599/794/755 583/778/755 582/777/755
f 578/773/756 579/774/756 603/798/756
f 542/722/757 573/768/757 577/772/757 544/726/757
f 604/799/758 576/771/758 577/772/758
f 585/780/759 581/776/759 600/795/759
f 574/769/760 575/770/760 605/800/760
f 540/718/761 569/764/761 573/768/761 542/722/761
f 606/801/762 572/767/762 573/768/762
f 601/796/763 579/774/763 578/773/763
f 570/765/764 571/766/764 607/802/764
f 538/714/765 565/760/765 569/764/765 540/718/765
f 608/803/766 568/763/766 569/764/766
f 581/776/767 577/772/767 602/797/767
f 566/761/768 567/762/768 609/804/768
f 536/710/769 561/756/769 565/760/769 538/714/769
f 610/805/770 564/759/770 565/760/770
f 603/798/771 575/770/771 574/769/771
f 562/757/772 563/758/772 611/806/772
f 534/705/773 554/746/773 561/756/773 536/710/773
f 612/807/774 560/755/774 561/756/774
f 577/772/775 573/768/775 604/799/775
f 558/753/776 559/754/776 613/808/776
f 556/750/777 613/808/777 612/807/777 555/748/777
f 610/805/778 611/806/778 563/758/778 564/759/778
f 574/769/779 578/773/779 603/798/779
f 560/755/780 559/754/780 611/806/780 610/805/780
f 608/803/781 609/804/781 567/762/781 568/763/781
f 577/772/782 576/771/782 602/797/782
f 564/759/783 563/758/783 609/804/783 608/803/783
f 606/801/784 607/802/784 571/766/784 572/767/784
f 578/773/785 582/777/785 601/796/785
f 568/763/786 567/762/786 607/802/786 606/801/786
f 604/799/787 605/800/787 575/770/787 576/771/787
f 581/776/788 580/775/788 600/795/788
f 572/767/789 571/766/789 605/800/789 604/799/789
f 602/797/790 603/798/790 579/774/790 580/775/790
f 582/777/791 586/781/791 599/794/791
f 576/771/792 575/770/792 603/798/792 602/797/792
f 600/795/793 601/796/793 583/778/793 584/779/793
f 585/780/794 584/779/794 598/793/794
f 580/775/795 579/774/795 601/796/795 600/795/795
f 598/793/796 599/794/796 587/782/796 588/783/796
f 586/781/797 590/785/797 597/792/797
f 584/779/798 583/778/798 599/794/798 598/793/798
f 596/791/799 597/792/799 591/786/799 592/787/799
f 589/784/800 588/783/800 596/791/800
f 588/783/801 587/782/801 597/792/801 596/791/801
f 594/789/802 595/790/802 556/749/802 555/747/802
f 590/785/803 557/752/803 595/790/803
f 592/787/804 591/786/804 595/790/804 594/789/804
f 554/745/805 593/788/805 594/789/805
f 593/788/806 592/787/806 594/789/806
f 612/807/807 613/808/807 559/754/807 560/755/807
f 573/768/808 572/767/808 604/799/808
f 605/800/809 571/766/809 570/765/809
f 570/765/810 574/769/810 605/800/810
f 573/768/811 569/764/811 606/801/811
f 569/764/812 568/763/812 606/801/812
f 607/802/813 567/762/813 566/761/813
f 566/761/814 570/765/814 607/802/814
f 569/764/815 565/760/815 608/803/815
f 565/760/816 564/759/816 608/803/816
f 609/804/817 563/758/817 562/757/817
f 562/757/818 566/761/818 609/804/818
f 565/760/819 561/756/819 610/805/819
f 561/756/820 560/755/820 610/805/820
f 611/806/821 559/754/821 558/753/821
f 558/753/822 562/757/822 611/806/822
f 561/756/823 554/746/823 612/807/823
f 554/746/824 555/748/824 612/807/824
f 613/808/825 556/750/825 557/751/825
f 557/751/826 558/753/826 613/808/826
f 535/707/827 537/712/827 558/753/827
f 537/712/828 539/716/828 562/757/828
f 539/716/829 541/720/829 566/761/829
f 541/720/830 543/724/830 570/765/830
f 543/724/831 545/728/831 574/769/831
f 545/728/832 547/732/832 578/773/832
f 547/732/833 549/736/833 582/777/833
f 549/736/834 551/740/834 586/781/834
f 551/740/835 553/744/835 590/785/835
f 553/744/836 535/708/836 557/752/836
o Round_diamond_red
v 0.249467 0.028240 1.326873
v 0.520782 2.028240 0.529320
v 0.271491 0.028240 1.334029
v 0.959780 2.028240 0.848270
v 0.285103 0.028240 1.352764
v 1.127463 2.028240 1.364343
v 0.285103 0.028240 1.375922
v 0.959780 2.028240 1.880416
v 0.271491 0.028240 1.394657
v 0.520782 2.028240 2.199367
v 0.249467 0.028240 1.401814
v -0.021849 2.028240 2.199367
v 0.227442 0.028240 1.394657
v -0.460847 2.028240 1.880416
v 0.213831 0.028240 1.375922
v -0.628529 2.028240 1.364343
v 0.213831 0.028240 1.352764
v -0.460847 2.028240 0.848270
v 0.227442 0.028240 1.334029
v -0.021849 2.028240 0.529320
v 0.249467 0.428240 0.848967
v 0.249467 0.827316 0.463656
v 0.249467 1.440110 -0.228600
v 0.249467 1.508509 -0.356641
v 1.261036 1.508509 -0.027962
v 1.179752 1.440110 0.075625
v 0.778878 0.827316 0.635672
v 0.552398 0.428240 0.947395
v 1.886220 1.508509 0.832530
v 1.754700 1.440110 0.872097
v 1.106071 0.827316 1.086016
v 0.739619 0.428240 1.205083
v 1.886220 1.508509 1.896157
v 1.754700 1.440110 1.856590
v 1.106071 0.827316 1.642671
v 0.739619 0.428240 1.523604
v 1.261036 1.508509 2.756649
v 1.179752 1.440110 2.653062
v 0.778878 0.827316 2.093015
v 0.552398 0.428240 1.781292
v 0.249467 1.508509 3.085328
v 0.249467 1.440110 2.957287
v 0.249467 0.827316 2.265031
v 0.249467 0.428240 1.879720
v -0.762102 1.508509 2.756649
v -0.680818 1.440110 2.653062
v -0.279944 0.827316 2.093015
v -0.053464 0.428240 1.781292
v -1.387286 1.508509 1.896157
v -1.255766 1.440110 1.856590
v -0.607138 0.827316 1.642671
v -0.240686 0.428240 1.523604
v -1.387286 1.508509 0.832530
v -1.255766 1.440110 0.872097
v -0.607138 0.827316 1.086016
v -0.240686 0.428240 1.205083
v -0.762102 1.508509 -0.027962
v -0.680818 1.440110 0.075625
v -0.279944 0.827316 0.635672
v -0.053464 0.428240 0.947395
v -0.039862 0.810559 0.473880
v -0.258945 1.469555 -0.210517
v -0.508006 0.810559 0.814007
v -1.081571 1.469555 0.391026
v -0.686822 0.810559 1.364343
v -1.395787 1.469555 1.364343
v -0.508006 0.810559 1.914680
v -1.081571 1.469555 2.337661
v -0.039862 0.810559 2.254807
v -0.258945 1.469555 2.939204
v 0.538796 0.810559 2.254807
v 0.757878 1.469555 2.939204
v 1.006940 0.810559 1.914680
v 1.580505 1.469555 2.337661
v 1.185755 0.810559 1.364343
v 1.894720 1.469555 1.364343
v 1.006940 0.810559 0.814007
v 1.580505 1.469555 0.391026
v 0.538796 0.810559 0.473880
v 0.757878 1.469555 -0.210517
vn 0.1746 0.8250 -0.5375
vn 0.4572 0.8250 -0.3322
vn 0.5651 0.8250 -0.0000
vn 0.4572 0.8250 0.3322
vn 0.1746 0.8250 0.5375
vn -0.1746 0.8250 0.5375
vn -0.4572 0.8250 0.3322
vn -0.5651 0.8250 -0.0000
vn -0.0000 1.0000 -0.0000
vn -0.4572 0.8250 -0.3322
vn -0.1746 0.8250 -0.5375
vn -0.0000 -1.0000 -0.0000
vn -0.2042 -0.7507 -0.6283
vn 0.0148 -0.6945 -0.7193
vn -0.2182 -0.8843 -0.4127
vn -0.0677 -0.8800 -0.4701
vn -0.5345 -0.7507 -0.3883
vn -0.4108 -0.6945 -0.5906
vn -0.5264 -0.7593 -0.3825
vn -0.3250 -0.8862 -0.3302
vn -0.6607 -0.7507 -0.0000
vn -0.6795 -0.6945 -0.2364
vn -0.4038 -0.8925 -0.2008
vn -0.4429 -0.8936 -0.0725
vn -0.5345 -0.7507 0.3883
vn -0.6887 -0.6945 0.2082
vn -0.6507 -0.7593 -0.0000
vn -0.4038 -0.8925 0.2008
vn -0.2042 -0.7507 0.6283
vn -0.4348 -0.6945 0.5732
vn -0.4429 -0.8936 0.0725
vn -0.2182 -0.8843 0.4127
vn 0.2042 -0.7507 0.6283
vn -0.0148 -0.6945 0.7193
vn -0.5264 -0.7593 0.3825
vn 0.0677 -0.8800 0.4701
vn 0.5345 -0.7507 0.3883
vn 0.4108 -0.6945 0.5906
vn -0.3250 -0.8862 0.3302
vn 0.3250 -0.8862 0.3302
vn 0.6607 -0.7507 -0.0000
vn 0.6795 -0.6945 0.2364
vn -0.2011 -0.7593 0.6189
vn 0.4429 -0.8936 0.0725
vn 0.5345 -0.7507 -0.3883
vn 0.6887 -0.6945 -0.2082
vn -0.0677 -0.8800 0.4701
vn 0.4038 -0.8925 -0.2008
vn 0.2042 -0.7507 -0.6283
vn 0.4348 -0.6945 -0.5732
vn 0.2011 -0.7593 0.6189
vn 0.2182 -0.8843 -0.4127
vn 0.0357 -0.7369 -0.6751
vn 0.6357 -0.7327 -0.2431
vn -0.2801 0.4221 0.8622
vn 0.4280 -0.7347 -0.5263
vn 0.6582 -0.7321 0.1756
vn 0.0148 -0.6945 0.7193
vn 0.6582 -0.7321 -0.1756
vn 0.4280 -0.7347 0.5263
vn -0.7721 0.2984 0.5610
vn 0.6357 -0.7327 0.2431
vn 0.0357 -0.7369 0.6751
vn -0.4108 -0.6945 0.5906
vn 0.3699 -0.7356 0.5675
vn -0.3699 -0.7356 0.5675
vn -0.9770 0.2132 -0.0000
vn -0.0357 -0.7369 0.6751
vn -0.6357 -0.7327 0.2431
vn -0.6795 -0.6945 0.2364
vn -0.4280 -0.7347 0.5263
vn -0.6582 -0.7321 -0.1756
vn -0.7721 0.2984 -0.5610
vn -0.6582 -0.7321 0.1756
vn -0.4280 -0.7347 -0.5263
vn -0.6887 -0.6945 -0.2082
vn -0.6357 -0.7327 -0.2431
vn -0.0357 -0.7369 -0.6751
vn -0.2801 0.4221 -0.8622
vn -0.3699 -0.7356 -0.5675
vn -0.2011 -0.7593 -0.6189
vn -0.4348 -0.6945 -0.5732
vn 0.3699 -0.7356 -0.5675
vn 0.4348 -0.6945 0.5732
vn 0.2182 -0.8843 0.4127
vn 0.2801 0.4221 0.8622
vn 0.5264 -0.7593 0.3825
vn 0.6887 -0.6945 0.2082
vn 0.4038 -0.8925 0.2008
vn 0.7721 0.2984 0.5610
vn 0.6507 -0.7593 -0.0000
vn 0.6795 -0.6945 -0.2364
vn 0.4429 -0.8936 -0.0725
vn 0.9770 0.2132 -0.0000
vn 0.5264 -0.7593 -0.3825
vn 0.4108 -0.6945 -0.5906
vn 0.3250 -0.8862 -0.3302
vn 0.7721 0.2984 -0.5610
vn 0.2011 -0.7593 -0.6189
vn -0.0148 -0.6945 -0.7193
vn 0.0677 -0.8800 -0.4701
vn 0.2801 0.4221 -0.8622
vn 0.2974 0.8625 -0.4094
vn 0.4812 0.8625 -0.1564
vn 0.4812 0.8625 0.1564
vn 0.2974 0.8625 0.4094
vn -0.0000 0.8625 0.5060
vn -0.2974 0.8625 0.4094
vn -0.4812 0.8625 0.1564
vn -0.4812 0.8625 -0.1564
vn -0.2974 0.8625 -0.4094
vn -0.0000 0.8625 -0.5060
vt 0.750000 0.490000
vt -0.000000 0.500000
vt 1.000000 0.500000
vt 0.250000 0.490000
vt 1.000000 1.000000
vt -0.000000 1.000000
vt 0.891068 0.444164
vt 0.900000 0.500000
vt 0.391068 0.444164
vt 0.900000 1.000000
vt 0.978254 0.324164
vt 0.800000 0.500000
vt 0.478254 0.324164
vt 0.800000 1.000000
vt 0.978254 0.175836
vt 0.700000 0.500000
vt 0.478254 0.175836
vt 0.700000 1.000000
vt 0.891068 0.055836
vt 0.600000 0.500000
vt 0.391068 0.055836
vt 0.600000 1.000000
vt 0.750000 0.010000
vt 0.500000 0.500000
vt 0.250000 0.010000
vt 0.500000 1.000000
vt 0.608932 0.055836
vt 0.400000 0.500000
vt 0.108932 0.055836
vt 0.400000 1.000000
vt 0.521746 0.175836
vt 0.300000 0.500000
vt 0.021746 0.175836
vt 0.300000 1.000000
vt 0.521746 0.324164
vt 0.200000 0.500000
vt 0.021746 0.324164
vt 0.200000 1.000000
vt 0.608932 0.444164
vt 0.100000 0.500000
vt 0.108932 0.444164
vt 0.100000 1.000000
vt -0.000000 0.600000
vt 1.000000 0.600000
vt -0.000000 0.700000
vt 1.000000 0.700000
vt -0.000000 0.800000
vt 1.000000 0.800000
vt 1.000000 0.900000
vt -0.000000 0.900000
vt 0.900000 0.900000
vt 0.900000 0.800000
vt 0.900000 0.700000
vt 0.900000 0.600000
vt 0.800000 0.900000
vt 0.800000 0.800000
vt 0.800000 0.700000
vt 0.800000 0.600000
vt 0.700000 0.900000
vt 0.700000 0.800000
vt 0.700000 0.700000
vt 0.700000 0.600000
vt 0.600000 0.900000
vt 0.600000 0.800000
vt 0.600000 0.700000
vt 0.600000 0.600000
vt 0.500000 0.900000
vt 0.500000 0.800000
vt 0.500000 0.700000
vt 0.500000 0.600000
vt 0.400000 0.900000
vt 0.400000 0.800000
vt 0.400000 0.700000
vt 0.400000 0.600000
vt 0.300000 0.900000
vt 0.300000 0.800000
vt 0.300000 0.700000
vt 0.300000 0.600000
vt 0.200000 0.900000
vt 0.200000 0.800000
vt 0.200000 0.700000
vt 0.200000 0.600000
vt 0.100000 0.900000
vt 0.100000 0.800000
vt 0.100000 0.700000
vt 0.100000 0.600000
vt 0.050000 0.700000
vt 0.050000 0.800000
vt 0.150000 0.700000
vt 0.150000 0.800000
vt 0.250000 0.700000
vt 0.250000 0.800000
vt 0.350000 0.700000
vt 0.350000 0.800000
vt 0.450000 0.700000
vt 0.450000 0.800000
vt 0.550000 0.700000
vt 0.550000 0.800000
vt 0.650000 0.700000
vt 0.650000 0.800000
vt 0.750000 0.700000
vt 0.750000 0.800000
vt 0.850000 0.700000
vt 0.850000 0.800000
vt 0.950000 0.700000
vt 0.950000 0.800000
s 0
usemtl Diamond_Pink
f 615/813/837 638/859/837 637/857/837
f 617/818/838 642/863/838 638/859/838
f 619/822/839 646/867/839 642/863/839
f 621/826/840 650/871/840 646/867/840
f 623/830/841 654/875/841 650/871/841
f 625/834/842 658/879/842 654/875/842
f 627/838/843 662/883/843 658/879/843
f 629/842/844 666/887/844 662/883/844
f 617/817/845 615/812/845 633/849/845 631/845/845 629/841/845 627/837/845 625/833/845 623/829/845 621/825/845 619/821/845
f 631/846/846 670/891/846 666/887/846
f 633/850/847 637/858/847 670/891/847
f 614/809/848 616/815/848 618/819/848 620/823/848 622/827/848 624/831/848 626/835/848 628/839/848 630/843/848 632/847/848
f 632/848/849 673/894/849 634/851/849 614/810/849
f 674/895/850 635/853/850 634/851/850
f 675/896/851 671/892/851 670/891/851
f 637/858/852 636/855/852 675/896/852
f 630/844/853 669/890/853 673/894/853 632/848/853
f 676/897/854 672/893/854 673/894/854
f 673/894/855 669/890/855 676/897/855
f 670/891/856 671/892/856 677/898/856
f 628/840/857 665/886/857 669/890/857 630/844/857
f 678/899/858 668/889/858 669/890/858
f 677/898/859 667/888/859 666/887/859
f 666/887/860 667/888/860 679/900/860
f 626/836/861 661/882/861 665/886/861 628/840/861
f 680/901/862 664/885/862 665/886/862
f 669/890/863 665/886/863 678/899/863
f 662/883/864 663/884/864 681/902/864
f 624/832/865 657/878/865 661/882/865 626/836/865
f 682/903/866 660/881/866 661/882/866
f 679/900/867 663/884/867 662/883/867
f 658/879/868 659/880/868 683/904/868
f 622/828/869 653/874/869 657/878/869 624/832/869
f 684/905/870 656/877/870 657/878/870
f 665/886/871 661/882/871 680/901/871
f 654/875/872 655/876/872 685/906/872
f 620/824/873 649/870/873 653/874/873 622/828/873
f 686/907/874 652/873/874 653/874/874
f 681/902/875 659/880/875 658/879/875
f 650/871/876 651/872/876 687/908/876
f 618/820/877 645/866/877 649/870/877 620/824/877
f 688/909/878 648/869/878 649/870/878
f 661/882/879 657/878/879 682/903/879
f 646/867/880 647/868/880 689/910/880
f 616/816/881 641/862/881 645/866/881 618/820/881
f 690/911/882 644/865/882 645/866/882
f 683/904/883 655/876/883 654/875/883
f 642/863/884 643/864/884 691/912/884
f 614/811/885 634/852/885 641/862/885 616/816/885
f 692/913/886 640/861/886 641/862/886
f 657/878/887 653/874/887 684/905/887
f 638/859/888 639/860/888 693/914/888
f 636/856/889 693/914/889 692/913/889 635/854/889
f 690/911/890 691/912/890 643/864/890 644/865/890
f 654/875/891 658/879/891 683/904/891
f 640/861/892 639/860/892 691/912/892 690/911/892
f 688/909/893 689/910/893 647/868/893 648/869/893
f 657/878/894 656/877/894 682/903/894
f 644/865/895 643/864/895 689/910/895 688/909/895
f 686/907/896 687/908/896 651/872/896 652/873/896
f 658/879/897 662/883/897 681/902/897
f 648/869/898 647/868/898 687/908/898 686/907/898
f 684/905/899 685/906/899 655/876/899 656/877/899
f 661/882/900 660/881/900 680/901/900
f 652/873/901 651/872/901 685/906/901 684/905/901
f 682/903/902 683/904/902 659/880/902 660/881/902
f 662/883/903 666/887/903 679/900/903
f 656/877/904 655/876/904 683/904/904 682/903/904
f 680/901/905 681/902/905 663/884/905 664/885/905
f 665/886/906 664/885/906 678/899/906
f 660/881/907 659/880/907 681/902/907 680/901/907
f 678/899/908 679/900/908 667/888/908 668/889/908
f 666/887/909 670/891/909 677/898/909
f 664/885/910 663/884/910 679/900/910 678/899/910
f 676/897/911 677/898/911 671/892/911 672/893/911
f 669/890/912 668/889/912 676/897/912
f 668/889/913 667/888/913 677/898/913 676/897/913
f 674/895/914 675/896/914 636/855/914 635/853/914
f 670/891/915 637/858/915 675/896/915
f 672/893/916 671/892/916 675/896/916 674/895/916
f 634/851/917 673/894/917 674/895/917
f 673/894/918 672/893/918 674/895/918
f 692/913/919 693/914/919 639/860/919 640/861/919
f 653/874/920 652/873/920 684/905/920
f 685/906/921 651/872/921 650/871/921
f 650/871/922 654/875/922 685/906/922
f 653/874/923 649/870/923 686/907/923
f 649/870/924 648/869/924 686/907/924
f 687/908/925 647/868/925 646/867/925
f 646/867/926 650/871/926 687/908/926
f 649/870/927 645/866/927 688/909/927
f 645/866/928 644/865/928 688/909/928
f 689/910/929 643/864/929 642/863/929
f 642/863/930 646/867/930 689/910/930
f 645/866/931 641/862/931 690/911/931
f 641/862/932 640/861/932 690/911/932
f 691/912/933 639/860/933 638/859/933
f 638/859/934 642/863/934 691/912/934
f 641/862/935 634/852/935 692/913/935
f 634/852/936 635/854/936 692/913/936
f 693/914/937 636/856/937 637/857/937
f 637/857/938 638/859/938 693/914/938
f 615/813/939 617/818/939 638/859/939
f 617/818/940 619/822/940 642/863/940
f 619/822/941 621/826/941 646/867/941
f 621/826/942 623/830/942 650/871/942
f 623/830/943 625/834/943 654/875/943
f 625/834/944 627/838/944 658/879/944
f 627/838/945 629/842/945 662/883/945
f 629/842/946 631/846/946 666/887/946
f 631/846/947 633/850/947 670/891/947
f 633/850/948 615/814/948 637/858/948
o Marquise_diamond_red
v 7.357867 0.015185 1.291039
v 7.583871 1.447782 0.117520
v 7.370517 0.015185 1.298196
v 7.949554 1.447782 0.580077
v 7.378335 0.015185 1.316931
v 8.089232 1.447782 1.328510
v 7.378335 0.015185 1.340089
v 7.949554 1.447782 2.076942
v 7.370517 0.015185 1.358824
v 7.583871 1.447782 2.539499
v 7.357867 0.015185 1.365980
v 7.131862 1.447782 2.539499
v 7.345216 0.015185 1.358824
v 6.766179 1.447782 2.076942
v 7.337398 0.015185 1.340089
v 6.626501 1.447782 1.328510
v 7.337398 0.015185 1.316931
v 6.766179 1.447782 0.580077
v 7.345216 0.015185 1.298196
v 7.131862 1.447782 0.117520
v 7.357867 0.415185 0.583406
v 7.357867 0.776790 0.017778
v 7.357867 0.973132 -0.448682
v 7.357867 1.084679 -0.680818
v 7.954722 1.084679 -0.101727
v 7.906763 0.973132 0.004682
v 7.800386 0.776790 0.268106
v 7.609423 0.415185 0.725708
v 8.323600 1.084679 0.782208
v 8.245999 0.973132 0.822852
v 8.073879 0.776790 0.923471
v 7.764894 0.415185 1.098260
v 8.323600 1.084679 1.874812
v 8.245999 0.973132 1.834167
v 8.073879 0.776790 1.733548
v 7.764894 0.415185 1.558759
v 7.954722 1.084679 2.758747
v 7.906763 0.973132 2.652338
v 7.800386 0.776790 2.388914
v 7.609423 0.415185 1.931311
v 7.357867 1.084679 3.292565
v 7.357867 0.973132 3.060428
v 7.357867 0.776790 2.639241
v 7.357867 0.415185 2.073613
v 6.761011 1.084679 2.758747
v 6.808971 0.973132 2.652338
v 6.915347 0.776790 2.388914
v 7.106310 0.415185 1.931311
v 6.392133 1.084679 1.874812
v 6.469734 0.973132 1.834167
v 6.641854 0.776790 1.733548
v 6.950840 0.415185 1.558759
v 6.392133 1.084679 0.782208
v 6.469734 0.973132 0.822852
v 6.641854 0.776790 0.923471
v 6.950840 0.415185 1.098260
v 6.761011 1.084679 -0.101727
v 6.808971 0.973132 0.004682
v 6.915347 0.776790 0.268106
v 7.106310 0.415185 0.725708
v 7.116024 0.752404 0.032657
v 7.057889 1.003379 -0.430106
v 6.724716 0.752404 0.527629
v 6.572515 1.003379 0.328675
v 6.575249 0.752404 1.328510
v 6.387117 1.003379 1.328510
v 6.724716 0.752404 2.129390
v 6.572515 1.003379 2.328344
v 7.116024 0.752404 2.624362
v 7.057889 1.003379 3.041853
v 7.599709 0.752404 2.624362
v 7.657845 1.003379 3.041853
v 7.991017 0.752404 2.129390
v 8.143219 1.003379 2.328344
v 8.140485 0.752404 1.328510
v 8.328615 1.003379 1.328510
v 7.991017 0.752404 0.527629
v 8.143219 1.003379 0.328675
v 7.599709 0.752404 0.032657
v 7.657845 1.003379 -0.430106
vn 0.4582 0.7531 -0.4722
vn 0.7432 0.5929 -0.3101
vn 0.8402 0.5423 -0.0000
vn 0.7432 0.5929 0.3101
vn 0.4416 0.7491 0.4937
vn -0.4416 0.7491 0.4937
vn -0.7432 0.5929 0.3101
vn -0.8402 0.5423 -0.0000
vn -0.0000 1.0000 -0.0000
vn -0.7432 0.5929 -0.3101
vn -0.4582 0.7531 -0.4722
vn -0.0000 -1.0000 -0.0000
vn -0.2682 -0.8387 -0.4741
vn 0.0517 -0.8414 -0.5379
vn -0.6313 -0.6600 -0.4073
vn -0.1169 -0.8952 -0.4301
vn -0.6200 -0.7407 -0.2588
vn -0.4699 -0.7774 -0.4182
vn -0.5708 -0.7858 -0.2382
vn -0.6362 -0.6579 -0.4029
vn -0.7191 -0.6949 -0.0000
vn -0.7116 -0.6845 -0.1582
vn -0.7696 -0.6073 -0.1972
vn -0.8005 -0.5917 -0.0954
vn -0.6200 -0.7407 0.2588
vn -0.7285 -0.6760 0.1108
vn -0.6681 -0.7441 -0.0000
vn -0.7696 -0.6073 0.1972
vn -0.2682 -0.8387 0.4741
vn -0.5334 -0.7577 0.3761
vn -0.8005 -0.5917 0.0954
vn -0.5989 -0.6724 0.4349
vn 0.2682 -0.8387 0.4741
vn -0.0517 -0.8414 0.5379
vn -0.5708 -0.7858 0.2382
vn 0.1169 -0.8952 0.4301
vn 0.6200 -0.7407 0.2588
vn 0.4699 -0.7774 0.4182
vn -0.6362 -0.6579 0.4029
vn 0.6362 -0.6579 0.4029
vn 0.7191 -0.6949 -0.0000
vn 0.7116 -0.6845 0.1582
vn -0.2417 -0.8712 0.4273
vn 0.8005 -0.5917 0.0954
vn 0.6200 -0.7407 -0.2588
vn 0.7285 -0.6760 -0.1108
vn -0.1169 -0.8952 0.4301
vn 0.7696 -0.6073 -0.1972
vn 0.2682 -0.8387 -0.4741
vn 0.5334 -0.7577 -0.3761
vn 0.2417 -0.8712 0.4273
vn 0.6313 -0.6600 -0.4073
vn 0.0364 -0.9013 -0.4316
vn 0.7453 -0.6473 -0.1597
vn -0.6582 0.1592 0.7359
vn 0.5537 -0.7314 -0.3979
vn 0.7598 -0.6390 0.1204
vn 0.0517 -0.8414 0.5379
vn 0.7598 -0.6390 -0.1204
vn 0.5537 -0.7314 0.3979
vn -0.9182 0.1003 0.3832
vn 0.7453 -0.6473 0.1597
vn 0.0385 -0.8828 0.4682
vn -0.4699 -0.7774 0.4182
vn 0.5171 -0.7674 0.3792
vn -0.5171 -0.7674 0.3792
vn -0.9981 0.0616 -0.0000
vn -0.0385 -0.8828 0.4682
vn -0.7453 -0.6473 0.1597
vn -0.7116 -0.6845 0.1582
vn -0.5537 -0.7314 0.3979
vn -0.7598 -0.6390 -0.1204
vn -0.9182 0.1003 -0.3832
vn -0.7598 -0.6390 0.1204
vn -0.5537 -0.7314 -0.3979
vn -0.7285 -0.6760 -0.1108
vn -0.7453 -0.6473 -0.1597
vn -0.0364 -0.9013 -0.4316
vn -0.6560 0.3355 -0.6761
vn -0.5233 -0.7734 -0.3578
vn -0.2417 -0.8712 -0.4273
vn -0.5334 -0.7577 -0.3761
vn 0.5233 -0.7734 -0.3578
vn 0.5334 -0.7577 0.3761
vn 0.5989 -0.6724 0.4349
vn 0.6582 0.1591 0.7359
vn 0.5708 -0.7858 0.2382
vn 0.7285 -0.6760 0.1108
vn 0.7696 -0.6073 0.1972
vn 0.9182 0.1003 0.3832
vn 0.6681 -0.7441 -0.0000
vn 0.7116 -0.6845 -0.1582
vn 0.8005 -0.5917 -0.0954
vn 0.9981 0.0616 -0.0000
vn 0.5708 -0.7858 -0.2382
vn 0.4699 -0.7774 -0.4182
vn 0.6362 -0.6579 -0.4029
vn 0.9182 0.1003 -0.3832
vn 0.2417 -0.8712 -0.4273
vn -0.0517 -0.8414 -0.5379
vn 0.1169 -0.8952 -0.4301
vn 0.6560 0.3355 -0.6761
vn 0.5083 0.7617 -0.4018
vn 0.7269 0.6733 -0.1357
vn 0.7269 0.6733 0.1357
vn 0.5083 0.7617 0.4018
vn -0.0000 0.9008 0.4343
vn -0.5083 0.7617 0.4018
vn -0.7269 0.6733 0.1357
vn -0.7269 0.6733 -0.1357
vn -0.5083 0.7617 -0.4018
vn -0.0000 0.9103 -0.4140
vt 0.750000 0.490000
vt -0.000000 0.500000
vt 1.000000 0.500000
vt 0.250000 0.490000
vt 1.000000 1.000000
vt -0.000000 1.000000
vt 0.891068 0.444164
vt 0.900000 0.500000
vt 0.391068 0.444164
vt 0.900000 1.000000
vt 0.978254 0.324164
vt 0.800000 0.500000
vt 0.478254 0.324164
vt 0.800000 1.000000
vt 0.978254 0.175836
vt 0.700000 0.500000
vt 0.478254 0.175836
vt 0.700000 1.000000
vt 0.891068 0.055836
vt 0.600000 0.500000
vt 0.391068 0.055836
vt 0.600000 1.000000
vt 0.750000 0.010000
vt 0.500000 0.500000
vt 0.250000 0.010000
vt 0.500000 1.000000
vt 0.608932 0.055836
vt 0.400000 0.500000
vt 0.108932 0.055836
vt 0.400000 1.000000
vt 0.521746 0.175836
vt 0.300000 0.500000
vt 0.021746 0.175836
vt 0.300000 1.000000
vt 0.521746 0.324164
vt 0.200000 0.500000
vt 0.021746 0.324164
vt 0.200000 1.000000
vt 0.608932 0.444164
vt 0.100000 0.500000
vt 0.108932 0.444164
vt 0.100000 1.000000
vt -0.000000 0.600000
vt 1.000000 0.600000
vt -0.000000 0.700000
vt 1.000000 0.700000
vt -0.000000 0.800000
vt 1.000000 0.800000
vt 1.000000 0.900000
vt -0.000000 0.900000
vt 0.900000 0.900000
vt 0.900000 0.800000
vt 0.900000 0.700000
vt 0.900000 0.600000
vt 0.800000 0.900000
vt 0.800000 0.800000
vt 0.800000 0.700000
vt 0.800000 0.600000
vt 0.700000 0.900000
vt 0.700000 0.800000
vt 0.700000 0.700000
vt 0.700000 0.600000
vt 0.600000 0.900000
vt 0.600000 0.800000
vt 0.600000 0.700000
vt 0.600000 0.600000
vt 0.500000 0.900000
vt 0.500000 0.800000
vt 0.500000 0.700000
vt 0.500000 0.600000
vt 0.400000 0.900000
vt 0.400000 0.800000
vt 0.400000 0.700000
vt 0.400000 0.600000
vt 0.300000 0.900000
vt 0.300000 0.800000
vt 0.300000 0.700000
vt 0.300000 0.600000
vt 0.200000 0.900000
vt 0.200000 0.800000
vt 0.200000 0.700000
vt 0.200000 0.600000
vt 0.100000 0.900000
vt 0.100000 0.800000
vt 0.100000 0.700000
vt 0.100000 0.600000
vt 0.050000 0.700000
vt 0.050000 0.800000
vt 0.150000 0.700000
vt 0.150000 0.800000
vt 0.250000 0.700000
vt 0.250000 0.800000
vt 0.350000 0.700000
vt 0.350000 0.800000
vt 0.450000 0.700000
vt 0.450000 0.800000
vt 0.550000 0.700000
vt 0.550000 0.800000
vt 0.650000 0.700000
vt 0.650000 0.800000
vt 0.750000 0.700000
vt 0.750000 0.800000
vt 0.850000 0.700000
vt 0.850000 0.800000
vt 0.950000 0.700000
vt 0.950000 0.800000
s 0
usemtl Diamond_Pink
f 695/919/949 718/965/949 717/963/949
f 697/924/950 722/969/950 718/965/950
f 699/928/951 726/973/951 722/969/951
f 701/932/952 730/977/952 726/973/952
f 703/936/953 734/981/953 730/977/953
f 705/940/954 738/985/954 734/981/954
f 707/944/955 742/989/955 738/985/955
f 709/948/956 746/993/956 742/989/956
f 697/923/957 695/918/957 713/955/957 711/951/957 709/947/957 707/943/957 705/939/957 703/935/957 701/931/957 699/927/957
f 711/952/958 750/997/958 746/993/958
f 713/956/959 717/964/959 750/997/959
f 694/915/960 696/921/960 698/925/960 700/929/960 702/933/960 704/937/960 706/941/960 708/945/960 710/949/960 712/953/960
f 712/954/961 753/1000/961 714/957/961 694/916/961
f 754/1001/962 715/959/962 714/957/962
f 755/1002/963 751/998/963 750/997/963
f 717/964/964 716/961/964 755/1002/964
f 710/950/965 749/996/965 753/1000/965 712/954/965
f 756/1003/966 752/999/966 753/1000/966
f 753/1000/967 749/996/967 756/1003/967
f 750/997/968 751/998/968 757/1004/968
f 708/946/969 745/992/969 749/996/969 710/950/969
f 758/1005/970 748/995/970 749/996/970
f 757/1004/971 747/994/971 746/993/971
f 746/993/972 747/994/972 759/1006/972
f 706/942/973 741/988/973 745/992/973 708/946/973
f 760/1007/974 744/991/974 745/992/974
f 749/996/975 745/992/975 758/1005/975
f 742/989/976 743/990/976 761/1008/976
f 704/938/977 737/984/977 741/988/977 706/942/977
f 762/1009/978 740/987/978 741/988/978
f 759/1006/979 743/990/979 742/989/979
f 738/985/980 739/986/980 763/1010/980
f 702/934/981 733/980/981 737/984/981 704/938/981
f 764/1011/982 736/983/982 737/984/982
f 745/992/983 741/988/983 760/1007/983
f 734/981/984 735/982/984 765/1012/984
f 700/930/985 729/976/985 733/980/985 702/934/985
f 766/1013/986 732/979/986 733/980/986
f 761/1008/987 739/986/987 738/985/987
f 730/977/988 731/978/988 767/1014/988
f 698/926/989 725/972/989 729/976/989 700/930/989
f 768/1015/990 728/975/990 729/976/990
f 741/988/991 737/984/991 762/1009/991
f 726/973/992 727/974/992 769/1016/992
f 696/922/993 721/968/993 725/972/993 698/926/993
f 770/1017/994 724/971/994 725/972/994
f 763/1010/995 735/982/995 734/981/995
f 722/969/996 723/970/996 771/1018/996
f 694/917/997 714/958/997 721/968/997 696/922/997
f 772/1019/998 720/967/998 721/968/998
f 737/984/999 733/980/999 764/1011/999
f 718/965/1000 719/966/1000 773/1020/1000
f 716/962/1001 773/1020/1001 772/1019/1001 715/960/1001
f 770/1017/1002 771/1018/1002 723/970/1002 724/971/1002
f 734/981/1003 738/985/1003 763/1010/1003
f 720/967/1004 719/966/1004 771/1018/1004 770/1017/1004
f 768/1015/1005 769/1016/1005 727/974/1005 728/975/1005
f 737/984/1006 736/983/1006 762/1009/1006
f 724/971/1007 723/970/1007 769/1016/1007 768/1015/1007
f 766/1013/1008 767/1014/1008 731/978/1008 732/979/1008
f 738/985/1009 742/989/1009 761/1008/1009
f 728/975/1010 727/974/1010 767/1014/1010 766/1013/1010
f 764/1011/1011 765/1012/1011 735/982/1011 736/983/1011
f 741/988/1012 740/987/1012 760/1007/1012
f 732/979/1013 731/978/1013 765/1012/1013 764/1011/1013
f 762/1009/1014 763/1010/1014 739/986/1014 740/987/1014
f 742/989/1015 746/993/1015 759/1006/1015
f 736/983/1016 735/982/1016 763/1010/1016 762/1009/1016
f 760/1007/1017 761/1008/1017 743/990/1017 744/991/1017
f 745/992/1018 744/991/1018 758/1005/1018
f 740/987/1019 739/986/1019 761/1008/1019 760/1007/1019
f 758/1005/1020 759/1006/1020 747/994/1020 748/995/1020
f 746/993/1021 750/997/1021 757/1004/1021
f 744/991/1022 743/990/1022 759/1006/1022 758/1005/1022
f 756/1003/1023 757/1004/1023 751/998/1023 752/999/1023
f 749/996/1024 748/995/1024 756/1003/1024
f 748/995/1025 747/994/1025 757/1004/1025 756/1003/1025
f 754/1001/1026 755/1002/1026 716/961/1026 715/959/1026
f 750/997/1027 717/964/1027 755/1002/1027
f 752/999/1028 751/998/1028 755/1002/1028 754/1001/1028
f 714/957/1029 753/1000/1029 754/1001/1029
f 753/1000/1030 752/999/1030 754/1001/1030
f 772/1019/1031 773/1020/1031 719/966/1031 720/967/1031
f 733/980/1032 732/979/1032 764/1011/1032
f 765/1012/1033 731/978/1033 730/977/1033
f 730/977/1034 734/981/1034 765/1012/1034
f 733/980/1035 729/976/1035 766/1013/1035
f 729/976/1036 728/975/1036 766/1013/1036
f 767/1014/1037 727/974/1037 726/973/1037
f 726/973/1038 730/977/1038 767/1014/1038
f 729/976/1039 725/972/1039 768/1015/1039
f 725/972/1040 724/971/1040 768/1015/1040
f 769/1016/1041 723/970/1041 722/969/1041
f 722/969/1042 726/973/1042 769/1016/1042
f 725/972/1043 721/968/1043 770/1017/1043
f 721/968/1044 720/967/1044 770/1017/1044
f 771/1018/1045 719/966/1045 718/965/1045
f 718/965/1046 722/969/1046 771/1018/1046
f 721/968/1047 714/958/1047 772/1019/1047
f 714/958/1048 715/960/1048 772/1019/1048
f 773/1020/1049 716/962/1049 717/963/1049
f 717/963/1050 718/965/1050 773/1020/1050
f 695/919/1051 697/924/1051 718/965/1051
f 697/924/1052 699/928/1052 722/969/1052
f 699/928/1053 701/932/1053 726/973/1053
f 701/932/1054 703/936/1054 730/977/1054
f 703/936/1055 705/940/1055 734/981/1055
f 705/940/1056 707/944/1056 738/985/1056
f 707/944/1057 709/948/1057 742/989/1057
f 709/948/1058 711/952/1058 746/993/1058
f 711/952/1059 713/956/1059 750/997/1059
f 713/956/1060 695/920/1060 717/964/1060
o Heart_diamond_red
v -7.941395 0.033431 1.315075
v -7.476333 1.401625 0.517522
v -7.919371 0.033431 1.322232
v -6.915072 1.401625 0.830510
v -7.905759 0.033431 1.340967
v -6.836827 1.401625 1.412170
v -7.905759 0.033431 1.364124
v -7.165495 1.401625 1.904393
v -7.919371 0.033431 1.382859
v -7.859260 1.401625 2.384330
v -7.941395 0.033431 1.390016
v -8.023531 1.401625 2.384330
v -7.963420 0.033431 1.382859
v -8.717296 1.401625 1.904393
v -7.977032 0.033431 1.364124
v -9.045964 1.401625 1.412170
v -7.977032 0.033431 1.340967
v -8.967718 1.401625 0.830510
v -7.963420 0.033431 1.322232
v -8.406458 1.401625 0.517522
v -7.941395 0.385732 0.723674
v -7.941395 0.769053 0.428294
v -7.941395 1.063704 0.429647
v -7.941395 1.132103 0.301607
v -6.954978 1.132103 -0.098112
v -7.036262 1.063704 0.005475
v -7.277210 0.769053 0.438373
v -7.571754 0.385732 0.843777
v -6.204035 1.132103 0.581286
v -6.335555 1.063704 0.620853
v -6.866721 0.769053 1.003363
v -7.343303 0.385732 1.158213
v -6.440462 1.132103 1.634852
v -6.571982 1.063704 1.595285
v -6.866721 0.769053 1.701728
v -7.343303 0.385732 1.546878
v -7.035464 1.132103 2.384676
v -7.116748 1.063704 2.281089
v -7.277210 0.769053 2.266718
v -7.571754 0.385732 1.861314
v -7.941395 1.132103 2.904509
v -7.941395 1.063704 2.776468
v -7.941395 0.769053 2.482525
v -7.941395 0.385732 1.981417
v -8.847326 1.132103 2.384676
v -8.766043 1.063704 2.281089
v -8.605580 0.769053 2.266718
v -8.311037 0.385732 1.861314
v -9.442328 1.132103 1.634852
v -9.310808 1.063704 1.595285
v -9.016069 0.769053 1.701728
v -8.539488 0.385732 1.546878
v -9.678756 1.132103 0.581286
v -9.547235 1.063704 0.620853
v -9.016069 0.769053 1.003363
v -8.539488 0.385732 1.158213
v -8.927813 1.132103 -0.098112
v -8.846528 1.063704 0.005475
v -8.605580 0.769053 0.438373
v -8.311037 0.385732 0.843777
v -8.304380 0.748031 0.235394
v -8.384412 1.093150 -0.054301
v -8.891702 0.748031 0.662108
v -9.373041 1.093150 0.079418
v -9.116038 0.748031 1.352545
v -9.616831 1.093150 1.183525
v -8.891702 0.748031 2.042984
v -9.161765 1.093150 2.041144
v -8.304380 0.748031 2.469697
v -8.424655 1.093150 2.627596
v -7.578411 0.748031 2.469697
v -7.458136 1.093150 2.627596
v -6.991089 0.748031 2.042984
v -6.721025 1.093150 2.041144
v -6.766752 0.748031 1.352545
v -6.265959 1.093150 1.183525
v -6.991089 0.748031 0.662108
v -6.509750 1.093150 0.079418
v -7.578411 0.748031 0.235394
v -7.498379 1.093150 -0.054301
v -7.941395 1.401625 0.525604
vn -0.2193 0.8119 -0.5411
vn 0.2530 0.9262 -0.2797
vn 0.5135 0.8503 0.1152
vn 0.4374 0.8296 0.3471
vn 0.2732 0.8358 0.4762
vn -0.2732 0.8358 0.4762
vn -0.4374 0.8296 0.3471
vn -0.5135 0.8503 0.1152
vn -0.0000 1.0000 -0.0000
vn -0.2530 0.9262 -0.2797
vn 0.2193 0.8119 -0.5411
vn -0.0000 -1.0000 -0.0000
vn -0.1640 -0.8475 -0.5048
vn 0.4151 -0.5553 -0.7206
vn -0.0165 -0.8403 -0.5419
vn 0.4150 -0.8025 -0.4287
vn -0.4294 -0.8475 -0.3120
vn -0.3372 -0.7940 -0.5058
vn -0.4304 -0.8467 -0.3127
vn -0.1163 -0.8683 -0.4821
vn -0.5308 -0.8475 -0.0000
vn -0.5701 -0.7940 -0.2110
vn -0.4105 -0.8938 -0.1807
vn -0.4589 -0.8884 -0.0103
vn -0.4294 -0.8475 0.3120
vn -0.5852 -0.7940 0.1644
vn -0.5321 -0.8467 -0.0000
vn -0.4058 -0.8930 0.1946
vn -0.1640 -0.8475 0.5048
vn -0.3769 -0.7940 0.4770
vn -0.3940 -0.8901 0.2292
vn -0.2885 -0.8874 0.3596
vn 0.1640 -0.8475 0.5048
vn -0.0245 -0.7940 0.6074
vn -0.4304 -0.8467 0.3127
vn 0.1951 -0.8651 0.4621
vn 0.4294 -0.8475 0.3120
vn 0.3372 -0.7940 0.5058
vn -0.2855 -0.8874 0.3619
vn 0.2855 -0.8874 0.3619
vn 0.5308 -0.8475 -0.0000
vn 0.5701 -0.7940 0.2110
vn -0.1644 -0.8467 0.5060
vn 0.3940 -0.8901 0.2292
vn 0.4294 -0.8475 -0.3120
vn 0.5852 -0.7940 -0.1644
vn -0.1951 -0.8651 0.4621
vn 0.4105 -0.8938 -0.1807
vn 0.1640 -0.8475 -0.5048
vn 0.3769 -0.7940 -0.4770
vn 0.1644 -0.8467 0.5060
vn 0.0165 -0.8403 -0.5419
vn -0.6200 -0.2566 -0.7415
vn 0.4212 -0.8943 -0.1510
vn -0.4977 0.0086 0.8673
vn 0.1690 -0.8837 -0.4365
vn 0.6579 -0.6701 0.3436
vn 0.0245 -0.7940 0.6074
vn 0.4924 -0.8663 -0.0836
vn 0.5258 -0.3688 0.7665
vn -0.5994 0.6438 0.4756
vn 0.7446 -0.6125 0.2652
vn 0.1573 -0.5893 0.7925
vn -0.3372 -0.7940 0.5058
vn 0.5805 -0.4393 0.6856
vn -0.5805 -0.4393 0.6856
vn -0.4671 0.8780 0.1048
vn -0.1573 -0.5893 0.7925
vn -0.7446 -0.6125 0.2652
vn -0.5701 -0.7940 0.2110
vn -0.5258 -0.3688 0.7665
vn -0.4924 -0.8663 -0.0836
vn -0.1524 0.9739 -0.1684
vn -0.6579 -0.6701 0.3436
vn -0.1690 -0.8837 -0.4365
vn -0.5852 -0.7940 -0.1644
vn -0.4212 -0.8943 -0.1510
vn 0.6200 -0.2566 -0.7415
vn 0.0871 0.9728 -0.2148
vn -0.1977 -0.7759 -0.5991
vn -0.1644 -0.8467 -0.5060
vn -0.3769 -0.7940 -0.4770
vn 0.1977 -0.7759 -0.5991
vn 0.3769 -0.7940 0.4770
vn 0.2885 -0.8874 0.3596
vn 0.4977 0.0086 0.8673
vn 0.4304 -0.8467 0.3127
vn 0.5852 -0.7940 0.1644
vn 0.4058 -0.8930 0.1946
vn 0.5994 0.6438 0.4756
vn 0.5321 -0.8467 -0.0000
vn 0.5701 -0.7940 -0.2110
vn 0.4589 -0.8884 -0.0103
vn 0.4671 0.8780 0.1048
vn 0.4304 -0.8467 -0.3127
vn 0.3372 -0.7940 -0.5058
vn 0.1163 -0.8683 -0.4821
vn 0.1524 0.9739 -0.1684
vn 0.1644 -0.8467 -0.5060
vn -0.4151 -0.5553 -0.7206
vn -0.4150 -0.8025 -0.4287
vn -0.0871 0.9728 -0.2148
vn 0.1570 0.9466 -0.2815
vn 0.3400 0.9393 -0.0457
vn 0.4250 0.8595 0.2838
vn 0.2835 0.8670 0.4098
vn -0.0000 0.8879 0.4600
vn -0.2835 0.8670 0.4098
vn -0.4250 0.8595 0.2838
vn -0.3400 0.9393 -0.0457
vn -0.1570 0.9466 -0.2815
vn -0.0000 0.6392 -0.7691
vt 0.750000 0.490000
vt -0.000000 0.500000
vt 1.000000 0.500000
vt 0.250000 0.490000
vt 1.000000 1.000000
vt -0.000000 1.000000
vt 0.891068 0.444164
vt 0.900000 0.500000
vt 0.391068 0.444164
vt 0.900000 1.000000
vt 0.978254 0.324164
vt 0.800000 0.500000
vt 0.478254 0.324164
vt 0.800000 1.000000
vt 0.978254 0.175836
vt 0.700000 0.500000
vt 0.478254 0.175836
vt 0.700000 1.000000
vt 0.891068 0.055836
vt 0.600000 0.500000
vt 0.391068 0.055836
vt 0.600000 1.000000
vt 0.750000 0.010000
vt 0.500000 0.500000
vt 0.250000 0.010000
vt 0.500000 1.000000
vt 0.608932 0.055836
vt 0.400000 0.500000
vt 0.108932 0.055836
vt 0.400000 1.000000
vt 0.521746 0.175836
vt 0.300000 0.500000
vt 0.021746 0.175836
vt 0.300000 1.000000
vt 0.521746 0.324164
vt 0.200000 0.500000
vt 0.021746 0.324164
vt 0.200000 1.000000
vt 0.608932 0.444164
vt 0.100000 0.500000
vt 0.108932 0.444164
vt 0.100000 1.000000
vt -0.000000 0.600000
vt 1.000000 0.600000
vt -0.000000 0.700000
vt 1.000000 0.700000
vt -0.000000 0.800000
vt 1.000000 0.800000
vt 1.000000 0.900000
vt -0.000000 0.900000
vt 0.900000 0.900000
vt 0.900000 0.800000
vt 0.900000 0.700000
vt 0.900000 0.600000
vt 0.800000 0.900000
vt 0.800000 0.800000
vt 0.800000 0.700000
vt 0.800000 0.600000
vt 0.700000 0.900000
vt 0.700000 0.800000
vt 0.700000 0.700000
vt 0.700000 0.600000
vt 0.600000 0.900000
vt 0.600000 0.800000
vt 0.600000 0.700000
vt 0.600000 0.600000
vt 0.500000 0.900000
vt 0.500000 0.800000
vt 0.500000 0.700000
vt 0.500000 0.600000
vt 0.400000 0.900000
vt 0.400000 0.800000
vt 0.400000 0.700000
vt 0.400000 0.600000
vt 0.300000 0.900000
vt 0.300000 0.800000
vt 0.300000 0.700000
vt 0.300000 0.600000
vt 0.200000 0.900000
vt 0.200000 0.800000
vt 0.200000 0.700000
vt 0.200000 0.600000
vt 0.100000 0.900000
vt 0.100000 0.800000
vt 0.100000 0.700000
vt 0.100000 0.600000
vt 0.050000 0.700000
vt 0.050000 0.800000
vt 0.150000 0.700000
vt 0.150000 0.800000
vt 0.250000 0.700000
vt 0.250000 0.800000
vt 0.350000 0.700000
vt 0.350000 0.800000
vt 0.450000 0.700000
vt 0.450000 0.800000
vt 0.550000 0.700000
vt 0.550000 0.800000
vt 0.650000 0.700000
vt 0.650000 0.800000
vt 0.750000 0.700000
vt 0.750000 0.800000
vt 0.850000 0.700000
vt 0.850000 0.800000
vt 0.950000 0.700000
vt 0.950000 0.800000
vt 0.179466 0.467082
vt 0.050000 1.000000
s 0
usemtl Diamond_Pink
f 775/1025/1061 798/1071/1061 797/1069/1061
f 777/1030/1062 802/1075/1062 798/1071/1062
f 779/1034/1063 806/1079/1063 802/1075/1063
f 781/1038/1064 810/1083/1064 806/1079/1064
f 783/1042/1065 814/1087/1065 810/1083/1065
f 785/1046/1066 818/1091/1066 814/1087/1066
f 787/1050/1067 822/1095/1067 818/1091/1067
f 789/1054/1068 826/1099/1068 822/1095/1068
f 777/1029/1069 775/1024/1069 854/1127/1069 793/1061/1069 791/1057/1069 789/1053/1069 787/1049/1069 785/1045/1069 783/1041/1069 781/1037/1069 779/1033/1069
f 791/1058/1070 830/1103/1070 826/1099/1070
f 793/1062/1071 797/1070/1071 830/1103/1071
f 774/1021/1072 776/1027/1072 778/1031/1072 780/1035/1072 782/1039/1072 784/1043/1072 786/1047/1072 788/1051/1072 790/1055/1072 792/1059/1072
f 792/1060/1073 833/1106/1073 794/1063/1073 774/1022/1073
f 834/1107/1074 795/1065/1074 794/1063/1074
f 835/1108/1075 831/1104/1075 830/1103/1075
f 797/1070/1076 796/1067/1076 835/1108/1076
f 790/1056/1077 829/1102/1077 833/1106/1077 792/1060/1077
f 836/1109/1078 832/1105/1078 833/1106/1078
f 833/1106/1079 829/1102/1079 836/1109/1079
f 830/1103/1080 831/1104/1080 837/1110/1080
f 788/1052/1081 825/1098/1081 829/1102/1081 790/1056/1081
f 838/1111/1082 828/1101/1082 829/1102/1082
f 837/1110/1083 827/1100/1083 826/1099/1083
f 826/1099/1084 827/1100/1084 839/1112/1084
f 786/1048/1085 821/1094/1085 825/1098/1085 788/1052/1085
f 840/1113/1086 824/1097/1086 825/1098/1086
f 829/1102/1087 825/1098/1087 838/1111/1087
f 822/1095/1088 823/1096/1088 841/1114/1088
f 784/1044/1089 817/1090/1089 821/1094/1089 786/1048/1089
f 842/1115/1090 820/1093/1090 821/1094/1090
f 839/1112/1091 823/1096/1091 822/1095/1091
f 818/1091/1092 819/1092/1092 843/1116/1092
f 782/1040/1093 813/1086/1093 817/1090/1093 784/1044/1093
f 844/1117/1094 816/1089/1094 817/1090/1094
f 825/1098/1095 821/1094/1095 840/1113/1095
f 814/1087/1096 815/1088/1096 845/1118/1096
f 780/1036/1097 809/1082/1097 813/1086/1097 782/1040/1097
f 846/1119/1098 812/1085/1098 813/1086/1098
f 841/1114/1099 819/1092/1099 818/1091/1099
f 810/1083/1100 811/1084/1100 847/1120/1100
f 778/1032/1101 805/1078/1101 809/1082/1101 780/1036/1101
f 848/1121/1102 808/1081/1102 809/1082/1102
f 821/1094/1103 817/1090/1103 842/1115/1103
f 806/1079/1104 807/1080/1104 849/1122/1104
f 776/1028/1105 801/1074/1105 805/1078/1105 778/1032/1105
f 850/1123/1106 804/1077/1106 805/1078/1106
f 843/1116/1107 815/1088/1107 814/1087/1107
f 802/1075/1108 803/1076/1108 851/1124/1108
f 774/1023/1109 794/1064/1109 801/1074/1109 776/1028/1109
f 852/1125/1110 800/1073/1110 801/1074/1110
f 817/1090/1111 813/1086/1111 844/1117/1111
f 798/1071/1112 799/1072/1112 853/1126/1112
f 796/1068/1113 853/1126/1113 852/1125/1113 795/1066/1113
f 850/1123/1114 851/1124/1114 803/1076/1114 804/1077/1114
f 814/1087/1115 818/1091/1115 843/1116/1115
f 800/1073/1116 799/1072/1116 851/1124/1116 850/1123/1116
f 848/1121/1117 849/1122/1117 807/1080/1117 808/1081/1117
f 817/1090/1118 816/1089/1118 842/1115/1118
f 804/1077/1119 803/1076/1119 849/1122/1119 848/1121/1119
f 846/1119/1120 847/1120/1120 811/1084/1120 812/1085/1120
f 818/1091/1121 822/1095/1121 841/1114/1121
f 808/1081/1122 807/1080/1122 847/1120/1122 846/1119/1122
f 844/1117/1123 845/1118/1123 815/1088/1123 816/1089/1123
f 821/1094/1124 820/1093/1124 840/1113/1124
f 812/1085/1125 811/1084/1125 845/1118/1125 844/1117/1125
f 842/1115/1126 843/1116/1126 819/1092/1126 820/1093/1126
f 822/1095/1127 826/1099/1127 839/1112/1127
f 816/1089/1128 815/1088/1128 843/1116/1128 842/1115/1128
f 840/1113/1129 841/1114/1129 823/1096/1129 824/1097/1129
f 825/1098/1130 824/1097/1130 838/1111/1130
f 820/1093/1131 819/1092/1131 841/1114/1131 840/1113/1131
f 838/1111/1132 839/1112/1132 827/1100/1132 828/1101/1132
f 826/1099/1133 830/1103/1133 837/1110/1133
f 824/1097/1134 823/1096/1134 839/1112/1134 838/1111/1134
f 836/1109/1135 837/1110/1135 831/1104/1135 832/1105/1135
f 829/1102/1136 828/1101/1136 836/1109/1136
f 828/1101/1137 827/1100/1137 837/1110/1137 836/1109/1137
f 834/1107/1138 835/1108/1138 796/1067/1138 795/1065/1138
f 830/1103/1139 797/1070/1139 835/1108/1139
f 832/1105/1140 831/1104/1140 835/1108/1140 834/1107/1140
f 794/1063/1141 833/1106/1141 834/1107/1141
f 833/1106/1142 832/1105/1142 834/1107/1142
f 852/1125/1143 853/1126/1143 799/1072/1143 800/1073/1143
f 813/1086/1144 812/1085/1144 844/1117/1144
f 845/1118/1145 811/1084/1145 810/1083/1145
f 810/1083/1146 814/1087/1146 845/1118/1146
f 813/1086/1147 809/1082/1147 846/1119/1147
f 809/1082/1148 808/1081/1148 846/1119/1148
f 847/1120/1149 807/1080/1149 806/1079/1149
f 806/1079/1150 810/1083/1150 847/1120/1150
f 809/1082/1151 805/1078/1151 848/1121/1151
f 805/1078/1152 804/1077/1152 848/1121/1152
f 849/1122/1153 803/1076/1153 802/1075/1153
f 802/1075/1154 806/1079/1154 849/1122/1154
f 805/1078/1155 801/1074/1155 850/1123/1155
f 801/1074/1156 800/1073/1156 850/1123/1156
f 851/1124/1157 799/1072/1157 798/1071/1157
f 798/1071/1158 802/1075/1158 851/1124/1158
f 801/1074/1159 794/1064/1159 852/1125/1159
f 794/1064/1160 795/1066/1160 852/1125/1160
f 853/1126/1161 796/1068/1161 797/1069/1161
f 797/1069/1162 798/1071/1162 853/1126/1162
f 775/1025/1163 777/1030/1163 798/1071/1163
f 777/1030/1164 779/1034/1164 802/1075/1164
f 779/1034/1165 781/1038/1165 806/1079/1165
f 781/1038/1166 783/1042/1166 810/1083/1166
f 783/1042/1167 785/1046/1167 814/1087/1167
f 785/1046/1168 787/1050/1168 818/1091/1168
f 787/1050/1169 789/1054/1169 822/1095/1169
f 789/1054/1170 791/1058/1170 826/1099/1170
f 791/1058/1171 793/1062/1171 830/1103/1171
f 793/1062/1172 854/1128/1172 775/1026/1172 797/1070/1172
o Pear_diamond_red
v 3.974811 0.029629 1.476485
v 4.249857 1.462227 0.302966
v 3.990206 0.029629 1.483641
v 4.694893 1.462227 0.765522
v 3.999721 0.029629 1.502376
v 4.864881 1.462227 1.513955
v 3.999721 0.029629 1.525534
v 4.694893 1.462227 2.262388
v 3.990206 0.029629 1.544269
v 4.249857 1.462227 2.724944
v 3.974811 0.029629 1.551425
v 3.699764 1.462227 2.724944
v 3.959415 0.029629 1.544269
v 3.254728 1.462227 2.262388
v 3.949900 0.029629 1.525534
v 3.084740 1.462227 1.513955
v 3.949900 0.029629 1.502376
v 3.254728 1.462227 0.765522
v 3.959415 0.029629 1.483641
v 3.699764 1.462227 0.302966
v 3.974811 0.429629 0.768852
v 3.974811 0.791234 0.203223
v 3.974811 0.987576 -0.369608
v 3.974811 1.099124 -0.501137
v 4.583459 1.099124 0.183784
v 4.525091 0.987576 0.290193
v 4.513357 0.791234 0.453551
v 4.280954 0.429629 0.911154
v 5.026495 1.099124 0.979425
v 4.932055 0.987576 1.020070
v 4.846196 0.791234 1.108917
v 4.470162 0.429629 1.283705
v 5.197196 1.099124 2.077916
v 5.102756 0.987576 2.037271
v 4.846196 0.791234 1.918993
v 4.470162 0.429629 1.744205
v 4.830680 1.099124 2.938306
v 4.772313 0.987576 2.831897
v 4.513357 0.791234 2.574359
v 4.280954 0.429629 2.116756
v 3.974811 1.099124 3.305370
v 3.974811 0.987576 3.173841
v 3.974811 0.791234 2.824686
v 3.974811 0.429629 2.259058
v 3.118941 1.099124 2.938306
v 3.177308 0.987576 2.831897
v 3.436265 0.791234 2.574359
v 3.668667 0.429629 2.116756
v 2.752425 1.099124 2.077916
v 2.846865 0.987576 2.037271
v 3.103425 0.791234 1.918993
v 3.479460 0.429629 1.744205
v 2.923126 1.099124 0.979425
v 3.017566 0.987576 1.020070
v 3.103425 0.791234 1.108917
v 3.479460 0.429629 1.283705
v 3.366163 1.099124 0.183784
v 3.424530 0.987576 0.290193
v 3.436265 0.791234 0.453551
v 3.668667 0.429629 0.911154
v 3.680490 0.766849 0.218103
v 3.609738 1.017824 -0.103811
v 3.204268 0.766849 0.713074
v 3.124990 1.017824 0.614186
v 3.022367 0.766849 1.513955
v 2.775753 1.017824 1.519841
v 3.204268 0.766849 2.314836
v 2.871882 1.017824 2.566765
v 3.680490 0.766849 2.809807
v 3.562648 1.017824 3.172925
v 4.269132 0.766849 2.809807
v 4.386973 1.017824 3.172925
v 4.745354 0.766849 2.314836
v 5.077739 1.017824 2.566765
v 4.927255 0.766849 1.513955
v 5.173869 1.017824 1.519841
v 4.745354 0.766849 0.713074
v 4.824631 1.017824 0.614186
v 4.269132 0.766849 0.218103
v 4.339883 1.017824 -0.103811
vn 0.5543 0.6709 -0.4926
vn 0.7779 0.4552 -0.4332
vn 0.8225 0.5542 -0.1278
vn 0.6271 0.7317 0.2671
vn 0.2560 0.7603 0.5970
vn -0.2560 0.7603 0.5970
vn -0.6271 0.7317 0.2671
vn -0.8225 0.5542 -0.1278
vn -0.0000 1.0000 -0.0000
vn -0.7779 0.4552 -0.4332
vn -0.5543 0.6709 -0.4926
vn -0.0000 -1.0000 -0.0000
vn -0.2230 -0.8486 -0.4797
vn 0.0425 -0.8418 -0.5381
vn -0.6452 -0.6764 -0.3552
vn -0.4711 -0.6727 -0.5705
vn -0.5446 -0.7918 -0.2766
vn -0.4007 -0.8068 -0.4341
vn -0.4960 -0.8310 -0.2519
vn -0.5495 -0.7091 -0.4419
vn -0.6478 -0.7618 -0.0000
vn -0.6397 -0.7489 -0.1731
vn -0.6979 -0.6765 -0.2351
vn -0.6771 -0.6777 -0.2866
vn -0.5446 -0.7918 0.2766
vn -0.6580 -0.7431 0.1218
vn -0.5937 -0.8047 -0.0000
vn -0.7479 -0.6598 0.0730
vn -0.2230 -0.8486 0.4797
vn -0.4600 -0.7953 0.3948
vn -0.7499 -0.6584 0.0646
vn -0.4185 -0.7319 0.5377
vn 0.2230 -0.8486 0.4797
vn -0.0425 -0.8418 0.5381
vn -0.4960 -0.8310 0.2519
vn 0.0573 -0.7614 0.6457
vn 0.5446 -0.7918 0.2766
vn 0.4007 -0.8068 0.4341
vn -0.4932 -0.7216 0.4859
vn 0.4932 -0.7216 0.4859
vn 0.6478 -0.7618 -0.0000
vn 0.6397 -0.7489 0.1731
vn -0.2005 -0.8796 0.4314
vn 0.7499 -0.6584 0.0646
vn 0.5446 -0.7918 -0.2766
vn 0.6580 -0.7431 -0.1218
vn -0.0573 -0.7614 0.6457
vn 0.6979 -0.6765 -0.2351
vn 0.2230 -0.8486 -0.4797
vn 0.4600 -0.7953 -0.3948
vn 0.2005 -0.8796 0.4314
vn 0.6452 -0.6764 -0.3552
vn 0.1896 -0.8841 -0.4270
vn 0.8773 -0.4208 -0.2310
vn -0.3524 0.4479 0.8217
vn 0.6518 -0.4779 -0.5889
vn 0.6468 -0.7558 0.1019
vn 0.0425 -0.8418 0.5381
vn 0.7501 -0.6064 -0.2637
vn 0.3528 -0.8671 0.3517
vn -0.6490 0.7088 0.2765
vn 0.5693 -0.8180 0.0826
vn 0.0189 -0.8481 0.5295
vn -0.4007 -0.8068 0.4341
vn 0.3543 -0.8473 0.3956
vn -0.3543 -0.8473 0.3956
vn -0.7827 0.6103 -0.1216
vn -0.0189 -0.8481 0.5295
vn -0.5693 -0.8180 0.0826
vn -0.6397 -0.7489 0.1731
vn -0.3528 -0.8671 0.3517
vn -0.7501 -0.6064 -0.2637
vn -0.8736 0.0162 -0.4864
vn -0.6468 -0.7558 0.1019
vn -0.6518 -0.4779 -0.5889
vn -0.6580 -0.7431 -0.1218
vn -0.8773 -0.4208 -0.2310
vn -0.1896 -0.8841 -0.4270
vn -0.7430 0.1096 -0.6603
vn -0.6524 -0.6093 -0.4507
vn -0.2005 -0.8796 -0.4314
vn -0.4600 -0.7953 -0.3948
vn 0.6524 -0.6093 -0.4507
vn 0.4600 -0.7953 0.3948
vn 0.4185 -0.7319 0.5377
vn 0.3524 0.4479 0.8217
vn 0.4960 -0.8310 0.2519
vn 0.6580 -0.7431 0.1218
vn 0.7479 -0.6598 0.0730
vn 0.6490 0.7088 0.2765
vn 0.5937 -0.8047 -0.0000
vn 0.6397 -0.7489 -0.1731
vn 0.6771 -0.6777 -0.2866
vn 0.7827 0.6103 -0.1216
vn 0.4960 -0.8310 -0.2519
vn 0.4007 -0.8068 -0.4341
vn 0.5495 -0.7091 -0.4419
vn 0.8736 0.0162 -0.4864
vn 0.2005 -0.8796 -0.4314
vn -0.0425 -0.8418 -0.5381
vn 0.4711 -0.6727 -0.5705
vn 0.7430 0.1096 -0.6603
vn 0.5384 0.6647 -0.5180
vn 0.7764 0.6051 -0.1763
vn 0.6132 0.7775 0.1393
vn 0.3889 0.8419 0.3741
vn -0.0000 0.8478 0.5304
vn -0.3889 0.8419 0.3741
vn -0.6132 0.7775 0.1393
vn -0.7764 0.6051 -0.1763
vn -0.5384 0.6647 -0.5180
vn -0.0000 0.9114 -0.4115
vt 0.750000 0.490000
vt -0.000000 0.500000
vt 1.000000 0.500000
vt 0.250000 0.490000
vt 1.000000 1.000000
vt -0.000000 1.000000
vt 0.891068 0.444164
vt 0.900000 0.500000
vt 0.391068 0.444164
vt 0.900000 1.000000
vt 0.978254 0.324164
vt 0.800000 0.500000
vt 0.478254 0.324164
vt 0.800000 1.000000
vt 0.978254 0.175836
vt 0.700000 0.500000
vt 0.478254 0.175836
vt 0.700000 1.000000
vt 0.891068 0.055836
vt 0.600000 0.500000
vt 0.391068 0.055836
vt 0.600000 1.000000
vt 0.750000 0.010000
vt 0.500000 0.500000
vt 0.250000 0.010000
vt 0.500000 1.000000
vt 0.608932 0.055836
vt 0.400000 0.500000
vt 0.108932 0.055836
vt 0.400000 1.000000
vt 0.521746 0.175836
vt 0.300000 0.500000
vt 0.021746 0.175836
vt 0.300000 1.000000
vt 0.521746 0.324164
vt 0.200000 0.500000
vt 0.021746 0.324164
vt 0.200000 1.000000
vt 0.608932 0.444164
vt 0.100000 0.500000
vt 0.108932 0.444164
vt 0.100000 1.000000
vt -0.000000 0.600000
vt 1.000000 0.600000
vt -0.000000 0.700000
vt 1.000000 0.700000
vt -0.000000 0.800000
vt 1.000000 0.800000
vt 1.000000 0.900000
vt -0.000000 0.900000
vt 0.900000 0.900000
vt 0.900000 0.800000
vt 0.900000 0.700000
vt 0.900000 0.600000
vt 0.800000 0.900000
vt 0.800000 0.800000
vt 0.800000 0.700000
vt 0.800000 0.600000
vt 0.700000 0.900000
vt 0.700000 0.800000
vt 0.700000 0.700000
vt 0.700000 0.600000
vt 0.600000 0.900000
vt 0.600000 0.800000
vt 0.600000 0.700000
vt 0.600000 0.600000
vt 0.500000 0.900000
vt 0.500000 0.800000
vt 0.500000 0.700000
vt 0.500000 0.600000
vt 0.400000 0.900000
vt 0.400000 0.800000
vt 0.400000 0.700000
vt 0.400000 0.600000
vt 0.300000 0.900000
vt 0.300000 0.800000
vt 0.300000 0.700000
vt 0.300000 0.600000
vt 0.200000 0.900000
vt 0.200000 0.800000
vt 0.200000 0.700000
vt 0.200000 0.600000
vt 0.100000 0.900000
vt 0.100000 0.800000
vt 0.100000 0.700000
vt 0.100000 0.600000
vt 0.050000 0.700000
vt 0.050000 0.800000
vt 0.150000 0.700000
vt 0.150000 0.800000
vt 0.250000 0.700000
vt 0.250000 0.800000
vt 0.350000 0.700000
vt 0.350000 0.800000
vt 0.450000 0.700000
vt 0.450000 0.800000
vt 0.550000 0.700000
vt 0.550000 0.800000
vt 0.650000 0.700000
vt 0.650000 0.800000
vt 0.750000 0.700000
vt 0.750000 0.800000
vt 0.850000 0.700000
vt 0.850000 0.800000
vt 0.950000 0.700000
vt 0.950000 0.800000
s 0
usemtl Diamond_Pink
f 856/1133/1173 879/1179/1173 878/1177/1173
f 858/1138/1174 883/1183/1174 879/1179/1174
f 860/1142/1175 887/1187/1175 883/1183/1175
f 862/1146/1176 891/1191/1176 887/1187/1176
f 864/1150/1177 895/1195/1177 891/1191/1177
f 866/1154/1178 899/1199/1178 895/1195/1178
f 868/1158/1179 903/1203/1179 899/1199/1179
f 870/1162/1180 907/1207/1180 903/1203/1180
f 858/1137/1181 856/1132/1181 874/1169/1181 872/1165/1181 870/1161/1181 868/1157/1181 866/1153/1181 864/1149/1181 862/1145/1181 860/1141/1181
f 872/1166/1182 911/1211/1182 907/1207/1182
f 874/1170/1183 878/1178/1183 911/1211/1183
f 855/1129/1184 857/1135/1184 859/1139/1184 861/1143/1184 863/1147/1184 865/1151/1184 867/1155/1184 869/1159/1184 871/1163/1184 873/1167/1184
f 873/1168/1185 914/1214/1185 875/1171/1185 855/1130/1185
f 915/1215/1186 876/1173/1186 875/1171/1186
f 916/1216/1187 912/1212/1187 911/1211/1187
f 878/1178/1188 877/1175/1188 916/1216/1188
f 871/1164/1189 910/1210/1189 914/1214/1189 873/1168/1189
f 917/1217/1190 913/1213/1190 914/1214/1190
f 914/1214/1191 910/1210/1191 917/1217/1191
f 911/1211/1192 912/1212/1192 918/1218/1192
f 869/1160/1193 906/1206/1193 910/1210/1193 871/1164/1193
f 919/1219/1194 909/1209/1194 910/1210/1194
f 918/1218/1195 908/1208/1195 907/1207/1195
f 907/1207/1196 908/1208/1196 920/1220/1196
f 867/1156/1197 902/1202/1197 906/1206/1197 869/1160/1197
f 921/1221/1198 905/1205/1198 906/1206/1198
f 910/1210/1199 906/1206/1199 919/1219/1199
f 903/1203/1200 904/1204/1200 922/1222/1200
f 865/1152/1201 898/1198/1201 902/1202/1201 867/1156/1201
f 923/1223/1202 901/1201/1202 902/1202/1202
f 920/1220/1203 904/1204/1203 903/1203/1203
f 899/1199/1204 900/1200/1204 924/1224/1204
f 863/1148/1205 894/1194/1205 898/1198/1205 865/1152/1205
f 925/1225/1206 897/1197/1206 898/1198/1206
f 906/1206/1207 902/1202/1207 921/1221/1207
f 895/1195/1208 896/1196/1208 926/1226/1208
f 861/1144/1209 890/1190/1209 894/1194/1209 863/1148/1209
f 927/1227/1210 893/1193/1210 894/1194/1210
f 922/1222/1211 900/1200/1211 899/1199/1211
f 891/1191/1212 892/1192/1212 928/1228/1212
f 859/1140/1213 886/1186/1213 890/1190/1213 861/1144/1213
f 929/1229/1214 889/1189/1214 890/1190/1214
f 902/1202/1215 898/1198/1215 923/1223/1215
f 887/1187/1216 888/1188/1216 930/1230/1216
f 857/1136/1217 882/1182/1217 886/1186/1217 859/1140/1217
f 931/1231/1218 885/1185/1218 886/1186/1218
f 924/1224/1219 896/1196/1219 895/1195/1219
f 883/1183/1220 884/1184/1220 932/1232/1220
f 855/1131/1221 875/1172/1221 882/1182/1221 857/1136/1221
f 933/1233/1222 881/1181/1222 882/1182/1222
f 898/1198/1223 894/1194/1223 925/1225/1223
f 879/1179/1224 880/1180/1224 934/1234/1224
f 877/1176/1225 934/1234/1225 933/1233/1225 876/1174/1225
f 931/1231/1226 932/1232/1226 884/1184/1226 885/1185/1226
f 895/1195/1227 899/1199/1227 924/1224/1227
f 881/1181/1228 880/1180/1228 932/1232/1228 931/1231/1228
f 929/1229/1229 930/1230/1229 888/1188/1229 889/1189/1229
f 898/1198/1230 897/1197/1230 923/1223/1230
f 885/1185/1231 884/1184/1231 930/1230/1231 929/1229/1231
f 927/1227/1232 928/1228/1232 892/1192/1232 893/1193/1232
f 899/1199/1233 903/1203/1233 922/1222/1233
f 889/1189/1234 888/1188/1234 928/1228/1234 927/1227/1234
f 925/1225/1235 926/1226/1235 896/1196/1235 897/1197/1235
f 902/1202/1236 901/1201/1236 921/1221/1236
f 893/1193/1237 892/1192/1237 926/1226/1237 925/1225/1237
f 923/1223/1238 924/1224/1238 900/1200/1238 901/1201/1238
f 903/1203/1239 907/1207/1239 920/1220/1239
f 897/1197/1240 896/1196/1240 924/1224/1240 923/1223/1240
f 921/1221/1241 922/1222/1241 904/1204/1241 905/1205/1241
f 906/1206/1242 905/1205/1242 919/1219/1242
f 901/1201/1243 900/1200/1243 922/1222/1243 921/1221/1243
f 919/1219/1244 920/1220/1244 908/1208/1244 909/1209/1244
f 907/1207/1245 911/1211/1245 918/1218/1245
f 905/1205/1246 904/1204/1246 920/1220/1246 919/1219/1246
f 917/1217/1247 918/1218/1247 912/1212/1247 913/1213/1247
f 910/1210/1248 909/1209/1248 917/1217/1248
f 909/1209/1249 908/1208/1249 918/1218/1249 917/1217/1249
f 915/1215/1250 916/1216/1250 877/1175/1250 876/1173/1250
f 911/1211/1251 878/1178/1251 916/1216/1251
f 913/1213/1252 912/1212/1252 916/1216/1252 915/1215/1252
f 875/1171/1253 914/1214/1253 915/1215/1253
f 914/1214/1254 913/1213/1254 915/1215/1254
f 933/1233/1255 934/1234/1255 880/1180/1255 881/1181/1255
f 894/1194/1256 893/1193/1256 925/1225/1256
f 926/1226/1257 892/1192/1257 891/1191/1257
f 891/1191/1258 895/1195/1258 926/1226/1258
f 894/1194/1259 890/1190/1259 927/1227/1259
f 890/1190/1260 889/1189/1260 927/1227/1260
f 928/1228/1261 888/1188/1261 887/1187/1261
f 887/1187/1262 891/1191/1262 928/1228/1262
f 890/1190/1263 886/1186/1263 929/1229/1263
f 886/1186/1264 885/1185/1264 929/1229/1264
f 930/1230/1265 884/1184/1265 883/1183/1265
f 883/1183/1266 887/1187/1266 930/1230/1266
f 886/1186/1267 882/1182/1267 931/1231/1267
f 882/1182/1268 881/1181/1268 931/1231/1268
f 932/1232/1269 880/1180/1269 879/1179/1269
f 879/1179/1270 883/1183/1270 932/1232/1270
f 882/1182/1271 875/1172/1271 933/1233/1271
f 875/1172/1272 876/1174/1272 933/1233/1272
f 934/1234/1273 877/1176/1273 878/1177/1273
f 878/1177/1274 879/1179/1274 934/1234/1274
f 856/1133/1275 858/1138/1275 879/1179/1275
f 858/1138/1276 860/1142/1276 883/1183/1276
f 860/1142/1277 862/1146/1277 887/1187/1277
f 862/1146/1278 864/1150/1278 891/1191/1278
f 864/1150/1279 866/1154/1279 895/1195/1279
f 866/1154/1280 868/1158/1280 899/1199/1280
f 868/1158/1281 870/1162/1281 903/1203/1281
f 870/1162/1282 872/1166/1282 907/1207/1282
f 872/1166/1283 874/1170/1283 911/1211/1283
f 874/1170/1284 856/1134/1284 878/1178/1284
o Cushion_diamond_red
v -3.899036 0.017151 1.196979
v -3.894174 2.015571 0.406417
v -3.793730 0.017151 1.207852
v -3.291018 2.015571 0.468690
v -3.758266 0.017151 1.245038
v -3.087896 2.015571 0.681678
v -3.734570 0.017151 1.300691
v -2.952174 2.015571 1.000437
v -3.726249 0.017151 1.366338
v -2.904515 2.015571 1.376439
v -3.734570 0.017151 1.431985
v -2.952175 2.015571 1.752441
v -3.758266 0.017151 1.487638
v -3.087896 2.015571 2.071200
v -3.793730 0.017151 1.524824
v -3.291019 2.015571 2.284187
v -3.899036 0.017151 1.534423
v -3.894174 2.015571 2.339167
v -4.006694 0.017151 1.517508
v -4.510795 2.015571 2.242287
v -4.042158 0.017151 1.480936
v -4.713916 2.015571 2.032812
v -4.065854 0.017151 1.426201
v -4.849638 2.015571 1.719310
v -4.074174 0.017151 1.361636
v -4.897298 2.015571 1.349509
v -4.065854 0.017151 1.297071
v -4.849638 2.015571 0.979708
v -4.042158 0.017151 1.242336
v -4.713917 2.015571 0.666206
v -4.006694 0.017151 1.205763
v -4.510795 2.015571 0.456731
v -3.896611 0.350324 0.802679
v -3.889754 1.327070 -0.353193
v -3.889754 1.437409 -0.353193
v -3.895482 1.682630 0.000577
v -3.055736 1.682630 0.122742
v -2.823997 1.437409 -0.216164
v -2.823997 1.327070 -0.216164
v -3.542998 0.350324 0.839188
v -2.774145 1.682630 0.418010
v -2.488124 1.437409 0.192552
v -2.488124 1.327070 0.192552
v -3.423913 0.350324 0.964057
v -2.585992 1.682630 0.859910
v -2.379786 1.437409 0.825884
v -2.379786 1.327070 0.825884
v -3.344343 0.350324 1.150936
v -2.519921 1.682630 1.381167
v -2.375356 1.437409 1.394100
v -2.375356 1.327070 1.394100
v -3.316402 0.350324 1.371376
v -2.585992 1.682630 1.902423
v -2.371186 1.437409 2.009617
v -2.371186 1.327070 2.009617
v -3.344343 0.350324 1.591815
v -2.774145 1.682630 2.344323
v -2.505325 1.437409 2.578448
v -2.505325 1.327070 2.578448
v -3.423913 0.350324 1.778695
v -3.055736 1.682630 2.639591
v -2.854098 1.437409 2.944161
v -2.854098 1.327070 2.944161
v -3.542998 0.350324 1.903563
v -3.891898 1.682630 2.798230
v -3.882587 1.437409 3.038565
v -3.882587 1.327070 3.038565
v -3.896611 0.350324 1.935797
v -4.746728 1.682630 2.581503
v -4.980782 1.437409 2.922384
v -4.980782 1.327070 2.922384
v -4.258119 0.350324 1.878998
v -5.028319 1.682630 2.291105
v -5.297304 1.437409 2.512533
v -5.297304 1.327070 2.512533
v -4.377204 0.350324 1.756189
v -5.216472 1.682630 1.856493
v -5.401340 1.437409 1.974230
v -5.401340 1.327070 1.974230
v -4.456774 0.350324 1.572391
v -5.282542 1.682630 1.343833
v -5.425839 1.437409 1.339259
v -5.425839 1.327070 1.339259
v -4.484715 0.350324 1.355587
v -5.216472 1.682630 0.831173
v -5.422841 1.437409 0.704287
v -5.422841 1.327070 0.704287
v -4.456774 0.350324 1.138784
v -5.028319 1.682630 0.396561
v -5.297304 1.437409 0.165985
v -5.297304 1.327070 0.165985
v -4.377204 0.350324 0.954986
v -4.746728 1.682630 0.106162
v -4.962864 1.437409 -0.218782
v -4.962864 1.327070 -0.218782
v -4.258119 0.350324 0.832177
v -4.626722 1.327070 -0.347153
v -4.626722 1.437409 -0.347153
v -5.219672 1.327070 0.025562
v -5.219672 1.437409 0.025562
v -5.413825 1.327070 0.435136
v -5.413825 1.437409 0.435136
v -5.427924 1.327070 1.021773
v -5.427924 1.437409 1.021773
v -5.424340 1.327070 1.656744
v -5.424340 1.437409 1.656744
v -5.381574 1.327070 2.300717
v -5.381574 1.437409 2.300717
v -5.169502 1.327070 2.735375
v -5.169502 1.437409 2.735375
v -4.609521 1.327070 3.038571
v -4.609521 1.437409 3.038571
v -3.150105 1.327070 3.038473
v -3.150105 1.437409 3.038473
v -2.662511 1.327070 2.774205
v -2.662511 1.437409 2.774205
v -2.388803 1.327070 2.304783
v -2.388803 1.437409 2.304783
v -2.373271 1.327070 1.704009
v -2.373271 1.437409 1.704009
v -2.381872 1.327070 1.127193
v -2.381872 1.437409 1.127193
v -2.388803 1.327070 0.466216
v -2.388803 1.437409 0.466216
v -2.615209 1.327070 -0.029007
v -2.615209 1.437409 -0.029007
v -3.115704 1.327070 -0.344878
v -3.115704 1.437409 -0.344878
vn 0.0919 0.7697 -0.6317
vn 0.4568 0.7755 -0.4357
vn 0.5956 0.7622 -0.2536
vn 0.6528 0.7530 -0.0828
vn 0.6517 0.7540 0.0826
vn 0.5924 0.7652 0.2522
vn 0.4525 0.7804 0.4315
vn 0.1205 0.7630 0.6350
vn -0.1473 0.8003 0.5812
vn -0.4556 0.7729 0.4417
vn -0.5948 0.7615 0.2575
vn -0.6523 0.7533 0.0841
vn -0.6509 0.7545 -0.0839
vn -0.5909 0.7651 -0.2558
vn -0.0000 1.0000 -0.0000
vn -0.4503 0.7788 -0.4366
vn -0.0815 0.7495 -0.6570
vn -0.0000 -1.0000 -0.0000
vn -0.0526 -0.7626 -0.6447
vn -0.0053 -0.7638 -0.6455
vn -0.3568 -0.0000 -0.9342
vn -0.0047 0.8218 -0.5697
vn -0.4330 -0.7976 -0.4199
vn -0.4250 -0.7873 -0.4467
vn -0.8752 -0.0000 -0.4838
vn -0.3707 0.8431 -0.3896
vn -0.5690 -0.7846 -0.2463
vn -0.5917 -0.7643 -0.2562
vn -0.9994 -0.0000 -0.0335
vn -0.5384 0.8098 -0.2331
vn -0.6274 -0.7745 -0.0809
vn -0.7084 -0.7057 -0.0113
vn -1.0000 -0.0000 0.0066
vn -0.7619 0.6475 -0.0122
vn -0.6288 -0.7733 0.0810
vn -0.7201 -0.6938 0.0034
vn -0.9974 -0.0000 0.0723
vn -0.8634 0.5045 0.0041
vn -0.5730 -0.7811 0.2481
vn -0.7093 -0.7036 0.0429
vn -0.9292 -0.0000 0.3697
vn -0.7865 0.6158 0.0476
vn -0.4383 -0.7920 0.4250
vn -0.5547 -0.7688 0.3181
vn -0.7039 -0.0000 0.7103
vn -0.5040 0.8139 0.2891
vn -0.0999 -0.7653 0.6359
vn -0.1875 -0.7785 0.5990
vn -0.0000 -0.0000 1.0000
vn -0.1575 0.8497 0.5032
vn 0.0581 -0.7683 0.6374
vn 0.0001 -0.7486 0.6630
vn 0.3036 -0.0000 0.9528
vn 0.0001 0.7000 0.7142
vn 0.4351 -0.7991 0.4149
vn 0.4115 -0.7845 0.4639
vn 0.7797 -0.0000 0.6261
vn 0.3724 0.8277 0.4198
vn 0.5704 -0.7846 0.2429
vn 0.5931 -0.7645 0.2525
vn 0.9982 -0.0000 0.0596
vn 0.5392 0.8103 0.2296
vn 0.6282 -0.7740 0.0796
vn 0.7094 -0.7048 -0.0048
vn 1.0000 -0.0000 -0.0067
vn 0.7533 0.6576 -0.0051
vn 0.6294 -0.7730 -0.0798
vn 0.7202 -0.6935 -0.0176
vn 1.0000 -0.0000 0.0069
vn 0.8617 0.5069 -0.0210
vn 0.5737 -0.7818 -0.2443
vn 0.7085 -0.7055 -0.0178
vn 0.9400 -0.0000 -0.3412
vn 0.7639 0.6450 -0.0192
vn 0.4395 -0.7945 -0.4191
vn 0.5488 -0.7744 -0.3148
vn 0.6675 -0.0000 -0.7446
vn 0.4881 0.8267 -0.2800
vn 0.0665 -0.7623 -0.6438
vn 0.2478 -0.7893 -0.5617
vn 0.0107 -0.0000 -0.9999
vn 0.2096 0.8546 -0.4750
vn 0.0583 -0.7665 0.6395
vn 0.8674 -0.0000 -0.4976
vn -0.1263 0.8578 0.4982
vn -0.0000 0.7000 0.7142
vn 0.9997 -0.0000 -0.0251
vn -0.0000 -0.7486 0.6630
vn -0.0980 -0.7756 0.6236
vn 0.9997 -0.0000 -0.0244
vn -0.3681 0.8586 0.3569
vn -0.3633 0.8565 0.3667
vn 1.0000 -0.0000 -0.0068
vn -0.4334 -0.7879 0.4374
vn -0.4419 -0.7881 0.4285
vn 0.9201 -0.0000 0.3917
vn -0.5495 0.8009 0.2379
vn -0.5523 0.8042 0.2197
vn 0.6636 -0.0000 0.7481
vn -0.6062 -0.7578 0.2412
vn -0.5977 -0.7588 0.2587
vn 0.0001 -0.0000 1.0000
vn -0.7985 0.5931 0.1029
vn -0.7839 0.6183 0.0568
vn -0.2987 -0.0000 0.9544
vn -0.7073 -0.7051 0.0512
vn -0.7036 -0.7048 0.0907
vn -0.8675 -0.0000 0.4975
vn -0.7912 0.6030 -0.1020
vn -0.8634 0.5044 0.0057
vn -0.9982 -0.0000 0.0604
vn -0.7201 -0.6938 0.0047
vn -0.7008 -0.7076 -0.0903
vn -1.0000 -0.0000 0.0047
vn -0.7584 0.6513 -0.0254
vn -0.9999 -0.0000 -0.0160
vn -0.7055 -0.7083 -0.0236
vn -0.9177 -0.0000 -0.3973
vn -0.3782 0.8500 -0.3667
vn -0.5051 0.8166 -0.2792
vn -0.6893 -0.0000 -0.7245
vn -0.5561 -0.7722 -0.3074
vn -0.4416 -0.7884 -0.4282
vn -0.0082 -0.0000 -1.0000
vn -0.0604 0.8712 -0.4873
vn -0.1932 0.8407 -0.5059
vn -0.0512 -0.7769 -0.6275
vn -0.2215 -0.7839 -0.5800
vn 0.4037 -0.0000 -0.9149
vn 0.1916 -0.7757 0.6013
vn 0.1737 0.8201 0.5453
vn 0.1021 0.8365 0.5384
vn 0.4482 -0.7851 0.4275
vn 0.4881 -0.7799 0.3919
vn 0.4422 0.8237 0.3550
vn 0.3942 0.8386 0.3760
vn 0.6988 -0.7141 0.0417
vn 0.7418 0.6692 0.0443
vn 0.7012 -0.7074 0.0889
vn 0.7202 -0.6938 -0.0048
vn 0.8616 0.5076 -0.0058
vn 0.7903 0.6045 0.1002
vn 0.7083 -0.7002 -0.0898
vn 0.7123 -0.7018 0.0049
vn 0.7657 0.6432 0.0053
vn 0.8170 0.5672 -0.1036
vn 0.5964 -0.7615 -0.2539
vn 0.6107 -0.7602 -0.2216
vn 0.5438 0.8157 -0.1974
vn 0.5428 0.8075 -0.2311
vn 0.4410 -0.7928 -0.4206
vn 0.4078 -0.7917 -0.4549
vn 0.3444 0.8566 -0.3843
vn 0.3626 0.8654 -0.3458
vn 0.0641 -0.7811 -0.6212
vn 0.0069 -0.7638 -0.6454
vn 0.0061 0.8219 -0.5696
vn 0.0684 0.8799 -0.4702
vn 0.0689 0.7418 -0.6671
vn 0.6528 0.7530 -0.0827
vn 0.0534 0.8085 0.5861
vn -0.1036 0.7449 0.6591
vn -0.0517 0.7722 -0.6333
vt 0.750000 0.490000
vt 0.000000 0.500000
vt 1.000000 0.500000
vt 0.250000 0.490000
vt 1.000000 1.000000
vt 0.000000 1.000000
vt 0.841844 0.471731
vt 0.937500 0.500000
vt 0.341844 0.471731
vt 0.937500 1.000000
vt 0.919706 0.419706
vt 0.875000 0.500000
vt 0.419706 0.419706
vt 0.875000 1.000000
vt 0.971731 0.341844
vt 0.812500 0.500000
vt 0.471731 0.341844
vt 0.812500 1.000000
vt 0.990000 0.250000
vt 0.750000 0.500000
vt 0.490000 0.250000
vt 0.750000 1.000000
vt 0.971731 0.158156
vt 0.687500 0.500000
vt 0.471731 0.158156
vt 0.687500 1.000000
vt 0.919706 0.080294
vt 0.625000 0.500000
vt 0.419706 0.080294
vt 0.625000 1.000000
vt 0.841844 0.028269
vt 0.562500 0.500000
vt 0.341844 0.028269
vt 0.562500 1.000000
vt 0.750000 0.010000
vt 0.500000 0.500000
vt 0.250000 0.010000
vt 0.500000 1.000000
vt 0.658156 0.028269
vt 0.437500 0.500000
vt 0.158156 0.028269
vt 0.437500 1.000000
vt 0.580294 0.080294
vt 0.375000 0.500000
vt 0.080294 0.080294
vt 0.375000 1.000000
vt 0.528269 0.158156
vt 0.312500 0.500000
vt 0.028269 0.158156
vt 0.312500 1.000000
vt 0.510000 0.250000
vt 0.250000 0.500000
vt 0.010000 0.250000
vt 0.250000 1.000000
vt 0.528269 0.341844
vt 0.187500 0.500000
vt 0.028269 0.341844
vt 0.187500 1.000000
vt 0.580294 0.419706
vt 0.125000 0.500000
vt 0.080294 0.419706
vt 0.125000 1.000000
vt 0.658156 0.471731
vt 0.062500 0.500000
vt 0.158156 0.471731
vt 0.062500 1.000000
vt 0.000000 0.600000
vt 1.000000 0.600000
vt 0.000000 0.700000
vt 1.000000 0.700000
vt 0.000000 0.800000
vt 1.000000 0.800000
vt 1.000000 0.900000
vt 0.000000 0.900000
vt 0.937500 0.900000
vt 0.937500 0.800000
vt 0.937500 0.700000
vt 0.937500 0.600000
vt 0.875000 0.900000
vt 0.875000 0.800000
vt 0.875000 0.700000
vt 0.875000 0.600000
vt 0.812500 0.900000
vt 0.812500 0.800000
vt 0.812500 0.700000
vt 0.812500 0.600000
vt 0.750000 0.900000
vt 0.750000 0.800000
vt 0.750000 0.700000
vt 0.750000 0.600000
vt 0.687500 0.900000
vt 0.687500 0.800000
vt 0.687500 0.700000
vt 0.687500 0.600000
vt 0.625000 0.900000
vt 0.625000 0.800000
vt 0.625000 0.700000
vt 0.625000 0.600000
vt 0.562500 0.900000
vt 0.562500 0.800000
vt 0.562500 0.700000
vt 0.562500 0.600000
vt 0.500000 0.900000
vt 0.500000 0.800000
vt 0.500000 0.700000
vt 0.500000 0.600000
vt 0.437500 0.900000
vt 0.437500 0.800000
vt 0.437500 0.700000
vt 0.437500 0.600000
vt 0.375000 0.900000
vt 0.375000 0.800000
vt 0.375000 0.700000
vt 0.375000 0.600000
vt 0.312500 0.900000
vt 0.312500 0.800000
vt 0.312500 0.700000
vt 0.312500 0.600000
vt 0.250000 0.900000
vt 0.250000 0.800000
vt 0.250000 0.700000
vt 0.250000 0.600000
vt 0.187500 0.900000
vt 0.187500 0.800000
vt 0.187500 0.700000
vt 0.187500 0.600000
vt 0.125000 0.900000
vt 0.125000 0.800000
vt 0.125000 0.700000
vt 0.125000 0.600000
vt 0.062500 0.900000
vt 0.062500 0.800000
vt 0.062500 0.700000
vt 0.062500 0.600000
vt 0.031250 0.700000
vt 0.031250 0.800000
vt 0.093750 0.700000
vt 0.093750 0.800000
vt 0.156250 0.700000
vt 0.156250 0.800000
vt 0.218750 0.700000
vt 0.218750 0.800000
vt 0.281250 0.700000
vt 0.281250 0.800000
vt 0.343750 0.700000
vt 0.343750 0.800000
vt 0.406250 0.700000
vt 0.406250 0.800000
vt 0.468750 0.700000
vt 0.468750 0.800000
vt 0.531250 0.700000
vt 0.531250 0.800000
vt 0.593750 0.700000
vt 0.593750 0.800000
vt 0.656250 0.700000
vt 0.656250 0.800000
vt 0.718750 0.700000
vt 0.718750 0.800000
vt 0.781250 0.700000
vt 0.781250 0.800000
vt 0.843750 0.700000
vt 0.843750 0.800000
vt 0.906250 0.700000
vt 0.906250 0.800000
vt 0.968750 0.700000
vt 0.968750 0.800000
s 0
usemtl Diamond_Pink
f 936/1239/1285 971/1309/1285 970/1307/1285
f 938/1244/1286 975/1313/1286 971/1309/1286
f 940/1248/1287 979/1317/1287 975/1313/1287
f 942/1252/1288 983/1321/1288 979/1317/1288
f 944/1256/1289 987/1325/1289 983/1321/1289
f 946/1260/1290 991/1329/1290 987/1325/1290
f 948/1264/1291 995/1333/1291 991/1329/1291
f 950/1268/1292 999/1337/1292 995/1333/1292
f 952/1272/1293 1003/1341/1293 999/1337/1293
f 954/1276/1294 1007/1345/1294 1003/1341/1294
f 956/1280/1295 1011/1349/1295 1007/1345/1295
f 958/1284/1296 1015/1353/1296 1011/1349/1296
f 960/1288/1297 1019/1357/1297 1015/1353/1297
f 962/1292/1298 1023/1361/1298 1019/1357/1298
f 938/1243/1299 936/1238/1299 966/1299/1299 964/1295/1299 962/1291/1299 960/1287/1299 958/1283/1299 956/1279/1299 954/1275/1299 952/1271/1299 950/1267/1299 948/1263/1299 946/1259/1299 944/1255/1299 942/1251/1299 940/1247/1299
f 964/1296/1300 1027/1365/1300 1023/1361/1300
f 966/1300/1301 970/1308/1301 1027/1365/1301
f 935/1235/1302 937/1241/1302 939/1245/1302 941/1249/1302 943/1253/1302 945/1257/1302 947/1261/1302 949/1265/1302 951/1269/1302 953/1273/1302 955/1277/1302 957/1281/1302 959/1285/1302 961/1289/1302 963/1293/1302 965/1297/1302
f 965/1298/1303 1030/1368/1303 967/1301/1303 935/1236/1303
f 1031/1369/1304 968/1303/1304 967/1301/1304
f 1029/1367/1305 1028/1366/1305 1032/1370/1305 1031/1369/1305
f 970/1308/1306 969/1305/1306 1032/1370/1306
f 963/1294/1307 1026/1364/1307 1030/1368/1307 965/1298/1307
f 1033/1371/1308 1029/1367/1308 1030/1368/1308
f 1025/1363/1309 1024/1362/1309 1034/1372/1309 1033/1371/1309
f 1027/1365/1310 1028/1366/1310 1034/1372/1310
f 961/1290/1311 1022/1360/1311 1026/1364/1311 963/1294/1311
f 1035/1373/1312 1025/1363/1312 1026/1364/1312
f 1021/1359/1313 1020/1358/1313 1036/1374/1313 1035/1373/1313
f 1023/1361/1314 1024/1362/1314 1036/1374/1314
f 959/1286/1315 1018/1356/1315 1022/1360/1315 961/1290/1315
f 1037/1375/1316 1021/1359/1316 1022/1360/1316
f 1017/1355/1317 1016/1354/1317 1038/1376/1317 1037/1375/1317
f 1019/1357/1318 1020/1358/1318 1038/1376/1318
f 957/1282/1319 1014/1352/1319 1018/1356/1319 959/1286/1319
f 1039/1377/1320 1017/1355/1320 1018/1356/1320
f 1013/1351/1321 1012/1350/1321 1040/1378/1321 1039/1377/1321
f 1015/1353/1322 1016/1354/1322 1040/1378/1322
f 955/1278/1323 1010/1348/1323 1014/1352/1323 957/1282/1323
f 1041/1379/1324 1013/1351/1324 1014/1352/1324
f 1009/1347/1325 1008/1346/1325 1042/1380/1325 1041/1379/1325
f 1011/1349/1326 1012/1350/1326 1042/1380/1326
f 953/1274/1327 1006/1344/1327 1010/1348/1327 955/1278/1327
f 1043/1381/1328 1009/1347/1328 1010/1348/1328
f 1005/1343/1329 1004/1342/1329 1044/1382/1329 1043/1381/1329
f 1007/1345/1330 1008/1346/1330 1044/1382/1330
f 951/1270/1331 1002/1340/1331 1006/1344/1331 953/1274/1331
f 1045/1383/1332 1005/1343/1332 1006/1344/1332
f 1001/1339/1333 1000/1338/1333 1046/1384/1333 1045/1383/1333
f 1003/1341/1334 1004/1342/1334 1046/1384/1334
f 949/1266/1335 998/1336/1335 1002/1340/1335 951/1270/1335
f 1047/1385/1336 1001/1339/1336 1002/1340/1336
f 997/1335/1337 996/1334/1337 1048/1386/1337 1047/1385/1337
f 999/1337/1338 1000/1338/1338 1048/1386/1338
f 947/1262/1339 994/1332/1339 998/1336/1339 949/1266/1339
f 1049/1387/1340 997/1335/1340 998/1336/1340
f 993/1331/1341 992/1330/1341 1050/1388/1341 1049/1387/1341
f 995/1333/1342 996/1334/1342 1050/1388/1342
f 945/1258/1343 990/1328/1343 994/1332/1343 947/1262/1343
f 1051/1389/1344 993/1331/1344 994/1332/1344
f 989/1327/1345 988/1326/1345 1052/1390/1345 1051/1389/1345
f 991/1329/1346 992/1330/1346 1052/1390/1346
f 943/1254/1347 986/1324/1347 990/1328/1347 945/1258/1347
f 1053/1391/1348 989/1327/1348 990/1328/1348
f 985/1323/1349 984/1322/1349 1054/1392/1349 1053/1391/1349
f 987/1325/1350 988/1326/1350 1054/1392/1350
f 941/1250/1351 982/1320/1351 986/1324/1351 943/1254/1351
f 1055/1393/1352 985/1323/1352 986/1324/1352
f 981/1319/1353 980/1318/1353 1056/1394/1353 1055/1393/1353
f 983/1321/1354 984/1322/1354 1056/1394/1354
f 939/1246/1355 978/1316/1355 982/1320/1355 941/1250/1355
f 1057/1395/1356 981/1319/1356 982/1320/1356
f 977/1315/1357 976/1314/1357 1058/1396/1357 1057/1395/1357
f 979/1317/1358 980/1318/1358 1058/1396/1358
f 937/1242/1359 974/1312/1359 978/1316/1359 939/1246/1359
f 1059/1397/1360 977/1315/1360 978/1316/1360
f 973/1311/1361 972/1310/1361 1060/1398/1361 1059/1397/1361
f 975/1313/1362 976/1314/1362 1060/1398/1362
f 935/1237/1363 967/1302/1363 974/1312/1363 937/1242/1363
f 1061/1399/1364 973/1311/1364 974/1312/1364
f 969/1306/1365 1062/1400/1365 1061/1399/1365 968/1304/1365
f 971/1309/1366 972/1310/1366 1062/1400/1366
f 1002/1340/1367 998/1336/1367 1047/1385/1367
f 1059/1397/1368 1060/1398/1368 976/1314/1368 977/1315/1368
f 999/1337/1369 1003/1341/1369 1046/1384/1369
f 1046/1384/1370 1000/1338/1370 999/1337/1370
f 1057/1395/1371 1058/1396/1371 980/1318/1371 981/1319/1371
f 1002/1340/1372 1001/1339/1372 1045/1383/1372
f 1006/1344/1373 1002/1340/1373 1045/1383/1373
f 1055/1393/1374 1056/1394/1374 984/1322/1374 985/1323/1374
f 1003/1341/1375 1007/1345/1375 1044/1382/1375
f 1044/1382/1376 1004/1342/1376 1003/1341/1376
f 1053/1391/1377 1054/1392/1377 988/1326/1377 989/1327/1377
f 1006/1344/1378 1005/1343/1378 1043/1381/1378
f 1010/1348/1379 1006/1344/1379 1043/1381/1379
f 1051/1389/1380 1052/1390/1380 992/1330/1380 993/1331/1380
f 1007/1345/1381 1011/1349/1381 1042/1380/1381
f 1042/1380/1382 1008/1346/1382 1007/1345/1382
f 1049/1387/1383 1050/1388/1383 996/1334/1383 997/1335/1383
f 1010/1348/1384 1009/1347/1384 1041/1379/1384
f 1014/1352/1385 1010/1348/1385 1041/1379/1385
f 1047/1385/1386 1048/1386/1386 1000/1338/1386 1001/1339/1386
f 1011/1349/1387 1015/1353/1387 1040/1378/1387
f 1040/1378/1388 1012/1350/1388 1011/1349/1388
f 1045/1383/1389 1046/1384/1389 1004/1342/1389 1005/1343/1389
f 1014/1352/1390 1013/1351/1390 1039/1377/1390
f 1018/1356/1391 1014/1352/1391 1039/1377/1391
f 1043/1381/1392 1044/1382/1392 1008/1346/1392 1009/1347/1392
f 1015/1353/1393 1019/1357/1393 1038/1376/1393
f 1038/1376/1394 1016/1354/1394 1015/1353/1394
f 1041/1379/1395 1042/1380/1395 1012/1350/1395 1013/1351/1395
f 1018/1356/1396 1017/1355/1396 1037/1375/1396
f 1022/1360/1397 1018/1356/1397 1037/1375/1397
f 1039/1377/1398 1040/1378/1398 1016/1354/1398 1017/1355/1398
f 1019/1357/1314 1023/1361/1314 1036/1374/1314
f 1036/1374/1399 1020/1358/1399 1019/1357/1399
f 1037/1375/1400 1038/1376/1400 1020/1358/1400 1021/1359/1400
f 1022/1360/1401 1021/1359/1401 1035/1373/1401
f 1026/1364/1312 1022/1360/1312 1035/1373/1312
f 1035/1373/1402 1036/1374/1402 1024/1362/1402 1025/1363/1402
f 1023/1361/1403 1027/1365/1403 1034/1372/1403
f 1034/1372/1404 1024/1362/1404 1023/1361/1404
f 1033/1371/1405 1034/1372/1405 1028/1366/1405 1029/1367/1405
f 1026/1364/1406 1025/1363/1406 1033/1371/1406
f 1030/1368/1407 1026/1364/1407 1033/1371/1407
f 1031/1369/1408 1032/1370/1408 969/1305/1408 968/1303/1408
f 1027/1365/1409 970/1308/1409 1032/1370/1409
f 1032/1370/1410 1028/1366/1410 1027/1365/1410
f 967/1301/1411 1030/1368/1411 1031/1369/1411
f 1030/1368/1412 1029/1367/1412 1031/1369/1412
f 1061/1399/1413 1062/1400/1413 972/1310/1413 973/1311/1413
f 998/1336/1414 997/1335/1414 1047/1385/1414
f 1048/1386/1415 996/1334/1415 995/1333/1415
f 995/1333/1416 999/1337/1416 1048/1386/1416
f 998/1336/1417 994/1332/1417 1049/1387/1417
f 994/1332/1418 993/1331/1418 1049/1387/1418
f 1050/1388/1419 992/1330/1419 991/1329/1419
f 991/1329/1420 995/1333/1420 1050/1388/1420
f 994/1332/1344 990/1328/1344 1051/1389/1344
f 990/1328/1421 989/1327/1421 1051/1389/1421
f 1052/1390/1422 988/1326/1422 987/1325/1422
f 987/1325/1346 991/1329/1346 1052/1390/1346
f 990/1328/1423 986/1324/1423 1053/1391/1423
f 986/1324/1424 985/1323/1424 1053/1391/1424
f 1054/1392/1425 984/1322/1425 983/1321/1425
f 983/1321/1426 987/1325/1426 1054/1392/1426
f 986/1324/1427 982/1320/1427 1055/1393/1427
f 982/1320/1428 981/1319/1428 1055/1393/1428
f 1056/1394/1429 980/1318/1429 979/1317/1429
f 979/1317/1430 983/1321/1430 1056/1394/1430
f 982/1320/1431 978/1316/1431 1057/1395/1431
f 978/1316/1432 977/1315/1432 1057/1395/1432
f 1058/1396/1433 976/1314/1433 975/1313/1433
f 975/1313/1434 979/1317/1434 1058/1396/1434
f 978/1316/1435 974/1312/1435 1059/1397/1435
f 974/1312/1436 973/1311/1436 1059/1397/1436
f 1060/1398/1437 972/1310/1437 971/1309/1437
f 971/1309/1438 975/1313/1438 1060/1398/1438
f 974/1312/1439 967/1302/1439 1061/1399/1439
f 967/1302/1440 968/1304/1440 1061/1399/1440
f 1062/1400/1441 969/1306/1441 970/1307/1441
f 970/1307/1442 971/1309/1442 1062/1400/1442
f 936/1239/1443 938/1244/1443 971/1309/1443
f 938/1244/1286 940/1248/1286 975/1313/1286
f 940/1248/1287 942/1252/1287 979/1317/1287
f 942/1252/1444 944/1256/1444 983/1321/1444
f 944/1256/1289 946/1260/1289 987/1325/1289
f 946/1260/1290 948/1264/1290 991/1329/1290
f 948/1264/1291 950/1268/1291 995/1333/1291
f 950/1268/1445 952/1272/1445 999/1337/1445
f 952/1272/1446 954/1276/1446 1003/1341/1446
f 954/1276/1294 956/1280/1294 1007/1345/1294
f 956/1280/1295 958/1284/1295 1011/1349/1295
f 958/1284/1296 960/1288/1296 1015/1353/1296
f 960/1288/1297 962/1292/1297 1019/1357/1297
f 962/1292/1298 964/1296/1298 1023/1361/1298
f 964/1296/1300 966/1300/1300 1027/1365/1300
f 966/1300/1447 936/1240/1447 970/1308/1447
o Oval_diamond_green
v 10.581376 0.004090 5.863891
v 10.856423 1.436688 4.690372
v 10.596772 0.004090 5.871047
v 11.301458 1.436688 5.152928
v 10.606287 0.004090 5.889782
v 11.471447 1.436688 5.901361
v 10.606287 0.004090 5.912940
v 11.301458 1.436688 6.649794
v 10.596772 0.004090 5.931675
v 10.856423 1.436688 7.112350
v 10.581376 0.004090 5.938831
v 10.306330 1.436688 7.112350
v 10.565981 0.004090 5.931675
v 9.861294 1.436688 6.649794
v 10.556466 0.004090 5.912940
v 9.691306 1.436688 5.901361
v 10.556466 0.004090 5.889782
v 9.861294 1.436688 5.152928
v 10.565981 0.004090 5.871047
v 10.306330 1.436688 4.690372
v 10.581376 0.404090 5.156258
v 10.581376 0.765695 4.590630
v 10.581376 0.962037 4.265020
v 10.581376 1.073585 4.133491
v 11.307749 1.073585 4.471124
v 11.249382 0.962037 4.577533
v 11.119923 0.765695 4.840957
v 10.887520 0.404090 5.298560
v 11.756672 1.073585 5.355059
v 11.662231 0.962037 5.395704
v 11.452762 0.765695 5.496323
v 11.076727 0.404090 5.671112
v 11.756672 1.073585 6.447663
v 11.662231 0.962037 6.407018
v 11.452762 0.765695 6.306399
v 11.076727 0.404090 6.131611
v 11.307749 1.073585 7.331598
v 11.249382 0.962037 7.225189
v 11.119923 0.765695 6.961765
v 10.887520 0.404090 6.504162
v 10.581376 1.073585 7.669231
v 10.581376 0.962037 7.537703
v 10.581376 0.765695 7.212092
v 10.581376 0.404090 6.646464
v 9.855004 1.073585 7.331598
v 9.913371 0.962037 7.225189
v 10.042830 0.765695 6.961765
v 10.275232 0.404090 6.504162
v 9.406081 1.073585 6.447663
v 9.500521 0.962037 6.407018
v 9.709991 0.765695 6.306399
v 10.086025 0.404090 6.131611
v 9.406081 1.073585 5.355059
v 9.500521 0.962037 5.395704
v 9.709991 0.765695 5.496323
v 10.086025 0.404090 5.671112
v 9.855004 1.073585 4.471124
v 9.913371 0.962037 4.577533
v 10.042830 0.765695 4.840957
v 10.275232 0.404090 5.298560
v 10.287055 0.741310 4.605509
v 10.216304 0.992285 4.283595
v 9.810833 0.741310 5.100480
v 9.625605 0.992285 4.901526
v 9.628932 0.741310 5.901361
v 9.399977 0.992285 5.901361
v 9.810833 0.741310 6.702242
v 9.625605 0.992285 6.901196
v 10.287055 0.741310 7.197213
v 10.216304 0.992285 7.519127
v 10.875698 0.741310 7.197213
v 10.946448 0.992285 7.519127
v 11.351919 0.741310 6.702242
v 11.537148 0.992285 6.901196
v 11.533820 0.741310 5.901361
v 11.762775 0.992285 5.901361
v 11.351919 0.741310 5.100480
v 11.537148 0.992285 4.901526
v 10.875698 0.741310 4.605509
v 10.946448 0.992285 4.283595
vn 0.2876 0.7311 -0.6187
vn 0.6741 0.6545 -0.3424
vn 0.7864 0.6177 -0.0000
vn 0.6741 0.6545 0.3424
vn 0.2876 0.7311 0.6187
vn -0.2876 0.7311 0.6187
vn -0.6741 0.6545 0.3424
vn -0.7864 0.6177 -0.0000
vn -0.0000 1.0000 -0.0000
vn -0.6741 0.6545 -0.3424
vn -0.2876 0.7311 -0.6187
vn -0.0000 -1.0000 -0.0000
vn -0.2230 -0.8486 -0.4797
vn 0.0425 -0.8418 -0.5381
vn -0.4370 -0.7300 -0.5255
vn -0.0957 -0.7592 -0.6438
vn -0.5446 -0.7918 -0.2766
vn -0.4007 -0.8068 -0.4341
vn -0.4960 -0.8310 -0.2519
vn -0.5610 -0.7060 -0.4323
vn -0.6478 -0.7618 -0.0000
vn -0.6397 -0.7489 -0.1731
vn -0.7037 -0.6757 -0.2195
vn -0.7392 -0.6649 -0.1072
vn -0.5446 -0.7918 0.2766
vn -0.6580 -0.7431 0.1218
vn -0.5937 -0.8047 -0.0000
vn -0.7037 -0.6757 0.2195
vn -0.2230 -0.8486 0.4797
vn -0.4600 -0.7953 0.3948
vn -0.7392 -0.6649 0.1072
vn -0.4370 -0.7300 0.5255
vn 0.2230 -0.8486 0.4797
vn -0.0425 -0.8418 0.5381
vn -0.4960 -0.8310 0.2519
vn 0.0957 -0.7592 0.6438
vn 0.5446 -0.7918 0.2766
vn 0.4007 -0.8068 0.4341
vn -0.5610 -0.7060 0.4323
vn 0.5610 -0.7060 0.4323
vn 0.6478 -0.7618 -0.0000
vn 0.6397 -0.7489 0.1731
vn -0.2005 -0.8796 0.4314
vn 0.7392 -0.6649 0.1072
vn 0.5446 -0.7918 -0.2766
vn 0.6580 -0.7431 -0.1218
vn -0.0957 -0.7592 0.6438
vn 0.7037 -0.6757 -0.2195
vn 0.2230 -0.8486 -0.4797
vn 0.4600 -0.7953 -0.3948
vn 0.2005 -0.8796 0.4314
vn 0.4370 -0.7300 -0.5255
vn 0.0360 -0.8241 -0.5653
vn 0.6765 -0.7150 -0.1764
vn -0.4118 0.2135 0.8859
vn 0.4795 -0.7708 -0.4194
vn 0.6926 -0.7089 0.1335
vn 0.0425 -0.8418 0.5381
vn 0.6926 -0.7089 -0.1335
vn 0.4795 -0.7708 0.4194
vn -0.8854 0.1177 0.4497
vn 0.6765 -0.7150 0.1764
vn 0.0360 -0.8241 0.5653
vn -0.4007 -0.8068 0.4341
vn 0.4285 -0.7826 0.4515
vn -0.4285 -0.7826 0.4515
vn -0.9972 0.0749 -0.0000
vn -0.0360 -0.8241 0.5653
vn -0.6765 -0.7150 0.1764
vn -0.6397 -0.7489 0.1731
vn -0.4795 -0.7708 0.4194
vn -0.6926 -0.7089 -0.1335
vn -0.8854 0.1177 -0.4497
vn -0.6926 -0.7089 0.1335
vn -0.4795 -0.7708 -0.4194
vn -0.6580 -0.7431 -0.1218
vn -0.6765 -0.7150 -0.1764
vn -0.0360 -0.8241 -0.5653
vn -0.4118 0.2135 -0.8859
vn -0.4285 -0.7826 -0.4515
vn -0.2005 -0.8796 -0.4314
vn -0.4600 -0.7953 -0.3948
vn 0.4285 -0.7826 -0.4515
vn 0.4600 -0.7953 0.3948
vn 0.4370 -0.7300 0.5255
vn 0.4118 0.2135 0.8859
vn 0.4960 -0.8310 0.2519
vn 0.6580 -0.7431 0.1218
vn 0.7037 -0.6757 0.2195
vn 0.8854 0.1177 0.4497
vn 0.5937 -0.8047 -0.0000
vn 0.6397 -0.7489 -0.1731
vn 0.7392 -0.6649 -0.1072
vn 0.9972 0.0749 -0.0000
vn 0.4960 -0.8310 -0.2519
vn 0.4007 -0.8068 -0.4341
vn 0.5610 -0.7060 -0.4323
vn 0.8854 0.1177 -0.4497
vn 0.2005 -0.8796 -0.4314
vn -0.0425 -0.8418 -0.5381
vn 0.0957 -0.7592 -0.6438
vn 0.4118 0.2135 -0.8859
vn 0.4363 0.7958 -0.4198
vn 0.6562 0.7397 -0.1490
vn 0.6562 0.7397 0.1490
vn 0.4363 0.7958 0.4198
vn -0.0000 0.8377 0.5462
vn -0.4363 0.7958 0.4198
vn -0.6562 0.7397 0.1490
vn -0.6562 0.7397 -0.1490
vn -0.4363 0.7958 -0.4198
vn -0.0000 0.8377 -0.5462
vt 0.750000 0.490000
vt -0.000000 0.500000
vt 1.000000 0.500000
vt 0.250000 0.490000
vt 1.000000 1.000000
vt -0.000000 1.000000
vt 0.891068 0.444164
vt 0.900000 0.500000
vt 0.391068 0.444164
vt 0.900000 1.000000
vt 0.978254 0.324164
vt 0.800000 0.500000
vt 0.478254 0.324164
vt 0.800000 1.000000
vt 0.978254 0.175836
vt 0.700000 0.500000
vt 0.478254 0.175836
vt 0.700000 1.000000
vt 0.891068 0.055836
vt 0.600000 0.500000
vt 0.391068 0.055836
vt 0.600000 1.000000
vt 0.750000 0.010000
vt 0.500000 0.500000
vt 0.250000 0.010000
vt 0.500000 1.000000
vt 0.608932 0.055836
vt 0.400000 0.500000
vt 0.108932 0.055836
vt 0.400000 1.000000
vt 0.521746 0.175836
vt 0.300000 0.500000
vt 0.021746 0.175836
vt 0.300000 1.000000
vt 0.521746 0.324164
vt 0.200000 0.500000
vt 0.021746 0.324164
vt 0.200000 1.000000
vt 0.608932 0.444164
vt 0.100000 0.500000
vt 0.108932 0.444164
vt 0.100000 1.000000
vt -0.000000 0.600000
vt 1.000000 0.600000
vt -0.000000 0.700000
vt 1.000000 0.700000
vt -0.000000 0.800000
vt 1.000000 0.800000
vt 1.000000 0.900000
vt -0.000000 0.900000
vt 0.900000 0.900000
vt 0.900000 0.800000
vt 0.900000 0.700000
vt 0.900000 0.600000
vt 0.800000 0.900000
vt 0.800000 0.800000
vt 0.800000 0.700000
vt 0.800000 0.600000
vt 0.700000 0.900000
vt 0.700000 0.800000
vt 0.700000 0.700000
vt 0.700000 0.600000
vt 0.600000 0.900000
vt 0.600000 0.800000
vt 0.600000 0.700000
vt 0.600000 0.600000
vt 0.500000 0.900000
vt 0.500000 0.800000
vt 0.500000 0.700000
vt 0.500000 0.600000
vt 0.400000 0.900000
vt 0.400000 0.800000
vt 0.400000 0.700000
vt 0.400000 0.600000
vt 0.300000 0.900000
vt 0.300000 0.800000
vt 0.300000 0.700000
vt 0.300000 0.600000
vt 0.200000 0.900000
vt 0.200000 0.800000
vt 0.200000 0.700000
vt 0.200000 0.600000
vt 0.100000 0.900000
vt 0.100000 0.800000
vt 0.100000 0.700000
vt 0.100000 0.600000
vt 0.050000 0.700000
vt 0.050000 0.800000
vt 0.150000 0.700000
vt 0.150000 0.800000
vt 0.250000 0.700000
vt 0.250000 0.800000
vt 0.350000 0.700000
vt 0.350000 0.800000
vt 0.450000 0.700000
vt 0.450000 0.800000
vt 0.550000 0.700000
vt 0.550000 0.800000
vt 0.650000 0.700000
vt 0.650000 0.800000
vt 0.750000 0.700000
vt 0.750000 0.800000
vt 0.850000 0.700000
vt 0.850000 0.800000
vt 0.950000 0.700000
vt 0.950000 0.800000
s 0
usemtl Diamond_Green
f 1064/1405/1448 1087/1451/1448 1086/1449/1448
f 1066/1410/1449 1091/1455/1449 1087/1451/1449
f 1068/1414/1450 1095/1459/1450 1091/1455/1450
f 1070/1418/1451 1099/1463/1451 1095/1459/1451
f 1072/1422/1452 1103/1467/1452 1099/1463/1452
f 1074/1426/1453 1107/1471/1453 1103/1467/1453
f 1076/1430/1454 1111/1475/1454 1107/1471/1454
f 1078/1434/1455 1115/1479/1455 1111/1475/1455
f 1066/1409/1456 1064/1404/1456 1082/1441/1456 1080/1437/1456 1078/1433/1456 1076/1429/1456 1074/1425/1456 1072/1421/1456 1070/1417/1456 1068/1413/1456
f 1080/1438/1457 1119/1483/1457 1115/1479/1457
f 1082/1442/1458 1086/1450/1458 1119/1483/1458
f 1063/1401/1459 1065/1407/1459 1067/1411/1459 1069/1415/1459 1071/1419/1459 1073/1423/1459 1075/1427/1459 1077/1431/1459 1079/1435/1459 1081/1439/1459
f 1081/1440/1460 1122/1486/1460 1083/1443/1460 1063/1402/1460
f 1123/1487/1461 1084/1445/1461 1083/1443/1461
f 1124/1488/1462 1120/1484/1462 1119/1483/1462
f 1086/1450/1463 1085/1447/1463 1124/1488/1463
f 1079/1436/1464 1118/1482/1464 1122/1486/1464 1081/1440/1464
f 1125/1489/1465 1121/1485/1465 1122/1486/1465
f 1122/1486/1466 1118/1482/1466 1125/1489/1466
f 1119/1483/1467 1120/1484/1467 1126/1490/1467
f 1077/1432/1468 1114/1478/1468 1118/1482/1468 1079/1436/1468
f 1127/1491/1469 1117/1481/1469 1118/1482/1469
f 1126/1490/1470 1116/1480/1470 1115/1479/1470
f 1115/1479/1471 1116/1480/1471 1128/1492/1471
f 1075/1428/1472 1110/1474/1472 1114/1478/1472 1077/1432/1472
f 1129/1493/1473 1113/1477/1473 1114/1478/1473
f 1118/1482/1474 1114/1478/1474 1127/1491/1474
f 1111/1475/1475 1112/1476/1475 1130/1494/1475
f 1073/1424/1476 1106/1470/1476 1110/1474/1476 1075/1428/1476
f 1131/1495/1477 1109/1473/1477 1110/1474/1477
f 1128/1492/1478 1112/1476/1478 1111/1475/1478
f 1107/1471/1479 1108/1472/1479 1132/1496/1479
f 1071/1420/1480 1102/1466/1480 1106/1470/1480 1073/1424/1480
f 1133/1497/1481 1105/1469/1481 1106/1470/1481
f 1114/1478/1482 1110/1474/1482 1129/1493/1482
f 1103/1467/1483 1104/1468/1483 1134/1498/1483
f 1069/1416/1484 1098/1462/1484 1102/1466/1484 1071/1420/1484
f 1135/1499/1485 1101/1465/1485 1102/1466/1485
f 1130/1494/1486 1108/1472/1486 1107/1471/1486
f 1099/1463/1487 1100/1464/1487 1136/1500/1487
f 1067/1412/1488 1094/1458/1488 1098/1462/1488 1069/1416/1488
f 1137/1501/1489 1097/1461/1489 1098/1462/1489
f 1110/1474/1490 1106/1470/1490 1131/1495/1490
f 1095/1459/1491 1096/1460/1491 1138/1502/1491
f 1065/1408/1492 1090/1454/1492 1094/1458/1492 1067/1412/1492
f 1139/1503/1493 1093/1457/1493 1094/1458/1493
f 1132/1496/1494 1104/1468/1494 1103/1467/1494
f 1091/1455/1495 1092/1456/1495 1140/1504/1495
f 1063/1403/1496 1083/1444/1496 1090/1454/1496 1065/1408/1496
f 1141/1505/1497 1089/1453/1497 1090/1454/1497
f 1106/1470/1498 1102/1466/1498 1133/1497/1498
f 1087/1451/1499 1088/1452/1499 1142/1506/1499
f 1085/1448/1500 1142/1506/1500 1141/1505/1500 1084/1446/1500
f 1139/1503/1501 1140/1504/1501 1092/1456/1501 1093/1457/1501
f 1103/1467/1502 1107/1471/1502 1132/1496/1502
f 1089/1453/1503 1088/1452/1503 1140/1504/1503 1139/1503/1503
f 1137/1501/1504 1138/1502/1504 1096/1460/1504 1097/1461/1504
f 1106/1470/1505 1105/1469/1505 1131/1495/1505
f 1093/1457/1506 1092/1456/1506 1138/1502/1506 1137/1501/1506
f 1135/1499/1507 1136/1500/1507 1100/1464/1507 1101/1465/1507
f 1107/1471/1508 1111/1475/1508 1130/1494/1508
f 1097/1461/1509 1096/1460/1509 1136/1500/1509 1135/1499/1509
f 1133/1497/1510 1134/1498/1510 1104/1468/1510 1105/1469/1510
f 1110/1474/1511 1109/1473/1511 1129/1493/1511
f 1101/1465/1512 1100/1464/1512 1134/1498/1512 1133/1497/1512
f 1131/1495/1513 1132/1496/1513 1108/1472/1513 1109/1473/1513
f 1111/1475/1514 1115/1479/1514 1128/1492/1514
f 1105/1469/1515 1104/1468/1515 1132/1496/1515 1131/1495/1515
f 1129/1493/1516 1130/1494/1516 1112/1476/1516 1113/1477/1516
f 1114/1478/1517 1113/1477/1517 1127/1491/1517
f 1109/1473/1518 1108/1472/1518 1130/1494/1518 1129/1493/1518
f 1127/1491/1519 1128/1492/1519 1116/1480/1519 1117/1481/1519
f 1115/1479/1520 1119/1483/1520 1126/1490/1520
f 1113/1477/1521 1112/1476/1521 1128/1492/1521 1127/1491/1521
f 1125/1489/1522 1126/1490/1522 1120/1484/1522 1121/1485/1522
f 1118/1482/1523 1117/1481/1523 1125/1489/1523
f 1117/1481/1524 1116/1480/1524 1126/1490/1524 1125/1489/1524
f 1123/1487/1525 1124/1488/1525 1085/1447/1525 1084/1445/1525
f 1119/1483/1526 1086/1450/1526 1124/1488/1526
f 1121/1485/1527 1120/1484/1527 1124/1488/1527 1123/1487/1527
f 1083/1443/1528 1122/1486/1528 1123/1487/1528
f 1122/1486/1529 1121/1485/1529 1123/1487/1529
f 1141/1505/1530 1142/1506/1530 1088/1452/1530 1089/1453/1530
f 1102/1466/1531 1101/1465/1531 1133/1497/1531
f 1134/1498/1532 1100/1464/1532 1099/1463/1532
f 1099/1463/1533 1103/1467/1533 1134/1498/1533
f 1102/1466/1534 1098/1462/1534 1135/1499/1534
f 1098/1462/1535 1097/1461/1535 1135/1499/1535
f 1136/1500/1536 1096/1460/1536 1095/1459/1536
f 1095/1459/1537 1099/1463/1537 1136/1500/1537
f 1098/1462/1538 1094/1458/1538 1137/1501/1538
f 1094/1458/1539 1093/1457/1539 1137/1501/1539
f 1138/1502/1540 1092/1456/1540 1091/1455/1540
f 1091/1455/1541 1095/1459/1541 1138/1502/1541
f 1094/1458/1542 1090/1454/1542 1139/1503/1542
f 1090/1454/1543 1089/1453/1543 1139/1503/1543
f 1140/1504/1544 1088/1452/1544 1087/1451/1544
f 1087/1451/1545 1091/1455/1545 1140/1504/1545
f 1090/1454/1546 1083/1444/1546 1141/1505/1546
f 1083/1444/1547 1084/1446/1547 1141/1505/1547
f 1142/1506/1548 1085/1448/1548 1086/1449/1548
f 1086/1449/1549 1087/1451/1549 1142/1506/1549
f 1064/1405/1550 1066/1410/1550 1087/1451/1550
f 1066/1410/1551 1068/1414/1551 1091/1455/1551
f 1068/1414/1552 1070/1418/1552 1095/1459/1552
f 1070/1418/1553 1072/1422/1553 1099/1463/1553
f 1072/1422/1554 1074/1426/1554 1103/1467/1554
f 1074/1426/1555 1076/1430/1555 1107/1471/1555
f 1076/1430/1556 1078/1434/1556 1111/1475/1556
f 1078/1434/1557 1080/1438/1557 1115/1479/1557
f 1080/1438/1558 1082/1442/1558 1119/1483/1558
f 1082/1442/1559 1064/1406/1559 1086/1450/1559
o Round_diamond_green
v 0.249467 0.028240 5.823294
v 0.520782 2.028240 5.025740
v 0.271491 0.028240 5.830450
v 0.959780 2.028240 5.344690
v 0.285103 0.028240 5.849185
v 1.127463 2.028240 5.860764
v 0.285103 0.028240 5.872343
v 0.959780 2.028240 6.376836
v 0.271491 0.028240 5.891078
v 0.520782 2.028240 6.695787
v 0.249467 0.028240 5.898234
v -0.021849 2.028240 6.695787
v 0.227442 0.028240 5.891078
v -0.460847 2.028240 6.376837
v 0.213831 0.028240 5.872343
v -0.628529 2.028240 5.860764
v 0.213831 0.028240 5.849185
v -0.460847 2.028240 5.344691
v 0.227442 0.028240 5.830450
v -0.021849 2.028240 5.025740
v 0.249467 0.428240 5.345387
v 0.249467 0.827316 4.960076
v 0.249467 1.440110 4.267820
v 0.249467 1.508509 4.139780
v 1.261036 1.508509 4.468458
v 1.179752 1.440110 4.572045
v 0.778878 0.827316 5.132092
v 0.552398 0.428240 5.443815
v 1.886220 1.508509 5.328950
v 1.754700 1.440110 5.368517
v 1.106071 0.827316 5.582436
v 0.739619 0.428240 5.701503
v 1.886220 1.508509 6.392577
v 1.754700 1.440110 6.353010
v 1.106071 0.827316 6.139091
v 0.739619 0.428240 6.020024
v 1.261036 1.508509 7.253069
v 1.179752 1.440110 7.149482
v 0.778878 0.827316 6.589435
v 0.552398 0.428240 6.277712
v 0.249467 1.508509 7.581748
v 0.249467 1.440110 7.453707
v 0.249467 0.827316 6.761451
v 0.249467 0.428240 6.376140
v -0.762102 1.508509 7.253069
v -0.680818 1.440110 7.149482
v -0.279944 0.827316 6.589435
v -0.053464 0.428240 6.277712
v -1.387286 1.508509 6.392577
v -1.255766 1.440110 6.353010
v -0.607138 0.827316 6.139091
v -0.240686 0.428240 6.020024
v -1.387286 1.508509 5.328950
v -1.255766 1.440110 5.368517
v -0.607138 0.827316 5.582436
v -0.240686 0.428240 5.701503
v -0.762102 1.508509 4.468458
v -0.680818 1.440110 4.572045
v -0.279944 0.827316 5.132092
v -0.053464 0.428240 5.443815
v -0.039862 0.810559 4.970301
v -0.258945 1.469555 4.285903
v -0.508006 0.810559 5.310427
v -1.081571 1.469555 4.887446
v -0.686822 0.810559 5.860764
v -1.395787 1.469555 5.860764
v -0.508006 0.810559 6.411100
v -1.081571 1.469555 6.834081
v -0.039862 0.810559 6.751226
v -0.258945 1.469555 7.435624
v 0.538796 0.810559 6.751226
v 0.757878 1.469555 7.435624
v 1.006940 0.810559 6.411100
v 1.580505 1.469555 6.834081
v 1.185755 0.810559 5.860764
v 1.894720 1.469555 5.860764
v 1.006940 0.810559 5.310427
v 1.580505 1.469555 4.887446
v 0.538796 0.810559 4.970301
v 0.757878 1.469555 4.285903
vn 0.1746 0.8250 -0.5375
vn 0.4572 0.8250 -0.3322
vn 0.5651 0.8250 -0.0000
vn 0.4572 0.8250 0.3322
vn 0.1746 0.8250 0.5375
vn -0.1746 0.8250 0.5375
vn -0.4572 0.8250 0.3322
vn -0.5651 0.8250 -0.0000
vn -0.0000 1.0000 -0.0000
vn -0.4572 0.8250 -0.3322
vn -0.1746 0.8250 -0.5375
vn -0.0000 -1.0000 -0.0000
vn -0.2042 -0.7507 -0.6283
vn 0.0148 -0.6945 -0.7193
vn -0.2182 -0.8843 -0.4127
vn -0.0677 -0.8800 -0.4701
vn -0.5345 -0.7507 -0.3883
vn -0.4108 -0.6945 -0.5906
vn -0.5264 -0.7593 -0.3825
vn -0.3250 -0.8862 -0.3302
vn -0.6607 -0.7507 -0.0000
vn -0.6795 -0.6945 -0.2364
vn -0.4038 -0.8925 -0.2008
vn -0.4429 -0.8936 -0.0725
vn -0.5345 -0.7507 0.3883
vn -0.6887 -0.6945 0.2082
vn -0.6507 -0.7593 -0.0000
vn -0.4038 -0.8925 0.2008
vn -0.2042 -0.7507 0.6283
vn -0.4348 -0.6945 0.5732
vn -0.4429 -0.8936 0.0725
vn -0.2182 -0.8843 0.4127
vn 0.2042 -0.7507 0.6283
vn -0.0148 -0.6945 0.7193
vn -0.5264 -0.7593 0.3825
vn 0.0677 -0.8800 0.4701
vn 0.5345 -0.7507 0.3883
vn 0.4108 -0.6945 0.5906
vn -0.3250 -0.8862 0.3302
vn 0.3250 -0.8862 0.3302
vn 0.6607 -0.7507 -0.0000
vn 0.6795 -0.6945 0.2364
vn -0.2011 -0.7593 0.6189
vn 0.4429 -0.8936 0.0725
vn 0.5345 -0.7507 -0.3883
vn 0.6887 -0.6945 -0.2082
vn -0.0677 -0.8800 0.4701
vn 0.4038 -0.8925 -0.2008
vn 0.2042 -0.7507 -0.6283
vn 0.4348 -0.6945 -0.5732
vn 0.2011 -0.7593 0.6189
vn 0.2182 -0.8843 -0.4127
vn 0.0357 -0.7369 -0.6751
vn 0.6357 -0.7327 -0.2431
vn -0.2801 0.4221 0.8622
vn 0.4280 -0.7347 -0.5263
vn 0.6582 -0.7321 0.1756
vn 0.0148 -0.6945 0.7193
vn 0.6582 -0.7321 -0.1756
vn 0.4280 -0.7347 0.5263
vn -0.7721 0.2984 0.5610
vn 0.6357 -0.7327 0.2431
vn 0.0357 -0.7369 0.6751
vn -0.4108 -0.6945 0.5906
vn 0.3699 -0.7356 0.5675
vn -0.3699 -0.7356 0.5675
vn -0.9770 0.2132 -0.0000
vn -0.0357 -0.7369 0.6751
vn -0.6357 -0.7327 0.2431
vn -0.6795 -0.6945 0.2364
vn -0.4280 -0.7347 0.5263
vn -0.6582 -0.7321 -0.1756
vn -0.7721 0.2984 -0.5610
vn -0.6582 -0.7321 0.1756
vn -0.4280 -0.7347 -0.5263
vn -0.6887 -0.6945 -0.2082
vn -0.6357 -0.7327 -0.2431
vn -0.0357 -0.7369 -0.6751
vn -0.2801 0.4221 -0.8622
vn -0.3699 -0.7356 -0.5675
vn -0.2011 -0.7593 -0.6189
vn -0.4348 -0.6945 -0.5732
vn 0.3699 -0.7356 -0.5675
vn 0.4348 -0.6945 0.5732
vn 0.2182 -0.8843 0.4127
vn 0.2801 0.4221 0.8622
vn 0.5264 -0.7593 0.3825
vn 0.6887 -0.6945 0.2082
vn 0.4038 -0.8925 0.2008
vn 0.7721 0.2984 0.5610
vn 0.6507 -0.7593 -0.0000
vn 0.6795 -0.6945 -0.2364
vn 0.4429 -0.8936 -0.0725
vn 0.9770 0.2132 -0.0000
vn 0.5264 -0.7593 -0.3825
vn 0.4108 -0.6945 -0.5906
vn 0.3250 -0.8862 -0.3302
vn 0.7721 0.2984 -0.5610
vn 0.2011 -0.7593 -0.6189
vn -0.0148 -0.6945 -0.7193
vn 0.0677 -0.8800 -0.4701
vn 0.2801 0.4221 -0.8622
vn 0.2974 0.8625 -0.4094
vn 0.4812 0.8625 -0.1564
vn 0.4812 0.8625 0.1564
vn 0.2974 0.8625 0.4094
vn -0.0000 0.8625 0.5060
vn -0.2974 0.8625 0.4094
vn -0.4812 0.8625 0.1564
vn -0.4812 0.8625 -0.1564
vn -0.2974 0.8625 -0.4094
vn -0.0000 0.8625 -0.5060
vt 0.750000 0.490000
vt -0.000000 0.500000
vt 1.000000 0.500000
vt 0.250000 0.490000
vt 1.000000 1.000000
vt -0.000000 1.000000
vt 0.891068 0.444164
vt 0.900000 0.500000
vt 0.391068 0.444164
vt 0.900000 1.000000
vt 0.978254 0.324164
vt 0.800000 0.500000
vt 0.478254 0.324164
vt 0.800000 1.000000
vt 0.978254 0.175836
vt 0.700000 0.500000
vt 0.478254 0.175836
vt 0.700000 1.000000
vt 0.891068 0.055836
vt 0.600000 0.500000
vt 0.391068 0.055836
vt 0.600000 1.000000
vt 0.750000 0.010000
vt 0.500000 0.500000
vt 0.250000 0.010000
vt 0.500000 1.000000
vt 0.608932 0.055836
vt 0.400000 0.500000
vt 0.108932 0.055836
vt 0.400000 1.000000
vt 0.521746 0.175836
vt 0.300000 0.500000
vt 0.021746 0.175836
vt 0.300000 1.000000
vt 0.521746 0.324164
vt 0.200000 0.500000
vt 0.021746 0.324164
vt 0.200000 1.000000
vt 0.608932 0.444164
vt 0.100000 0.500000
vt 0.108932 0.444164
vt 0.100000 1.000000
vt -0.000000 0.600000
vt 1.000000 0.600000
vt -0.000000 0.700000
vt 1.000000 0.700000
vt -0.000000 0.800000
vt 1.000000 0.800000
vt 1.000000 0.900000
vt -0.000000 0.900000
vt 0.900000 0.900000
vt 0.900000 0.800000
vt 0.900000 0.700000
vt 0.900000 0.600000
vt 0.800000 0.900000
vt 0.800000 0.800000
vt 0.800000 0.700000
vt 0.800000 0.600000
vt 0.700000 0.900000
vt 0.700000 0.800000
vt 0.700000 0.700000
vt 0.700000 0.600000
vt 0.600000 0.900000
vt 0.600000 0.800000
vt 0.600000 0.700000
vt 0.600000 0.600000
vt 0.500000 0.900000
vt 0.500000 0.800000
vt 0.500000 0.700000
vt 0.500000 0.600000
vt 0.400000 0.900000
vt 0.400000 0.800000
vt 0.400000 0.700000
vt 0.400000 0.600000
vt 0.300000 0.900000
vt 0.300000 0.800000
vt 0.300000 0.700000
vt 0.300000 0.600000
vt 0.200000 0.900000
vt 0.200000 0.800000
vt 0.200000 0.700000
vt 0.200000 0.600000
vt 0.100000 0.900000
vt 0.100000 0.800000
vt 0.100000 0.700000
vt 0.100000 0.600000
vt 0.050000 0.700000
vt 0.050000 0.800000
vt 0.150000 0.700000
vt 0.150000 0.800000
vt 0.250000 0.700000
vt 0.250000 0.800000
vt 0.350000 0.700000
vt 0.350000 0.800000
vt 0.450000 0.700000
vt 0.450000 0.800000
vt 0.550000 0.700000
vt 0.550000 0.800000
vt 0.650000 0.700000
vt 0.650000 0.800000
vt 0.750000 0.700000
vt 0.750000 0.800000
vt 0.850000 0.700000
vt 0.850000 0.800000
vt 0.950000 0.700000
vt 0.950000 0.800000
s 0
usemtl Diamond_Green
f 1144/1511/1560 1167/1557/1560 1166/1555/1560
f 1146/1516/1561 1171/1561/1561 1167/1557/1561
f 1148/1520/1562 1175/1565/1562 1171/1561/1562
f 1150/1524/1563 1179/1569/1563 1175/1565/1563
f 1152/1528/1564 1183/1573/1564 1179/1569/1564
f 1154/1532/1565 1187/1577/1565 1183/1573/1565
f 1156/1536/1566 1191/1581/1566 1187/1577/1566
f 1158/1540/1567 1195/1585/1567 1191/1581/1567
f 1146/1515/1568 1144/1510/1568 1162/1547/1568 1160/1543/1568 1158/1539/1568 1156/1535/1568 1154/1531/1568 1152/1527/1568 1150/1523/1568 1148/1519/1568
f 1160/1544/1569 1199/1589/1569 1195/1585/1569
f 1162/1548/1570 1166/1556/1570 1199/1589/1570
f 1143/1507/1571 1145/1513/1571 1147/1517/1571 1149/1521/1571 1151/1525/1571 1153/1529/1571 1155/1533/1571 1157/1537/1571 1159/1541/1571 1161/1545/1571
f 1161/1546/1572 1202/1592/1572 1163/1549/1572 1143/1508/1572
f 1203/1593/1573 1164/1551/1573 1163/1549/1573
f 1204/1594/1574 1200/1590/1574 1199/1589/1574
f 1166/1556/1575 1165/1553/1575 1204/1594/1575
f 1159/1542/1576 1198/1588/1576 1202/1592/1576 1161/1546/1576
f 1205/1595/1577 1201/1591/1577 1202/1592/1577
f 1202/1592/1578 1198/1588/1578 1205/1595/1578
f 1199/1589/1579 1200/1590/1579 1206/1596/1579
f 1157/1538/1580 1194/1584/1580 1198/1588/1580 1159/1542/1580
f 1207/1597/1581 1197/1587/1581 1198/1588/1581
f 1206/1596/1582 1196/1586/1582 1195/1585/1582
f 1195/1585/1583 1196/1586/1583 1208/1598/1583
f 1155/1534/1584 1190/1580/1584 1194/1584/1584 1157/1538/1584
f 1209/1599/1585 1193/1583/1585 1194/1584/1585
f 1198/1588/1586 1194/1584/1586 1207/1597/1586
f 1191/1581/1587 1192/1582/1587 1210/1600/1587
f 1153/1530/1588 1186/1576/1588 1190/1580/1588 1155/1534/1588
f 1211/1601/1589 1189/1579/1589 1190/1580/1589
f 1208/1598/1590 1192/1582/1590 1191/1581/1590
f 1187/1577/1591 1188/1578/1591 1212/1602/1591
f 1151/1526/1592 1182/1572/1592 1186/1576/1592 1153/1530/1592
f 1213/1603/1593 1185/1575/1593 1186/1576/1593
f 1194/1584/1594 1190/1580/1594 1209/1599/1594
f 1183/1573/1595 1184/1574/1595 1214/1604/1595
f 1149/1522/1596 1178/1568/1596 1182/1572/1596 1151/1526/1596
f 1215/1605/1597 1181/1571/1597 1182/1572/1597
f 1210/1600/1598 1188/1578/1598 1187/1577/1598
f 1179/1569/1599 1180/1570/1599 1216/1606/1599
f 1147/1518/1600 1174/1564/1600 1178/1568/1600 1149/1522/1600
f 1217/1607/1601 1177/1567/1601 1178/1568/1601
f 1190/1580/1602 1186/1576/1602 1211/1601/1602
f 1175/1565/1603 1176/1566/1603 1218/1608/1603
f 1145/1514/1604 1170/1560/1604 1174/1564/1604 1147/1518/1604
f 1219/1609/1605 1173/1563/1605 1174/1564/1605
f 1212/1602/1606 1184/1574/1606 1183/1573/1606
f 1171/1561/1607 1172/1562/1607 1220/1610/1607
f 1143/1509/1608 1163/1550/1608 1170/1560/1608 1145/1514/1608
f 1221/1611/1609 1169/1559/1609 1170/1560/1609
f 1186/1576/1610 1182/1572/1610 1213/1603/1610
f 1167/1557/1611 1168/1558/1611 1222/1612/1611
f 1165/1554/1612 1222/1612/1612 1221/1611/1612 1164/1552/1612
f 1219/1609/1613 1220/1610/1613 1172/1562/1613 1173/1563/1613
f 1183/1573/1614 1187/1577/1614 1212/1602/1614
f 1169/1559/1615 1168/1558/1615 1220/1610/1615 1219/1609/1615
f 1217/1607/1616 1218/1608/1616 1176/1566/1616 1177/1567/1616
f 1186/1576/1617 1185/1575/1617 1211/1601/1617
f 1173/1563/1618 1172/1562/1618 1218/1608/1618 1217/1607/1618
f 1215/1605/1619 1216/1606/1619 1180/1570/1619 1181/1571/1619
f 1187/1577/1620 1191/1581/1620 1210/1600/1620
f 1177/1567/1621 1176/1566/1621 1216/1606/1621 1215/1605/1621
f 1213/1603/1622 1214/1604/1622 1184/1574/1622 1185/1575/1622
f 1190/1580/1623 1189/1579/1623 1209/1599/1623
f 1181/1571/1624 1180/1570/1624 1214/1604/1624 1213/1603/1624
f 1211/1601/1625 1212/1602/1625 1188/1578/1625 1189/1579/1625
f 1191/1581/1626 1195/1585/1626 1208/1598/1626
f 1185/1575/1627 1184/1574/1627 1212/1602/1627 1211/1601/1627
f 1209/1599/1628 1210/1600/1628 1192/1582/1628 1193/1583/1628
f 1194/1584/1629 1193/1583/1629 1207/1597/1629
f 1189/1579/1630 1188/1578/1630 1210/1600/1630 1209/1599/1630
f 1207/1597/1631 1208/1598/1631 1196/1586/1631 1197/1587/1631
f 1195/1585/1632 1199/1589/1632 1206/1596/1632
f 1193/1583/1633 1192/1582/1633 1208/1598/1633 1207/1597/1633
f 1205/1595/1634 1206/1596/1634 1200/1590/1634 1201/1591/1634
f 1198/1588/1635 1197/1587/1635 1205/1595/1635
f 1197/1587/1636 1196/1586/1636 1206/1596/1636 1205/1595/1636
f 1203/1593/1637 1204/1594/1637 1165/1553/1637 1164/1551/1637
f 1199/1589/1638 1166/1556/1638 1204/1594/1638
f 1201/1591/1639 1200/1590/1639 1204/1594/1639 1203/1593/1639
f 1163/1549/1640 1202/1592/1640 1203/1593/1640
f 1202/1592/1641 1201/1591/1641 1203/1593/1641
f 1221/1611/1642 1222/1612/1642 1168/1558/1642 1169/1559/1642
f 1182/1572/1643 1181/1571/1643 1213/1603/1643
f 1214/1604/1644 1180/1570/1644 1179/1569/1644
f 1179/1569/1645 1183/1573/1645 1214/1604/1645
f 1182/1572/1646 1178/1568/1646 1215/1605/1646
f 1178/1568/1647 1177/1567/1647 1215/1605/1647
f 1216/1606/1648 1176/1566/1648 1175/1565/1648
f 1175/1565/1649 1179/1569/1649 1216/1606/1649
f 1178/1568/1650 1174/1564/1650 1217/1607/1650
f 1174/1564/1651 1173/1563/1651 1217/1607/1651
f 1218/1608/1652 1172/1562/1652 1171/1561/1652
f 1171/1561/1653 1175/1565/1653 1218/1608/1653
f 1174/1564/1654 1170/1560/1654 1219/1609/1654
f 1170/1560/1655 1169/1559/1655 1219/1609/1655
f 1220/1610/1656 1168/1558/1656 1167/1557/1656
f 1167/1557/1657 1171/1561/1657 1220/1610/1657
f 1170/1560/1658 1163/1550/1658 1221/1611/1658
f 1163/1550/1659 1164/1552/1659 1221/1611/1659
f 1222/1612/1660 1165/1554/1660 1166/1555/1660
f 1166/1555/1661 1167/1557/1661 1222/1612/1661
f 1144/1511/1662 1146/1516/1662 1167/1557/1662
f 1146/1516/1663 1148/1520/1663 1171/1561/1663
f 1148/1520/1664 1150/1524/1664 1175/1565/1664
f 1150/1524/1665 1152/1528/1665 1179/1569/1665
f 1152/1528/1666 1154/1532/1666 1183/1573/1666
f 1154/1532/1667 1156/1536/1667 1187/1577/1667
f 1156/1536/1668 1158/1540/1668 1191/1581/1668
f 1158/1540/1669 1160/1544/1669 1195/1585/1669
f 1160/1544/1670 1162/1548/1670 1199/1589/1670
f 1162/1548/1671 1144/1512/1671 1166/1556/1671
o Marquise_diamond_green
v 7.357867 0.015185 5.787460
v 7.583871 1.447782 4.613941
v 7.370517 0.015185 5.794616
v 7.949554 1.447782 5.076498
v 7.378335 0.015185 5.813352
v 8.089232 1.447782 5.824930
v 7.378335 0.015185 5.836509
v 7.949554 1.447782 6.573363
v 7.370517 0.015185 5.855244
v 7.583871 1.447782 7.035920
v 7.357867 0.015185 5.862401
v 7.131862 1.447782 7.035920
v 7.345216 0.015185 5.855244
v 6.766179 1.447782 6.573363
v 7.337398 0.015185 5.836509
v 6.626501 1.447782 5.824930
v 7.337398 0.015185 5.813352
v 6.766179 1.447782 5.076498
v 7.345216 0.015185 5.794616
v 7.131862 1.447782 4.613941
v 7.357867 0.415185 5.079827
v 7.357867 0.776790 4.514199
v 7.357867 0.973132 4.047739
v 7.357867 1.084679 3.815602
v 7.954722 1.084679 4.394693
v 7.906763 0.973132 4.501102
v 7.800386 0.776790 4.764526
v 7.609423 0.415185 5.222129
v 8.323600 1.084679 5.278628
v 8.245999 0.973132 5.319273
v 8.073879 0.776790 5.419892
v 7.764894 0.415185 5.594681
v 8.323600 1.084679 6.371232
v 8.245999 0.973132 6.330587
v 8.073879 0.776790 6.229969
v 7.764894 0.415185 6.055180
v 7.954722 1.084679 7.255167
v 7.906763 0.973132 7.148758
v 7.800386 0.776790 6.885334
v 7.609423 0.415185 6.427732
v 7.357867 1.084679 7.788985
v 7.357867 0.973132 7.556849
v 7.357867 0.776790 7.135662
v 7.357867 0.415185 6.570034
v 6.761011 1.084679 7.255167
v 6.808971 0.973132 7.148758
v 6.915347 0.776790 6.885334
v 7.106310 0.415185 6.427732
v 6.392133 1.084679 6.371232
v 6.469734 0.973132 6.330587
v 6.641854 0.776790 6.229969
v 6.950840 0.415185 6.055180
v 6.392133 1.084679 5.278628
v 6.469734 0.973132 5.319273
v 6.641854 0.776790 5.419892
v 6.950840 0.415185 5.594681
v 6.761011 1.084679 4.394693
v 6.808971 0.973132 4.501102
v 6.915347 0.776790 4.764526
v 7.106310 0.415185 5.222129
v 7.116024 0.752404 4.529078
v 7.057889 1.003379 4.066314
v 6.724716 0.752404 5.024050
v 6.572515 1.003379 4.825096
v 6.575249 0.752404 5.824930
v 6.387117 1.003379 5.824930
v 6.724716 0.752404 6.625811
v 6.572515 1.003379 6.824765
v 7.116024 0.752404 7.120783
v 7.057889 1.003379 7.538274
v 7.599709 0.752404 7.120783
v 7.657845 1.003379 7.538274
v 7.991017 0.752404 6.625811
v 8.143219 1.003379 6.824765
v 8.140485 0.752404 5.824930
v 8.328615 1.003379 5.824930
v 7.991017 0.752404 5.024049
v 8.143219 1.003379 4.825096
v 7.599709 0.752404 4.529078
v 7.657845 1.003379 4.066314
vn 0.4582 0.7531 -0.4722
vn 0.7432 0.5929 -0.3101
vn 0.8402 0.5423 -0.0000
vn 0.7432 0.5929 0.3101
vn 0.4416 0.7491 0.4937
vn -0.4416 0.7491 0.4937
vn -0.7432 0.5929 0.3101
vn -0.8402 0.5423 -0.0000
vn -0.0000 1.0000 -0.0000
vn -0.7432 0.5929 -0.3101
vn -0.4582 0.7531 -0.4722
vn -0.0000 -1.0000 -0.0000
vn -0.2682 -0.8387 -0.4741
vn 0.0517 -0.8414 -0.5379
vn -0.6313 -0.6600 -0.4073
vn -0.1169 -0.8952 -0.4301
vn -0.6200 -0.7407 -0.2588
vn -0.4699 -0.7774 -0.4182
vn -0.5708 -0.7858 -0.2382
vn -0.6362 -0.6579 -0.4029
vn -0.7191 -0.6949 -0.0000
vn -0.7116 -0.6845 -0.1582
vn -0.7696 -0.6073 -0.1972
vn -0.8005 -0.5917 -0.0954
vn -0.6200 -0.7407 0.2588
vn -0.7285 -0.6760 0.1108
vn -0.6681 -0.7441 -0.0000
vn -0.7696 -0.6073 0.1972
vn -0.2682 -0.8387 0.4741
vn -0.5334 -0.7577 0.3761
vn -0.8005 -0.5917 0.0954
vn -0.5989 -0.6724 0.4349
vn 0.2682 -0.8387 0.4741
vn -0.0517 -0.8414 0.5379
vn -0.5708 -0.7858 0.2382
vn 0.1169 -0.8952 0.4301
vn 0.6200 -0.7407 0.2588
vn 0.4699 -0.7774 0.4182
vn -0.6362 -0.6579 0.4029
vn 0.6362 -0.6579 0.4029
vn 0.7191 -0.6949 -0.0000
vn 0.7116 -0.6845 0.1582
vn -0.2417 -0.8712 0.4273
vn 0.8005 -0.5917 0.0954
vn 0.6200 -0.7407 -0.2588
vn 0.7285 -0.6760 -0.1108
vn -0.1169 -0.8952 0.4301
vn 0.7696 -0.6073 -0.1972
vn 0.2682 -0.8387 -0.4741
vn 0.5334 -0.7577 -0.3761
vn 0.2417 -0.8712 0.4273
vn 0.6313 -0.6600 -0.4073
vn 0.0364 -0.9013 -0.4316
vn 0.7453 -0.6473 -0.1597
vn -0.6582 0.1592 0.7359
vn 0.5537 -0.7314 -0.3979
vn 0.7598 -0.6390 0.1204
vn 0.0517 -0.8414 0.5379
vn 0.7598 -0.6390 -0.1204
vn 0.5537 -0.7314 0.3979
vn -0.9182 0.1003 0.3832
vn 0.7453 -0.6473 0.1597
vn 0.0385 -0.8828 0.4682
vn -0.4699 -0.7774 0.4182
vn 0.5171 -0.7674 0.3792
vn -0.5171 -0.7674 0.3792
vn -0.9981 0.0616 -0.0000
vn -0.0385 -0.8828 0.4682
vn -0.7453 -0.6473 0.1597
vn -0.7116 -0.6845 0.1582
vn -0.5537 -0.7314 0.3979
vn -0.7598 -0.6390 -0.1204
vn -0.9182 0.1003 -0.3832
vn -0.7598 -0.6390 0.1204
vn -0.5537 -0.7314 -0.3979
vn -0.7285 -0.6760 -0.1108
vn -0.7453 -0.6473 -0.1597
vn -0.0364 -0.9013 -0.4316
vn -0.6560 0.3355 -0.6761
vn -0.5233 -0.7734 -0.3578
vn -0.2417 -0.8712 -0.4273
vn -0.5334 -0.7577 -0.3761
vn 0.5233 -0.7734 -0.3578
vn 0.5334 -0.7577 0.3761
vn 0.5989 -0.6724 0.4349
vn 0.6582 0.1591 0.7359
vn 0.5708 -0.7858 0.2382
vn 0.7285 -0.6760 0.1108
vn 0.7696 -0.6073 0.1972
vn 0.9182 0.1003 0.3832
vn 0.6681 -0.7441 -0.0000
vn 0.7116 -0.6845 -0.1582
vn 0.8005 -0.5917 -0.0954
vn 0.9981 0.0616 -0.0000
vn 0.5708 -0.7858 -0.2382
vn 0.4699 -0.7774 -0.4182
vn 0.6362 -0.6579 -0.4029
vn 0.9182 0.1003 -0.3832
vn 0.2417 -0.8712 -0.4273
vn -0.0517 -0.8414 -0.5379
vn 0.1169 -0.8952 -0.4301
vn 0.6560 0.3355 -0.6761
vn 0.5083 0.7617 -0.4018
vn 0.7269 0.6733 -0.1357
vn 0.7269 0.6733 0.1357
vn 0.5083 0.7617 0.4018
vn -0.0000 0.9008 0.4343
vn -0.5083 0.7617 0.4018
vn -0.7269 0.6733 0.1357
vn -0.7269 0.6733 -0.1357
vn -0.5083 0.7617 -0.4018
vn -0.0000 0.9103 -0.4140
vt 0.750000 0.490000
vt -0.000000 0.500000
vt 1.000000 0.500000
vt 0.250000 0.490000
vt 1.000000 1.000000
vt -0.000000 1.000000
vt 0.891068 0.444164
vt 0.900000 0.500000
vt 0.391068 0.444164
vt 0.900000 1.000000
vt 0.978254 0.324164
vt 0.800000 0.500000
vt 0.478254 0.324164
vt 0.800000 1.000000
vt 0.978254 0.175836
vt 0.700000 0.500000
vt 0.478254 0.175836
vt 0.700000 1.000000
vt 0.891068 0.055836
vt 0.600000 0.500000
vt 0.391068 0.055836
vt 0.600000 1.000000
vt 0.750000 0.010000
vt 0.500000 0.500000
vt 0.250000 0.010000
vt 0.500000 1.000000
vt 0.608932 0.055836
vt 0.400000 0.500000
vt 0.108932 0.055836
vt 0.400000 1.000000
vt 0.521746 0.175836
vt 0.300000 0.500000
vt 0.021746 0.175836
vt 0.300000 1.000000
vt 0.521746 0.324164
vt 0.200000 0.500000
vt 0.021746 0.324164
vt 0.200000 1.000000
vt 0.608932 0.444164
vt 0.100000 0.500000
vt 0.108932 0.444164
vt 0.100000 1.000000
vt -0.000000 0.600000
vt 1.000000 0.600000
vt -0.000000 0.700000
vt 1.000000 0.700000
vt -0.000000 0.800000
vt 1.000000 0.800000
vt 1.000000 0.900000
vt -0.000000 0.900000
vt 0.900000 0.900000
vt 0.900000 0.800000
vt 0.900000 0.700000
vt 0.900000 0.600000
vt 0.800000 0.900000
vt 0.800000 0.800000
vt 0.800000 0.700000
vt 0.800000 0.600000
vt 0.700000 0.900000
vt 0.700000 0.800000
vt 0.700000 0.700000
vt 0.700000 0.600000
vt 0.600000 0.900000
vt 0.600000 0.800000
vt 0.600000 0.700000
vt 0.600000 0.600000
vt 0.500000 0.900000
vt 0.500000 0.800000
vt 0.500000 0.700000
vt 0.500000 0.600000
vt 0.400000 0.900000
vt 0.400000 0.800000
vt 0.400000 0.700000
vt 0.400000 0.600000
vt 0.300000 0.900000
vt 0.300000 0.800000
vt 0.300000 0.700000
vt 0.300000 0.600000
vt 0.200000 0.900000
vt 0.200000 0.800000
vt 0.200000 0.700000
vt 0.200000 0.600000
vt 0.100000 0.900000
vt 0.100000 0.800000
vt 0.100000 0.700000
vt 0.100000 0.600000
vt 0.050000 0.700000
vt 0.050000 0.800000
vt 0.150000 0.700000
vt 0.150000 0.800000
vt 0.250000 0.700000
vt 0.250000 0.800000
vt 0.350000 0.700000
vt 0.350000 0.800000
vt 0.450000 0.700000
vt 0.450000 0.800000
vt 0.550000 0.700000
vt 0.550000 0.800000
vt 0.650000 0.700000
vt 0.650000 0.800000
vt 0.750000 0.700000
vt 0.750000 0.800000
vt 0.850000 0.700000
vt 0.850000 0.800000
vt 0.950000 0.700000
vt 0.950000 0.800000
s 0
usemtl Diamond_Green
f 1224/1617/1672 1247/1663/1672 1246/1661/1672
f 1226/1622/1673 1251/1667/1673 1247/1663/1673
f 1228/1626/1674 1255/1671/1674 1251/1667/1674
f 1230/1630/1675 1259/1675/1675 1255/1671/1675
f 1232/1634/1676 1263/1679/1676 1259/1675/1676
f 1234/1638/1677 1267/1683/1677 1263/1679/1677
f 1236/1642/1678 1271/1687/1678 1267/1683/1678
f 1238/1646/1679 1275/1691/1679 1271/1687/1679
f 1226/1621/1680 1224/1616/1680 1242/1653/1680 1240/1649/1680 1238/1645/1680 1236/1641/1680 1234/1637/1680 1232/1633/1680 1230/1629/1680 1228/1625/1680
f 1240/1650/1681 1279/1695/1681 1275/1691/1681
f 1242/1654/1682 1246/1662/1682 1279/1695/1682
f 1223/1613/1683 1225/1619/1683 1227/1623/1683 1229/1627/1683 1231/1631/1683 1233/1635/1683 1235/1639/1683 1237/1643/1683 1239/1647/1683 1241/1651/1683
f 1241/1652/1684 1282/1698/1684 1243/1655/1684 1223/1614/1684
f 1283/1699/1685 1244/1657/1685 1243/1655/1685
f 1284/1700/1686 1280/1696/1686 1279/1695/1686
f 1246/1662/1687 1245/1659/1687 1284/1700/1687
f 1239/1648/1688 1278/1694/1688 1282/1698/1688 1241/1652/1688
f 1285/1701/1689 1281/1697/1689 1282/1698/1689
f 1282/1698/1690 1278/1694/1690 1285/1701/1690
f 1279/1695/1691 1280/1696/1691 1286/1702/1691
f 1237/1644/1692 1274/1690/1692 1278/1694/1692 1239/1648/1692
f 1287/1703/1693 1277/1693/1693 1278/1694/1693
f 1286/1702/1694 1276/1692/1694 1275/1691/1694
f 1275/1691/1695 1276/1692/1695 1288/1704/1695
f 1235/1640/1696 1270/1686/1696 1274/1690/1696 1237/1644/1696
f 1289/1705/1697 1273/1689/1697 1274/1690/1697
f 1278/1694/1698 1274/1690/1698 1287/1703/1698
f 1271/1687/1699 1272/1688/1699 1290/1706/1699
f 1233/1636/1700 1266/1682/1700 1270/1686/1700 1235/1640/1700
f 1291/1707/1701 1269/1685/1701 1270/1686/1701
f 1288/1704/1702 1272/1688/1702 1271/1687/1702
f 1267/1683/1703 1268/1684/1703 1292/1708/1703
f 1231/1632/1704 1262/1678/1704 1266/1682/1704 1233/1636/1704
f 1293/1709/1705 1265/1681/1705 1266/1682/1705
f 1274/1690/1706 1270/1686/1706 1289/1705/1706
f 1263/1679/1707 1264/1680/1707 1294/1710/1707
f 1229/1628/1708 1258/1674/1708 1262/1678/1708 1231/1632/1708
f 1295/1711/1709 1261/1677/1709 1262/1678/1709
f 1290/1706/1710 1268/1684/1710 1267/1683/1710
f 1259/1675/1711 1260/1676/1711 1296/1712/1711
f 1227/1624/1712 1254/1670/1712 1258/1674/1712 1229/1628/1712
f 1297/1713/1713 1257/1673/1713 1258/1674/1713
f 1270/1686/1714 1266/1682/1714 1291/1707/1714
f 1255/1671/1715 1256/1672/1715 1298/1714/1715
f 1225/1620/1716 1250/1666/1716 1254/1670/1716 1227/1624/1716
f 1299/1715/1717 1253/1669/1717 1254/1670/1717
f 1292/1708/1718 1264/1680/1718 1263/1679/1718
f 1251/1667/1719 1252/1668/1719 1300/1716/1719
f 1223/1615/1720 1243/1656/1720 1250/1666/1720 1225/1620/1720
f 1301/1717/1721 1249/1665/1721 1250/1666/1721
f 1266/1682/1722 1262/1678/1722 1293/1709/1722
f 1247/1663/1723 1248/1664/1723 1302/1718/1723
f 1245/1660/1724 1302/1718/1724 1301/1717/1724 1244/1658/1724
f 1299/1715/1725 1300/1716/1725 1252/1668/1725 1253/1669/1725
f 1263/1679/1726 1267/1683/1726 1292/1708/1726
f 1249/1665/1727 1248/1664/1727 1300/1716/1727 1299/1715/1727
f 1297/1713/1728 1298/1714/1728 1256/1672/1728 1257/1673/1728
f 1266/1682/1729 1265/1681/1729 1291/1707/1729
f 1253/1669/1730 1252/1668/1730 1298/1714/1730 1297/1713/1730
f 1295/1711/1731 1296/1712/1731 1260/1676/1731 1261/1677/1731
f 1267/1683/1732 1271/1687/1732 1290/1706/1732
f 1257/1673/1733 1256/1672/1733 1296/1712/1733 1295/1711/1733
f 1293/1709/1734 1294/1710/1734 1264/1680/1734 1265/1681/1734
f 1270/1686/1735 1269/1685/1735 1289/1705/1735
f 1261/1677/1736 1260/1676/1736 1294/1710/1736 1293/1709/1736
f 1291/1707/1737 1292/1708/1737 1268/1684/1737 1269/1685/1737
f 1271/1687/1738 1275/1691/1738 1288/1704/1738
f 1265/1681/1739 1264/1680/1739 1292/1708/1739 1291/1707/1739
f 1289/1705/1740 1290/1706/1740 1272/1688/1740 1273/1689/1740
f 1274/1690/1741 1273/1689/1741 1287/1703/1741
f 1269/1685/1742 1268/1684/1742 1290/1706/1742 1289/1705/1742
f 1287/1703/1743 1288/1704/1743 1276/1692/1743 1277/1693/1743
f 1275/1691/1744 1279/1695/1744 1286/1702/1744
f 1273/1689/1745 1272/1688/1745 1288/1704/1745 1287/1703/1745
f 1285/1701/1746 1286/1702/1746 1280/1696/1746 1281/1697/1746
f 1278/1694/1747 1277/1693/1747 1285/1701/1747
f 1277/1693/1748 1276/1692/1748 1286/1702/1748 1285/1701/1748
f 1283/1699/1749 1284/1700/1749 1245/1659/1749 1244/1657/1749
f 1279/1695/1750 1246/1662/1750 1284/1700/1750
f 1281/1697/1751 1280/1696/1751 1284/1700/1751 1283/1699/1751
f 1243/1655/1752 1282/1698/1752 1283/1699/1752
f 1282/1698/1753 1281/1697/1753 1283/1699/1753
f 1301/1717/1754 1302/1718/1754 1248/1664/1754 1249/1665/1754
f 1262/1678/1755 1261/1677/1755 1293/1709/1755
f 1294/1710/1756 1260/1676/1756 1259/1675/1756
f 1259/1675/1757 1263/1679/1757 1294/1710/1757
f 1262/1678/1758 1258/1674/1758 1295/1711/1758
f 1258/1674/1759 1257/1673/1759 1295/1711/1759
f 1296/1712/1760 1256/1672/1760 1255/1671/1760
f 1255/1671/1761 1259/1675/1761 1296/1712/1761
f 1258/1674/1762 1254/1670/1762 1297/1713/1762
f 1254/1670/1763 1253/1669/1763 1297/1713/1763
f 1298/1714/1764 1252/1668/1764 1251/1667/1764
f 1251/1667/1765 1255/1671/1765 1298/1714/1765
f 1254/1670/1766 1250/1666/1766 1299/1715/1766
f 1250/1666/1767 1249/1665/1767 1299/1715/1767
f 1300/1716/1768 1248/1664/1768 1247/1663/1768
f 1247/1663/1769 1251/1667/1769 1300/1716/1769
f 1250/1666/1770 1243/1656/1770 1301/1717/1770
f 1243/1656/1771 1244/1658/1771 1301/1717/1771
f 1302/1718/1772 1245/1660/1772 1246/1661/1772
f 1246/1661/1773 1247/1663/1773 1302/1718/1773
f 1224/1617/1774 1226/1622/1774 1247/1663/1774
f 1226/1622/1775 1228/1626/1775 1251/1667/1775
f 1228/1626/1776 1230/1630/1776 1255/1671/1776
f 1230/1630/1777 1232/1634/1777 1259/1675/1777
f 1232/1634/1778 1234/1638/1778 1263/1679/1778
f 1234/1638/1779 1236/1642/1779 1267/1683/1779
f 1236/1642/1780 1238/1646/1780 1271/1687/1780
f 1238/1646/1781 1240/1650/1781 1275/1691/1781
f 1240/1650/1782 1242/1654/1782 1279/1695/1782
f 1242/1654/1783 1224/1618/1783 1246/1662/1783
o Heart_diamond_green
v -7.941395 0.033431 5.811496
v -7.476333 1.401625 5.013942
v -7.919371 0.033431 5.818652
v -6.915072 1.401625 5.326930
v -7.905759 0.033431 5.837387
v -6.836827 1.401625 5.908590
v -7.905759 0.033431 5.860545
v -7.165495 1.401625 6.400813
v -7.919371 0.033431 5.879280
v -7.859260 1.401625 6.880750
v -7.941395 0.033431 5.886436
v -8.023531 1.401625 6.880750
v -7.963420 0.033431 5.879280
v -8.717296 1.401625 6.400813
v -7.977032 0.033431 5.860545
v -9.045964 1.401625 5.908590
v -7.977032 0.033431 5.837387
v -8.967718 1.401625 5.326930
v -7.963420 0.033431 5.818652
v -8.406458 1.401625 5.013942
v -7.941395 0.385732 5.220094
v -7.941395 0.769053 4.924715
v -7.941395 1.063704 4.926067
v -7.941395 1.132103 4.798027
v -6.954978 1.132103 4.398308
v -7.036262 1.063704 4.501895
v -7.277210 0.769053 4.934793
v -7.571754 0.385732 5.340198
v -6.204035 1.132103 5.077706
v -6.335555 1.063704 5.117273
v -6.866721 0.769053 5.499783
v -7.343303 0.385732 5.654634
v -6.440462 1.132103 6.131272
v -6.571982 1.063704 6.091705
v -6.866721 0.769053 6.198149
v -7.343303 0.385732 6.043298
v -7.035464 1.132103 6.881096
v -7.116748 1.063704 6.777509
v -7.277210 0.769053 6.763138
v -7.571754 0.385732 6.357734
v -7.941395 1.132103 7.400929
v -7.941395 1.063704 7.272888
v -7.941395 0.769053 6.978945
v -7.941395 0.385732 6.477838
v -8.847326 1.132103 6.881096
v -8.766043 1.063704 6.777509
v -8.605580 0.769053 6.763138
v -8.311037 0.385732 6.357734
v -9.442328 1.132103 6.131272
v -9.310808 1.063704 6.091705
v -9.016069 0.769053 6.198149
v -8.539488 0.385732 6.043298
v -9.678756 1.132103 5.077706
v -9.547235 1.063704 5.117273
v -9.016069 0.769053 5.499783
v -8.539488 0.385732 5.654634
v -8.927813 1.132103 4.398308
v -8.846528 1.063704 4.501895
v -8.605580 0.769053 4.934793
v -8.311037 0.385732 5.340198
v -8.304380 0.748031 4.731813
v -8.384412 1.093150 4.442119
v -8.891702 0.748031 5.158528
v -9.373041 1.093150 4.575838
v -9.116038 0.748031 5.848966
v -9.616831 1.093150 5.679945
v -8.891702 0.748031 6.539404
v -9.161765 1.093150 6.537564
v -8.304380 0.748031 6.966118
v -8.424655 1.093150 7.124016
v -7.578411 0.748031 6.966118
v -7.458136 1.093150 7.124016
v -6.991089 0.748031 6.539404
v -6.721025 1.093150 6.537564
v -6.766752 0.748031 5.848966
v -6.265959 1.093150 5.679945
v -6.991089 0.748031 5.158528
v -6.509750 1.093150 4.575838
v -7.578411 0.748031 4.731813
v -7.498379 1.093150 4.442119
v -7.941395 1.401625 5.022024
vn -0.2193 0.8119 -0.5411
vn 0.2530 0.9262 -0.2797
vn 0.5135 0.8503 0.1152
vn 0.4374 0.8296 0.3471
vn 0.2732 0.8358 0.4762
vn -0.2732 0.8358 0.4762
vn -0.4374 0.8296 0.3471
vn -0.5135 0.8503 0.1152
vn -0.0000 1.0000 -0.0000
vn -0.2530 0.9262 -0.2797
vn 0.2193 0.8119 -0.5411
vn -0.0000 -1.0000 -0.0000
vn -0.1640 -0.8475 -0.5048
vn 0.4151 -0.5553 -0.7206
vn -0.0165 -0.8403 -0.5419
vn 0.4150 -0.8025 -0.4287
vn -0.4294 -0.8475 -0.3120
vn -0.3372 -0.7940 -0.5058
vn -0.4304 -0.8467 -0.3127
vn -0.1163 -0.8683 -0.4821
vn -0.5308 -0.8475 -0.0000
vn -0.5701 -0.7940 -0.2110
vn -0.4105 -0.8938 -0.1807
vn -0.4589 -0.8884 -0.0103
vn -0.4294 -0.8475 0.3120
vn -0.5852 -0.7940 0.1644
vn -0.5321 -0.8467 -0.0000
vn -0.4058 -0.8930 0.1946
vn -0.1640 -0.8475 0.5048
vn -0.3769 -0.7940 0.4770
vn -0.3940 -0.8901 0.2292
vn -0.2885 -0.8874 0.3596
vn 0.1640 -0.8475 0.5048
vn -0.0245 -0.7940 0.6074
vn -0.4304 -0.8467 0.3127
vn 0.1951 -0.8651 0.4621
vn 0.4294 -0.8475 0.3120
vn 0.3372 -0.7940 0.5058
vn -0.2855 -0.8874 0.3619
vn 0.2855 -0.8874 0.3619
vn 0.5308 -0.8475 -0.0000
vn 0.5701 -0.7940 0.2110
vn -0.1644 -0.8467 0.5060
vn 0.3940 -0.8901 0.2292
vn 0.4294 -0.8475 -0.3120
vn 0.5852 -0.7940 -0.1644
vn -0.1951 -0.8651 0.4621
vn 0.4105 -0.8938 -0.1807
vn 0.1640 -0.8475 -0.5048
vn 0.3769 -0.7940 -0.4770
vn 0.1644 -0.8467 0.5060
vn 0.0165 -0.8403 -0.5419
vn -0.6200 -0.2566 -0.7415
vn 0.4212 -0.8943 -0.1510
vn -0.4977 0.0086 0.8673
vn 0.1690 -0.8837 -0.4365
vn 0.6579 -0.6701 0.3436
vn 0.0245 -0.7940 0.6074
vn 0.4924 -0.8663 -0.0836
vn 0.5258 -0.3688 0.7665
vn -0.5994 0.6438 0.4756
vn 0.7446 -0.6125 0.2652
vn 0.1573 -0.5893 0.7925
vn -0.3372 -0.7940 0.5058
vn 0.5805 -0.4393 0.6856
vn -0.5805 -0.4393 0.6856
vn -0.4671 0.8780 0.1048
vn -0.1573 -0.5893 0.7925
vn -0.7446 -0.6125 0.2652
vn -0.5701 -0.7940 0.2110
vn -0.5258 -0.3688 0.7665
vn -0.4924 -0.8663 -0.0836
vn -0.1524 0.9739 -0.1684
vn -0.6579 -0.6701 0.3436
vn -0.1690 -0.8837 -0.4365
vn -0.5852 -0.7940 -0.1644
vn -0.4212 -0.8943 -0.1510
vn 0.6200 -0.2566 -0.7415
vn 0.0871 0.9728 -0.2148
vn -0.1977 -0.7759 -0.5991
vn -0.1644 -0.8467 -0.5060
vn -0.3769 -0.7940 -0.4770
vn 0.1977 -0.7759 -0.5991
vn 0.3769 -0.7940 0.4770
vn 0.2885 -0.8874 0.3596
vn 0.4977 0.0086 0.8673
vn 0.4304 -0.8467 0.3127
vn 0.5852 -0.7940 0.1644
vn 0.4058 -0.8930 0.1946
vn 0.5994 0.6438 0.4756
vn 0.5321 -0.8467 -0.0000
vn 0.5701 -0.7940 -0.2110
vn 0.4589 -0.8884 -0.0103
vn 0.4671 0.8780 0.1048
vn 0.4304 -0.8467 -0.3127
vn 0.3372 -0.7940 -0.5058
vn 0.1163 -0.8683 -0.4821
vn 0.1524 0.9739 -0.1684
vn 0.1644 -0.8467 -0.5060
vn -0.4151 -0.5553 -0.7206
vn -0.4150 -0.8025 -0.4287
vn -0.0871 0.9728 -0.2148
vn 0.1570 0.9466 -0.2815
vn 0.3400 0.9393 -0.0457
vn 0.4250 0.8595 0.2838
vn 0.2835 0.8670 0.4098
vn -0.0000 0.8879 0.4600
vn -0.2835 0.8670 0.4098
vn -0.4250 0.8595 0.2838
vn -0.3400 0.9393 -0.0457
vn -0.1570 0.9466 -0.2815
vn -0.0000 0.6392 -0.7691
vt 0.750000 0.490000
vt -0.000000 0.500000
vt 1.000000 0.500000
vt 0.250000 0.490000
vt 1.000000 1.000000
vt -0.000000 1.000000
vt 0.891068 0.444164
vt 0.900000 0.500000
vt 0.391068 0.444164
vt 0.900000 1.000000
vt 0.978254 0.324164
vt 0.800000 0.500000
vt 0.478254 0.324164
vt 0.800000 1.000000
vt 0.978254 0.175836
vt 0.700000 0.500000
vt 0.478254 0.175836
vt 0.700000 1.000000
vt 0.891068 0.055836
vt 0.600000 0.500000
vt 0.391068 0.055836
vt 0.600000 1.000000
vt 0.750000 0.010000
vt 0.500000 0.500000
vt 0.250000 0.010000
vt 0.500000 1.000000
vt 0.608932 0.055836
vt 0.400000 0.500000
vt 0.108932 0.055836
vt 0.400000 1.000000
vt 0.521746 0.175836
vt 0.300000 0.500000
vt 0.021746 0.175836
vt 0.300000 1.000000
vt 0.521746 0.324164
vt 0.200000 0.500000
vt 0.021746 0.324164
vt 0.200000 1.000000
vt 0.608932 0.444164
vt 0.100000 0.500000
vt 0.108932 0.444164
vt 0.100000 1.000000
vt -0.000000 0.600000
vt 1.000000 0.600000
vt -0.000000 0.700000
vt 1.000000 0.700000
vt -0.000000 0.800000
vt 1.000000 0.800000
vt 1.000000 0.900000
vt -0.000000 0.900000
vt 0.900000 0.900000
vt 0.900000 0.800000
vt 0.900000 0.700000
vt 0.900000 0.600000
vt 0.800000 0.900000
vt 0.800000 0.800000
vt 0.800000 0.700000
vt 0.800000 0.600000
vt 0.700000 0.900000
vt 0.700000 0.800000
vt 0.700000 0.700000
vt 0.700000 0.600000
vt 0.600000 0.900000
vt 0.600000 0.800000
vt 0.600000 0.700000
vt 0.600000 0.600000
vt 0.500000 0.900000
vt 0.500000 0.800000
vt 0.500000 0.700000
vt 0.500000 0.600000
vt 0.400000 0.900000
vt 0.400000 0.800000
vt 0.400000 0.700000
vt 0.400000 0.600000
vt 0.300000 0.900000
vt 0.300000 0.800000
vt 0.300000 0.700000
vt 0.300000 0.600000
vt 0.200000 0.900000
vt 0.200000 0.800000
vt 0.200000 0.700000
vt 0.200000 0.600000
vt 0.100000 0.900000
vt 0.100000 0.800000
vt 0.100000 0.700000
vt 0.100000 0.600000
vt 0.050000 0.700000
vt 0.050000 0.800000
vt 0.150000 0.700000
vt 0.150000 0.800000
vt 0.250000 0.700000
vt 0.250000 0.800000
vt 0.350000 0.700000
vt 0.350000 0.800000
vt 0.450000 0.700000
vt 0.450000 0.800000
vt 0.550000 0.700000
vt 0.550000 0.800000
vt 0.650000 0.700000
vt 0.650000 0.800000
vt 0.750000 0.700000
vt 0.750000 0.800000
vt 0.850000 0.700000
vt 0.850000 0.800000
vt 0.950000 0.700000
vt 0.950000 0.800000
vt 0.179466 0.467082
vt 0.050000 1.000000
s 0
usemtl Diamond_Green
f 1304/1723/1784 1327/1769/1784 1326/1767/1784
f 1306/1728/1785 1331/1773/1785 1327/1769/1785
f 1308/1732/1786 1335/1777/1786 1331/1773/1786
f 1310/1736/1787 1339/1781/1787 1335/1777/1787
f 1312/1740/1788 1343/1785/1788 1339/1781/1788
f 1314/1744/1789 1347/1789/1789 1343/1785/1789
f 1316/1748/1790 1351/1793/1790 1347/1789/1790
f 1318/1752/1791 1355/1797/1791 1351/1793/1791
f 1306/1727/1792 1304/1722/1792 1383/1825/1792 1322/1759/1792 1320/1755/1792 1318/1751/1792 1316/1747/1792 1314/1743/1792 1312/1739/1792 1310/1735/1792 1308/1731/1792
f 1320/1756/1793 1359/1801/1793 1355/1797/1793
f 1322/1760/1794 1326/1768/1794 1359/1801/1794
f 1303/1719/1795 1305/1725/1795 1307/1729/1795 1309/1733/1795 1311/1737/1795 1313/1741/1795 1315/1745/1795 1317/1749/1795 1319/1753/1795 1321/1757/1795
f 1321/1758/1796 1362/1804/1796 1323/1761/1796 1303/1720/1796
f 1363/1805/1797 1324/1763/1797 1323/1761/1797
f 1364/1806/1798 1360/1802/1798 1359/1801/1798
f 1326/1768/1799 1325/1765/1799 1364/1806/1799
f 1319/1754/1800 1358/1800/1800 1362/1804/1800 1321/1758/1800
f 1365/1807/1801 1361/1803/1801 1362/1804/1801
f 1362/1804/1802 1358/1800/1802 1365/1807/1802
f 1359/1801/1803 1360/1802/1803 1366/1808/1803
f 1317/1750/1804 1354/1796/1804 1358/1800/1804 1319/1754/1804
f 1367/1809/1805 1357/1799/1805 1358/1800/1805
f 1366/1808/1806 1356/1798/1806 1355/1797/1806
f 1355/1797/1807 1356/1798/1807 1368/1810/1807
f 1315/1746/1808 1350/1792/1808 1354/1796/1808 1317/1750/1808
f 1369/1811/1809 1353/1795/1809 1354/1796/1809
f 1358/1800/1810 1354/1796/1810 1367/1809/1810
f 1351/1793/1811 1352/1794/1811 1370/1812/1811
f 1313/1742/1812 1346/1788/1812 1350/1792/1812 1315/1746/1812
f 1371/1813/1813 1349/1791/1813 1350/1792/1813
f 1368/1810/1814 1352/1794/1814 1351/1793/1814
f 1347/1789/1815 1348/1790/1815 1372/1814/1815
f 1311/1738/1816 1342/1784/1816 1346/1788/1816 1313/1742/1816
f 1373/1815/1817 1345/1787/1817 1346/1788/1817
f 1354/1796/1818 1350/1792/1818 1369/1811/1818
f 1343/1785/1819 1344/1786/1819 1374/1816/1819
f 1309/1734/1820 1338/1780/1820 1342/1784/1820 1311/1738/1820
f 1375/1817/1821 1341/1783/1821 1342/1784/1821
f 1370/1812/1822 1348/1790/1822 1347/1789/1822
f 1339/1781/1823 1340/1782/1823 1376/1818/1823
f 1307/1730/1824 1334/1776/1824 1338/1780/1824 1309/1734/1824
f 1377/1819/1825 1337/1779/1825 1338/1780/1825
f 1350/1792/1826 1346/1788/1826 1371/1813/1826
f 1335/1777/1827 1336/1778/1827 1378/1820/1827
f 1305/1726/1828 1330/1772/1828 1334/1776/1828 1307/1730/1828
f 1379/1821/1829 1333/1775/1829 1334/1776/1829
f 1372/1814/1830 1344/1786/1830 1343/1785/1830
f 1331/1773/1831 1332/1774/1831 1380/1822/1831
f 1303/1721/1832 1323/1762/1832 1330/1772/1832 1305/1726/1832
f 1381/1823/1833 1329/1771/1833 1330/1772/1833
f 1346/1788/1834 1342/1784/1834 1373/1815/1834
f 1327/1769/1835 1328/1770/1835 1382/1824/1835
f 1325/1766/1836 1382/1824/1836 1381/1823/1836 1324/1764/1836
f 1379/1821/1837 1380/1822/1837 1332/1774/1837 1333/1775/1837
f 1343/1785/1838 1347/1789/1838 1372/1814/1838
f 1329/1771/1839 1328/1770/1839 1380/1822/1839 1379/1821/1839
f 1377/1819/1840 1378/1820/1840 1336/1778/1840 1337/1779/1840
f 1346/1788/1841 1345/1787/1841 1371/1813/1841
f 1333/1775/1842 1332/1774/1842 1378/1820/1842 1377/1819/1842
f 1375/1817/1843 1376/1818/1843 1340/1782/1843 1341/1783/1843
f 1347/1789/1844 1351/1793/1844 1370/1812/1844
f 1337/1779/1845 1336/1778/1845 1376/1818/1845 1375/1817/1845
f 1373/1815/1846 1374/1816/1846 1344/1786/1846 1345/1787/1846
f 1350/1792/1847 1349/1791/1847 1369/1811/1847
f 1341/1783/1848 1340/1782/1848 1374/1816/1848 1373/1815/1848
f 1371/1813/1849 1372/1814/1849 1348/1790/1849 1349/1791/1849
f 1351/1793/1850 1355/1797/1850 1368/1810/1850
f 1345/1787/1851 1344/1786/1851 1372/1814/1851 1371/1813/1851
f 1369/1811/1852 1370/1812/1852 1352/1794/1852 1353/1795/1852
f 1354/1796/1853 1353/1795/1853 1367/1809/1853
f 1349/1791/1854 1348/1790/1854 1370/1812/1854 1369/1811/1854
f 1367/1809/1855 1368/1810/1855 1356/1798/1855 1357/1799/1855
f 1355/1797/1856 1359/1801/1856 1366/1808/1856
f 1353/1795/1857 1352/1794/1857 1368/1810/1857 1367/1809/1857
f 1365/1807/1858 1366/1808/1858 1360/1802/1858 1361/1803/1858
f 1358/1800/1859 1357/1799/1859 1365/1807/1859
f 1357/1799/1860 1356/1798/1860 1366/1808/1860 1365/1807/1860
f 1363/1805/1861 1364/1806/1861 1325/1765/1861 1324/1763/1861
f 1359/1801/1862 1326/1768/1862 1364/1806/1862
f 1361/1803/1863 1360/1802/1863 1364/1806/1863 1363/1805/1863
f 1323/1761/1864 1362/1804/1864 1363/1805/1864
f 1362/1804/1865 1361/1803/1865 1363/1805/1865
f 1381/1823/1866 1382/1824/1866 1328/1770/1866 1329/1771/1866
f 1342/1784/1867 1341/1783/1867 1373/1815/1867
f 1374/1816/1868 1340/1782/1868 1339/1781/1868
f 1339/1781/1869 1343/1785/1869 1374/1816/1869
f 1342/1784/1870 1338/1780/1870 1375/1817/1870
f 1338/1780/1871 1337/1779/1871 1375/1817/1871
f 1376/1818/1872 1336/1778/1872 1335/1777/1872
f 1335/1777/1873 1339/1781/1873 1376/1818/1873
f 1338/1780/1874 1334/1776/1874 1377/1819/1874
f 1334/1776/1875 1333/1775/1875 1377/1819/1875
f 1378/1820/1876 1332/1774/1876 1331/1773/1876
f 1331/1773/1877 1335/1777/1877 1378/1820/1877
f 1334/1776/1878 1330/1772/1878 1379/1821/1878
f 1330/1772/1879 1329/1771/1879 1379/1821/1879
f 1380/1822/1880 1328/1770/1880 1327/1769/1880
f 1327/1769/1881 1331/1773/1881 1380/1822/1881
f 1330/1772/1882 1323/1762/1882 1381/1823/1882
f 1323/1762/1883 1324/1764/1883 1381/1823/1883
f 1382/1824/1884 1325/1766/1884 1326/1767/1884
f 1326/1767/1885 1327/1769/1885 1382/1824/1885
f 1304/1723/1886 1306/1728/1886 1327/1769/1886
f 1306/1728/1887 1308/1732/1887 1331/1773/1887
f 1308/1732/1888 1310/1736/1888 1335/1777/1888
f 1310/1736/1889 1312/1740/1889 1339/1781/1889
f 1312/1740/1890 1314/1744/1890 1343/1785/1890
f 1314/1744/1891 1316/1748/1891 1347/1789/1891
f 1316/1748/1892 1318/1752/1892 1351/1793/1892
f 1318/1752/1893 1320/1756/1893 1355/1797/1893
f 1320/1756/1894 1322/1760/1894 1359/1801/1894
f 1322/1760/1895 1383/1826/1895 1304/1724/1895 1326/1768/1895
o Pear_diamond_green
v 3.974811 0.029629 5.972905
v 4.249857 1.462227 4.799386
v 3.990206 0.029629 5.980062
v 4.694893 1.462227 5.261943
v 3.999721 0.029629 5.998796
v 4.864881 1.462227 6.010375
v 3.999721 0.029629 6.021955
v 4.694893 1.462227 6.758808
v 3.990206 0.029629 6.040689
v 4.249857 1.462227 7.221365
v 3.974811 0.029629 6.047846
v 3.699764 1.462227 7.221365
v 3.959415 0.029629 6.040689
v 3.254728 1.462227 6.758808
v 3.949900 0.029629 6.021955
v 3.084740 1.462227 6.010375
v 3.949900 0.029629 5.998796
v 3.254728 1.462227 5.261943
v 3.959415 0.029629 5.980062
v 3.699764 1.462227 4.799386
v 3.974811 0.429629 5.265272
v 3.974811 0.791234 4.699644
v 3.974811 0.987576 4.126812
v 3.974811 1.099124 3.995284
v 4.583459 1.099124 4.680204
v 4.525091 0.987576 4.786613
v 4.513357 0.791234 4.949972
v 4.280954 0.429629 5.407575
v 5.026495 1.099124 5.475846
v 4.932055 0.987576 5.516491
v 4.846196 0.791234 5.605337
v 4.470162 0.429629 5.780126
v 5.197196 1.099124 6.574336
v 5.102756 0.987576 6.533691
v 4.846196 0.791234 6.415414
v 4.470162 0.429629 6.240625
v 4.830680 1.099124 7.434727
v 4.772313 0.987576 7.328318
v 4.513357 0.791234 7.070779
v 4.280954 0.429629 6.613177
v 3.974811 1.099124 7.801791
v 3.974811 0.987576 7.670262
v 3.974811 0.791234 7.321107
v 3.974811 0.429629 6.755479
v 3.118941 1.099124 7.434727
v 3.177308 0.987576 7.328318
v 3.436265 0.791234 7.070779
v 3.668667 0.429629 6.613177
v 2.752425 1.099124 6.574336
v 2.846865 0.987576 6.533691
v 3.103425 0.791234 6.415414
v 3.479460 0.429629 6.240625
v 2.923126 1.099124 5.475846
v 3.017566 0.987576 5.516491
v 3.103425 0.791234 5.605337
v 3.479460 0.429629 5.780126
v 3.366163 1.099124 4.680204
v 3.424530 0.987576 4.786613
v 3.436265 0.791234 4.949972
v 3.668667 0.429629 5.407575
v 3.680490 0.766849 4.714523
v 3.609738 1.017824 4.392610
v 3.204268 0.766849 5.209495
v 3.124990 1.017824 5.110607
v 3.022367 0.766849 6.010375
v 2.775753 1.017824 6.016262
v 3.204268 0.766849 6.811256
v 2.871882 1.017824 7.063186
v 3.680490 0.766849 7.306228
v 3.562648 1.017824 7.669345
v 4.269132 0.766849 7.306228
v 4.386973 1.017824 7.669345
v 4.745354 0.766849 6.811256
v 5.077739 1.017824 7.063186
v 4.927255 0.766849 6.010375
v 5.173869 1.017824 6.016262
v 4.745354 0.766849 5.209495
v 4.824631 1.017824 5.110607
v 4.269132 0.766849 4.714523
v 4.339883 1.017824 4.392610
vn 0.5543 0.6709 -0.4926
vn 0.7779 0.4552 -0.4332
vn 0.8225 0.5542 -0.1278
vn 0.6271 0.7317 0.2671
vn 0.2560 0.7603 0.5970
vn -0.2560 0.7603 0.5970
vn -0.6271 0.7317 0.2671
vn -0.8225 0.5542 -0.1278
vn -0.0000 1.0000 -0.0000
vn -0.7779 0.4552 -0.4332
vn -0.5543 0.6709 -0.4926
vn -0.0000 -1.0000 -0.0000
vn -0.2230 -0.8486 -0.4797
vn 0.0425 -0.8418 -0.5381
vn -0.6452 -0.6764 -0.3552
vn -0.4711 -0.6727 -0.5705
vn -0.5446 -0.7918 -0.2766
vn -0.4007 -0.8068 -0.4341
vn -0.4960 -0.8310 -0.2519
vn -0.5495 -0.7091 -0.4419
vn -0.6478 -0.7618 -0.0000
vn -0.6397 -0.7489 -0.1731
vn -0.6979 -0.6765 -0.2351
vn -0.6771 -0.6777 -0.2866
vn -0.5446 -0.7918 0.2766
vn -0.6580 -0.7431 0.1218
vn -0.5937 -0.8047 -0.0000
vn -0.7479 -0.6598 0.0730
vn -0.2230 -0.8486 0.4797
vn -0.4600 -0.7953 0.3948
vn -0.7499 -0.6584 0.0646
vn -0.4185 -0.7319 0.5377
vn 0.2230 -0.8486 0.4797
vn -0.0425 -0.8418 0.5381
vn -0.4960 -0.8310 0.2519
vn 0.0573 -0.7614 0.6457
vn 0.5446 -0.7918 0.2766
vn 0.4007 -0.8068 0.4341
vn -0.4932 -0.7216 0.4859
vn 0.4932 -0.7216 0.4859
vn 0.6478 -0.7618 -0.0000
vn 0.6397 -0.7489 0.1731
vn -0.2005 -0.8796 0.4314
vn 0.7499 -0.6584 0.0646
vn 0.5446 -0.7918 -0.2766
vn 0.6580 -0.7431 -0.1218
vn -0.0573 -0.7614 0.6457
vn 0.6979 -0.6765 -0.2351
vn 0.2230 -0.8486 -0.4797
vn 0.4600 -0.7953 -0.3948
vn 0.2005 -0.8796 0.4314
vn 0.6452 -0.6764 -0.3552
vn 0.1896 -0.8841 -0.4270
vn 0.8773 -0.4208 -0.2310
vn -0.3524 0.4479 0.8217
vn 0.6518 -0.4779 -0.5889
vn 0.6468 -0.7558 0.1019
vn 0.0425 -0.8418 0.5381
vn 0.7501 -0.6064 -0.2637
vn 0.3528 -0.8671 0.3517
vn -0.6490 0.7088 0.2765
vn 0.5693 -0.8180 0.0826
vn 0.0189 -0.8481 0.5295
vn -0.4007 -0.8068 0.4341
vn 0.3543 -0.8473 0.3956
vn -0.3543 -0.8473 0.3956
vn -0.7827 0.6103 -0.1216
vn -0.0189 -0.8481 0.5295
vn -0.5693 -0.8180 0.0826
vn -0.6397 -0.7489 0.1731
vn -0.3528 -0.8671 0.3517
vn -0.7501 -0.6064 -0.2637
vn -0.8736 0.0162 -0.4864
vn -0.6468 -0.7558 0.1019
vn -0.6518 -0.4779 -0.5889
vn -0.6580 -0.7431 -0.1218
vn -0.8773 -0.4208 -0.2310
vn -0.1896 -0.8841 -0.4270
vn -0.7430 0.1096 -0.6603
vn -0.6524 -0.6093 -0.4507
vn -0.2005 -0.8796 -0.4314
vn -0.4600 -0.7953 -0.3948
vn 0.6524 -0.6093 -0.4507
vn 0.4600 -0.7953 0.3948
vn 0.4185 -0.7319 0.5377
vn 0.3524 0.4479 0.8217
vn 0.4960 -0.8310 0.2519
vn 0.6580 -0.7431 0.1218
vn 0.7479 -0.6598 0.0730
vn 0.6490 0.7088 0.2765
vn 0.5937 -0.8047 -0.0000
vn 0.6397 -0.7489 -0.1731
vn 0.6771 -0.6777 -0.2866
vn 0.7827 0.6103 -0.1216
vn 0.4960 -0.8310 -0.2519
vn 0.4007 -0.8068 -0.4341
vn 0.5495 -0.7091 -0.4419
vn 0.8736 0.0162 -0.4864
vn 0.2005 -0.8796 -0.4314
vn -0.0425 -0.8418 -0.5381
vn 0.4711 -0.6727 -0.5705
vn 0.7430 0.1096 -0.6603
vn 0.5384 0.6647 -0.5180
vn 0.7764 0.6051 -0.1763
vn 0.6132 0.7775 0.1393
vn 0.3889 0.8419 0.3741
vn -0.0000 0.8478 0.5304
vn -0.3889 0.8419 0.3741
vn -0.6132 0.7775 0.1393
vn -0.7764 0.6051 -0.1763
vn -0.5384 0.6647 -0.5180
vn -0.0000 0.9114 -0.4115
vt 0.750000 0.490000
vt -0.000000 0.500000
vt 1.000000 0.500000
vt 0.250000 0.490000
vt 1.000000 1.000000
vt -0.000000 1.000000
vt 0.891068 0.444164
vt 0.900000 0.500000
vt 0.391068 0.444164
vt 0.900000 1.000000
vt 0.978254 0.324164
vt 0.800000 0.500000
vt 0.478254 0.324164
vt 0.800000 1.000000
vt 0.978254 0.175836
vt 0.700000 0.500000
vt 0.478254 0.175836
vt 0.700000 1.000000
vt 0.891068 0.055836
vt 0.600000 0.500000
vt 0.391068 0.055836
vt 0.600000 1.000000
vt 0.750000 0.010000
vt 0.500000 0.500000
vt 0.250000 0.010000
vt 0.500000 1.000000
vt 0.608932 0.055836
vt 0.400000 0.500000
vt 0.108932 0.055836
vt 0.400000 1.000000
vt 0.521746 0.175836
vt 0.300000 0.500000
vt 0.021746 0.175836
vt 0.300000 1.000000
vt 0.521746 0.324164
vt 0.200000 0.500000
vt 0.021746 0.324164
vt 0.200000 1.000000
vt 0.608932 0.444164
vt 0.100000 0.500000
vt 0.108932 0.444164
vt 0.100000 1.000000
vt -0.000000 0.600000
vt 1.000000 0.600000
vt -0.000000 0.700000
vt 1.000000 0.700000
vt -0.000000 0.800000
vt 1.000000 0.800000
vt 1.000000 0.900000
vt -0.000000 0.900000
vt 0.900000 0.900000
vt 0.900000 0.800000
vt 0.900000 0.700000
vt 0.900000 0.600000
vt 0.800000 0.900000
vt 0.800000 0.800000
vt 0.800000 0.700000
vt 0.800000 0.600000
vt 0.700000 0.900000
vt 0.700000 0.800000
vt 0.700000 0.700000
vt 0.700000 0.600000
vt 0.600000 0.900000
vt 0.600000 0.800000
vt 0.600000 0.700000
vt 0.600000 0.600000
vt 0.500000 0.900000
vt 0.500000 0.800000
vt 0.500000 0.700000
vt 0.500000 0.600000
vt 0.400000 0.900000
vt 0.400000 0.800000
vt 0.400000 0.700000
vt 0.400000 0.600000
vt 0.300000 0.900000
vt 0.300000 0.800000
vt 0.300000 0.700000
vt 0.300000 0.600000
vt 0.200000 0.900000
vt 0.200000 0.800000
vt 0.200000 0.700000
vt 0.200000 0.600000
vt 0.100000 0.900000
vt 0.100000 0.800000
vt 0.100000 0.700000
vt 0.100000 0.600000
vt 0.050000 0.700000
vt 0.050000 0.800000
vt 0.150000 0.700000
vt 0.150000 0.800000
vt 0.250000 0.700000
vt 0.250000 0.800000
vt 0.350000 0.700000
vt 0.350000 0.800000
vt 0.450000 0.700000
vt 0.450000 0.800000
vt 0.550000 0.700000
vt 0.550000 0.800000
vt 0.650000 0.700000
vt 0.650000 0.800000
vt 0.750000 0.700000
vt 0.750000 0.800000
vt 0.850000 0.700000
vt 0.850000 0.800000
vt 0.950000 0.700000
vt 0.950000 0.800000
s 0
usemtl Diamond_Green
f 1385/1831/1896 1408/1877/1896 1407/1875/1896
f 1387/1836/1897 1412/1881/1897 1408/1877/1897
f 1389/1840/1898 1416/1885/1898 1412/1881/1898
f 1391/1844/1899 1420/1889/1899 1416/1885/1899
f 1393/1848/1900 1424/1893/1900 1420/1889/1900
f 1395/1852/1901 1428/1897/1901 1424/1893/1901
f 1397/1856/1902 1432/1901/1902 1428/1897/1902
f 1399/1860/1903 1436/1905/1903 1432/1901/1903
f 1387/1835/1904 1385/1830/1904 1403/1867/1904 1401/1863/1904 1399/1859/1904 1397/1855/1904 1395/1851/1904 1393/1847/1904 1391/1843/1904 1389/1839/1904
f 1401/1864/1905 1440/1909/1905 1436/1905/1905
f 1403/1868/1906 1407/1876/1906 1440/1909/1906
f 1384/1827/1907 1386/1833/1907 1388/1837/1907 1390/1841/1907 1392/1845/1907 1394/1849/1907 1396/1853/1907 1398/1857/1907 1400/1861/1907 1402/1865/1907
f 1402/1866/1908 1443/1912/1908 1404/1869/1908 1384/1828/1908
f 1444/1913/1909 1405/1871/1909 1404/1869/1909
f 1445/1914/1910 1441/1910/1910 1440/1909/1910
f 1407/1876/1911 1406/1873/1911 1445/1914/1911
f 1400/1862/1912 1439/1908/1912 1443/1912/1912 1402/1866/1912
f 1446/1915/1913 1442/1911/1913 1443/1912/1913
f 1443/1912/1914 1439/1908/1914 1446/1915/1914
f 1440/1909/1915 1441/1910/1915 1447/1916/1915
f 1398/1858/1916 1435/1904/1916 1439/1908/1916 1400/1862/1916
f 1448/1917/1917 1438/1907/1917 1439/1908/1917
f 1447/1916/1918 1437/1906/1918 1436/1905/1918
f 1436/1905/1919 1437/1906/1919 1449/1918/1919
f 1396/1854/1920 1431/1900/1920 1435/1904/1920 1398/1858/1920
f 1450/1919/1921 1434/1903/1921 1435/1904/1921
f 1439/1908/1922 1435/1904/1922 1448/1917/1922
f 1432/1901/1923 1433/1902/1923 1451/1920/1923
f 1394/1850/1924 1427/1896/1924 1431/1900/1924 1396/1854/1924
f 1452/1921/1925 1430/1899/1925 1431/1900/1925
f 1449/1918/1926 1433/1902/1926 1432/1901/1926
f 1428/1897/1927 1429/1898/1927 1453/1922/1927
f 1392/1846/1928 1423/1892/1928 1427/1896/1928 1394/1850/1928
f 1454/1923/1929 1426/1895/1929 1427/1896/1929
f 1435/1904/1930 1431/1900/1930 1450/1919/1930
f 1424/1893/1931 1425/1894/1931 1455/1924/1931
f 1390/1842/1932 1419/1888/1932 1423/1892/1932 1392/1846/1932
f 1456/1925/1933 1422/1891/1933 1423/1892/1933
f 1451/1920/1934 1429/1898/1934 1428/1897/1934
f 1420/1889/1935 1421/1890/1935 1457/1926/1935
f 1388/1838/1936 1415/1884/1936 1419/1888/1936 1390/1842/1936
f 1458/1927/1937 1418/1887/1937 1419/1888/1937
f 1431/1900/1938 1427/1896/1938 1452/1921/1938
f 1416/1885/1939 1417/1886/1939 1459/1928/1939
f 1386/1834/1940 1411/1880/1940 1415/1884/1940 1388/1838/1940
f 1460/1929/1941 1414/1883/1941 1415/1884/1941
f 1453/1922/1942 1425/1894/1942 1424/1893/1942
f 1412/1881/1943 1413/1882/1943 1461/1930/1943
f 1384/1829/1944 1404/1870/1944 1411/1880/1944 1386/1834/1944
f 1462/1931/1945 1410/1879/1945 1411/1880/1945
f 1427/1896/1946 1423/1892/1946 1454/1923/1946
f 1408/1877/1947 1409/1878/1947 1463/1932/1947
f 1406/1874/1948 1463/1932/1948 1462/1931/1948 1405/1872/1948
f 1460/1929/1949 1461/1930/1949 1413/1882/1949 1414/1883/1949
f 1424/1893/1950 1428/1897/1950 1453/1922/1950
f 1410/1879/1951 1409/1878/1951 1461/1930/1951 1460/1929/1951
f 1458/1927/1952 1459/1928/1952 1417/1886/1952 1418/1887/1952
f 1427/1896/1953 1426/1895/1953 1452/1921/1953
f 1414/1883/1954 1413/1882/1954 1459/1928/1954 1458/1927/1954
f 1456/1925/1955 1457/1926/1955 1421/1890/1955 1422/1891/1955
f 1428/1897/1956 1432/1901/1956 1451/1920/1956
f 1418/1887/1957 1417/1886/1957 1457/1926/1957 1456/1925/1957
f 1454/1923/1958 1455/1924/1958 1425/1894/1958 1426/1895/1958
f 1431/1900/1959 1430/1899/1959 1450/1919/1959
f 1422/1891/1960 1421/1890/1960 1455/1924/1960 1454/1923/1960
f 1452/1921/1961 1453/1922/1961 1429/1898/1961 1430/1899/1961
f 1432/1901/1962 1436/1905/1962 1449/1918/1962
f 1426/1895/1963 1425/1894/1963 1453/1922/1963 1452/1921/1963
f 1450/1919/1964 1451/1920/1964 1433/1902/1964 1434/1903/1964
f 1435/1904/1965 1434/1903/1965 1448/1917/1965
f 1430/1899/1966 1429/1898/1966 1451/1920/1966 1450/1919/1966
f 1448/1917/1967 1449/1918/1967 1437/1906/1967 1438/1907/1967
f 1436/1905/1968 1440/1909/1968 1447/1916/1968
f 1434/1903/1969 1433/1902/1969 1449/1918/1969 1448/1917/1969
f 1446/1915/1970 1447/1916/1970 1441/1910/1970 1442/1911/1970
f 1439/1908/1971 1438/1907/1971 1446/1915/1971
f 1438/1907/1972 1437/1906/1972 1447/1916/1972 1446/1915/1972
f 1444/1913/1973 1445/1914/1973 1406/1873/1973 1405/1871/1973
f 1440/1909/1974 1407/1876/1974 1445/1914/1974
f 1442/1911/1975 1441/1910/1975 1445/1914/1975 1444/1913/1975
f 1404/1869/1976 1443/1912/1976 1444/1913/1976
f 1443/1912/1977 1442/1911/1977 1444/1913/1977
f 1462/1931/1978 1463/1932/1978 1409/1878/1978 1410/1879/1978
f 1423/1892/1979 1422/1891/1979 1454/1923/1979
f 1455/1924/1980 1421/1890/1980 1420/1889/1980
f 1420/1889/1981 1424/1893/1981 1455/1924/1981
f 1423/1892/1982 1419/1888/1982 1456/1925/1982
f 1419/1888/1983 1418/1887/1983 1456/1925/1983
f 1457/1926/1984 1417/1886/1984 1416/1885/1984
f 1416/1885/1985 1420/1889/1985 1457/1926/1985
f 1419/1888/1986 1415/1884/1986 1458/1927/1986
f 1415/1884/1987 1414/1883/1987 1458/1927/1987
f 1459/1928/1988 1413/1882/1988 1412/1881/1988
f 1412/1881/1989 1416/1885/1989 1459/1928/1989
f 1415/1884/1990 1411/1880/1990 1460/1929/1990
f 1411/1880/1991 1410/1879/1991 1460/1929/1991
f 1461/1930/1992 1409/1878/1992 1408/1877/1992
f 1408/1877/1993 1412/1881/1993 1461/1930/1993
f 1411/1880/1994 1404/1870/1994 1462/1931/1994
f 1404/1870/1995 1405/1872/1995 1462/1931/1995
f 1463/1932/1996 1406/1874/1996 1407/1875/1996
f 1407/1875/1997 1408/1877/1997 1463/1932/1997
f 1385/1831/1998 1387/1836/1998 1408/1877/1998
f 1387/1836/1999 1389/1840/1999 1412/1881/1999
f 1389/1840/2000 1391/1844/2000 1416/1885/2000
f 1391/1844/2001 1393/1848/2001 1420/1889/2001
f 1393/1848/2002 1395/1852/2002 1424/1893/2002
f 1395/1852/2003 1397/1856/2003 1428/1897/2003
f 1397/1856/2004 1399/1860/2004 1432/1901/2004
f 1399/1860/2005 1401/1864/2005 1436/1905/2005
f 1401/1864/2006 1403/1868/2006 1440/1909/2006
f 1403/1868/2007 1385/1832/2007 1407/1876/2007
o Cushion_diamond_green
v -3.739880 -0.039747 5.733233
v -3.735018 1.958673 4.942671
v -3.634573 -0.039747 5.744105
v -3.131862 1.958673 5.004944
v -3.599110 -0.039747 5.781291
v -2.928740 1.958673 5.217932
v -3.575414 -0.039747 5.836944
v -2.793018 1.958673 5.536691
v -3.567093 -0.039747 5.902591
v -2.745359 1.958673 5.912693
v -3.575414 -0.039747 5.968239
v -2.793019 1.958673 6.288694
v -3.599110 -0.039747 6.023891
v -2.928740 1.958673 6.607453
v -3.634573 -0.039747 6.061078
v -3.131862 1.958673 6.820441
v -3.739880 -0.039747 6.070677
v -3.735018 1.958673 6.875421
v -3.847537 -0.039747 6.053762
v -4.351638 1.958673 6.778541
v -3.883001 -0.039747 6.017190
v -4.554760 1.958673 6.569065
v -3.906697 -0.039747 5.962454
v -4.690482 1.958673 6.255563
v -3.915018 -0.039747 5.897890
v -4.738142 1.958673 5.885763
v -3.906697 -0.039747 5.833325
v -4.690482 1.958673 5.515962
v -3.883001 -0.039747 5.778590
v -4.554760 1.958673 5.202460
v -3.847537 -0.039747 5.742017
v -4.351638 1.958673 4.992984
v -3.737455 0.293426 5.338933
v -3.730598 1.270172 4.183061
v -3.730598 1.380511 4.183061
v -3.736325 1.625732 4.536830
v -2.896579 1.625732 4.658996
v -2.664841 1.380511 4.320090
v -2.664841 1.270172 4.320090
v -3.383842 0.293426 5.375442
v -2.614988 1.625732 4.954264
v -2.328968 1.380511 4.728806
v -2.328968 1.270172 4.728806
v -3.264757 0.293426 5.500311
v -2.426835 1.625732 5.396164
v -2.220630 1.380511 5.362138
v -2.220630 1.270172 5.362138
v -3.185187 0.293426 5.687190
v -2.360765 1.625732 5.917420
v -2.216200 1.380511 5.930354
v -2.216200 1.270172 5.930354
v -3.157246 0.293426 5.907629
v -2.426835 1.625732 6.438677
v -2.212030 1.380511 6.545871
v -2.212030 1.270172 6.545871
v -3.185187 0.293426 6.128069
v -2.614988 1.625732 6.880577
v -2.346169 1.380511 7.114701
v -2.346169 1.270172 7.114701
v -3.264757 0.293426 6.314949
v -2.896579 1.625732 7.175845
v -2.694942 1.380511 7.480414
v -2.694942 1.270172 7.480414
v -3.383842 0.293426 6.439817
v -3.732742 1.625732 7.334484
v -3.723431 1.380511 7.574818
v -3.723431 1.270172 7.574818
v -3.737455 0.293426 6.472050
v -4.587572 1.625732 7.117757
v -4.821626 1.380511 7.458637
v -4.821626 1.270172 7.458637
v -4.098962 0.293426 6.415252
v -4.869163 1.625732 6.827359
v -5.138147 1.380511 7.048786
v -5.138147 1.270172 7.048786
v -4.218048 0.293426 6.292442
v -5.057315 1.625732 6.392747
v -5.242184 1.380511 6.510484
v -5.242184 1.270172 6.510484
v -4.297617 0.293426 6.108645
v -5.123386 1.625732 5.880086
v -5.266683 1.380511 5.875513
v -5.266683 1.270172 5.875513
v -4.325558 0.293426 5.891841
v -5.057315 1.625732 5.367427
v -5.263685 1.380511 5.240541
v -5.263685 1.270172 5.240541
v -4.297617 0.293426 5.675037
v -4.869163 1.625732 4.932815
v -5.138147 1.380511 4.702239
v -5.138147 1.270172 4.702239
v -4.218048 0.293426 5.491240
v -4.587572 1.625732 4.642416
v -4.803708 1.380511 4.317472
v -4.803708 1.270172 4.317472
v -4.098962 0.293426 5.368430
v -4.467566 1.270172 4.189100
v -4.467566 1.380511 4.189100
v -5.060515 1.270172 4.561816
v -5.060515 1.380511 4.561816
v -5.254669 1.270172 4.971390
v -5.254669 1.380511 4.971390
v -5.268768 1.270172 5.558027
v -5.268768 1.380511 5.558027
v -5.265184 1.270172 6.192998
v -5.265184 1.380511 6.192998
v -5.222417 1.270172 6.836971
v -5.222417 1.380511 6.836971
v -5.010346 1.270172 7.271629
v -5.010346 1.380511 7.271629
v -4.450365 1.270172 7.574825
v -4.450365 1.380511 7.574825
v -2.990949 1.270172 7.574727
v -2.990949 1.380511 7.574727
v -2.503355 1.270172 7.310458
v -2.503355 1.380511 7.310458
v -2.229647 1.270172 6.841036
v -2.229647 1.380511 6.841036
v -2.214115 1.270172 6.240263
v -2.214115 1.380511 6.240263
v -2.222715 1.270172 5.663446
v -2.222715 1.380511 5.663446
v -2.229647 1.270172 5.002470
v -2.229647 1.380511 5.002470
v -2.456052 1.270172 4.507247
v -2.456052 1.380511 4.507247
v -2.956548 1.270172 4.191376
v -2.956548 1.380511 4.191376
vn 0.0919 0.7697 -0.6317
vn 0.4568 0.7755 -0.4357
vn 0.5956 0.7622 -0.2536
vn 0.6528 0.7530 -0.0828
vn 0.6517 0.7540 0.0826
vn 0.5924 0.7652 0.2522
vn 0.4525 0.7804 0.4315
vn 0.1205 0.7630 0.6350
vn -0.1473 0.8003 0.5812
vn -0.4556 0.7729 0.4417
vn -0.5948 0.7615 0.2575
vn -0.6523 0.7533 0.0841
vn -0.6509 0.7545 -0.0839
vn -0.5909 0.7651 -0.2558
vn -0.0000 1.0000 -0.0000
vn -0.4503 0.7788 -0.4366
vn -0.0815 0.7495 -0.6570
vn -0.0000 -1.0000 -0.0000
vn -0.0526 -0.7626 -0.6447
vn -0.0053 -0.7638 -0.6455
vn -0.3568 -0.0000 -0.9342
vn -0.0047 0.8218 -0.5697
vn -0.4330 -0.7976 -0.4199
vn -0.4250 -0.7873 -0.4467
vn -0.8752 -0.0000 -0.4838
vn -0.3707 0.8431 -0.3896
vn -0.5690 -0.7846 -0.2463
vn -0.5917 -0.7643 -0.2562
vn -0.9994 -0.0000 -0.0335
vn -0.5384 0.8098 -0.2331
vn -0.6274 -0.7745 -0.0809
vn -0.7084 -0.7057 -0.0113
vn -1.0000 -0.0000 0.0066
vn -0.7619 0.6475 -0.0122
vn -0.6288 -0.7733 0.0810
vn -0.7201 -0.6938 0.0034
vn -0.9974 -0.0000 0.0723
vn -0.8634 0.5045 0.0041
vn -0.5730 -0.7811 0.2481
vn -0.7093 -0.7036 0.0429
vn -0.9292 -0.0000 0.3697
vn -0.7865 0.6158 0.0476
vn -0.4383 -0.7920 0.4250
vn -0.5547 -0.7688 0.3181
vn -0.7039 -0.0000 0.7103
vn -0.5040 0.8139 0.2891
vn -0.0999 -0.7653 0.6359
vn -0.1875 -0.7785 0.5990
vn -0.0000 -0.0000 1.0000
vn -0.1575 0.8497 0.5032
vn 0.0581 -0.7683 0.6374
vn 0.0001 -0.7486 0.6630
vn 0.3036 -0.0000 0.9528
vn 0.0001 0.7000 0.7142
vn 0.4351 -0.7991 0.4149
vn 0.4115 -0.7845 0.4639
vn 0.7797 -0.0000 0.6261
vn 0.3724 0.8277 0.4198
vn 0.5704 -0.7846 0.2429
vn 0.5931 -0.7645 0.2525
vn 0.9982 -0.0000 0.0596
vn 0.5392 0.8103 0.2296
vn 0.6282 -0.7740 0.0796
vn 0.7094 -0.7048 -0.0048
vn 1.0000 -0.0000 -0.0067
vn 0.7533 0.6576 -0.0051
vn 0.6294 -0.7730 -0.0798
vn 0.7202 -0.6935 -0.0176
vn 1.0000 -0.0000 0.0069
vn 0.8617 0.5069 -0.0210
vn 0.5737 -0.7818 -0.2443
vn 0.7085 -0.7055 -0.0178
vn 0.9400 -0.0000 -0.3412
vn 0.7639 0.6450 -0.0192
vn 0.4395 -0.7945 -0.4191
vn 0.5488 -0.7744 -0.3148
vn 0.6675 -0.0000 -0.7446
vn 0.4881 0.8267 -0.2800
vn 0.0665 -0.7623 -0.6438
vn 0.2478 -0.7893 -0.5617
vn 0.0107 -0.0000 -0.9999
vn 0.2096 0.8546 -0.4750
vn 0.0583 -0.7665 0.6395
vn 0.8674 -0.0000 -0.4976
vn -0.1263 0.8578 0.4982
vn -0.0000 0.7000 0.7142
vn 0.9997 -0.0000 -0.0251
vn -0.0000 -0.7486 0.6630
vn -0.0980 -0.7756 0.6236
vn 0.9997 -0.0000 -0.0244
vn -0.3681 0.8586 0.3569
vn -0.3633 0.8565 0.3667
vn 1.0000 -0.0000 -0.0068
vn -0.4334 -0.7879 0.4374
vn -0.4419 -0.7881 0.4285
vn 0.9201 -0.0000 0.3917
vn -0.5495 0.8009 0.2379
vn -0.5523 0.8042 0.2197
vn 0.6636 -0.0000 0.7481
vn -0.6062 -0.7578 0.2412
vn -0.5977 -0.7588 0.2587
vn 0.0001 -0.0000 1.0000
vn -0.7985 0.5931 0.1029
vn -0.7839 0.6183 0.0568
vn -0.2987 -0.0000 0.9544
vn -0.7073 -0.7051 0.0512
vn -0.7036 -0.7048 0.0907
vn -0.8675 -0.0000 0.4975
vn -0.7912 0.6030 -0.1020
vn -0.8634 0.5044 0.0057
vn -0.9982 -0.0000 0.0604
vn -0.7201 -0.6938 0.0047
vn -0.7008 -0.7076 -0.0903
vn -1.0000 -0.0000 0.0047
vn -0.7584 0.6513 -0.0254
vn -0.9999 -0.0000 -0.0160
vn -0.7055 -0.7083 -0.0236
vn -0.9177 -0.0000 -0.3973
vn -0.3782 0.8500 -0.3667
vn -0.5051 0.8166 -0.2792
vn -0.6893 -0.0000 -0.7245
vn -0.5561 -0.7722 -0.3074
vn -0.4416 -0.7884 -0.4282
vn -0.0082 -0.0000 -1.0000
vn -0.0604 0.8712 -0.4873
vn -0.1932 0.8407 -0.5059
vn -0.0512 -0.7769 -0.6275
vn -0.2215 -0.7839 -0.5800
vn 0.4037 -0.0000 -0.9149
vn 0.1916 -0.7757 0.6013
vn 0.1737 0.8201 0.5453
vn 0.1021 0.8365 0.5384
vn 0.4482 -0.7851 0.4275
vn 0.4881 -0.7799 0.3919
vn 0.4422 0.8237 0.3550
vn 0.3942 0.8386 0.3760
vn 0.6988 -0.7141 0.0417
vn 0.7418 0.6692 0.0443
vn 0.7012 -0.7074 0.0889
vn 0.7202 -0.6938 -0.0048
vn 0.8616 0.5076 -0.0058
vn 0.7903 0.6045 0.1002
vn 0.7083 -0.7002 -0.0898
vn 0.7123 -0.7018 0.0049
vn 0.7657 0.6432 0.0053
vn 0.8170 0.5672 -0.1036
vn 0.5964 -0.7615 -0.2539
vn 0.6107 -0.7602 -0.2216
vn 0.5438 0.8157 -0.1974
vn 0.5428 0.8075 -0.2311
vn 0.4410 -0.7928 -0.4206
vn 0.4078 -0.7917 -0.4549
vn 0.3444 0.8566 -0.3843
vn 0.3626 0.8654 -0.3458
vn 0.0641 -0.7811 -0.6212
vn 0.0069 -0.7638 -0.6454
vn 0.0061 0.8219 -0.5696
vn 0.0684 0.8799 -0.4702
vn 0.0689 0.7418 -0.6671
vn 0.6528 0.7530 -0.0827
vn 0.0534 0.8085 0.5861
vn -0.1036 0.7449 0.6591
vn -0.0517 0.7722 -0.6333
vt 0.750000 0.490000
vt 0.000000 0.500000
vt 1.000000 0.500000
vt 0.250000 0.490000
vt 1.000000 1.000000
vt 0.000000 1.000000
vt 0.841844 0.471731
vt 0.937500 0.500000
vt 0.341844 0.471731
vt 0.937500 1.000000
vt 0.919706 0.419706
vt 0.875000 0.500000
vt 0.419706 0.419706
vt 0.875000 1.000000
vt 0.971731 0.341844
vt 0.812500 0.500000
vt 0.471731 0.341844
vt 0.812500 1.000000
vt 0.990000 0.250000
vt 0.750000 0.500000
vt 0.490000 0.250000
vt 0.750000 1.000000
vt 0.971731 0.158156
vt 0.687500 0.500000
vt 0.471731 0.158156
vt 0.687500 1.000000
vt 0.919706 0.080294
vt 0.625000 0.500000
vt 0.419706 0.080294
vt 0.625000 1.000000
vt 0.841844 0.028269
vt 0.562500 0.500000
vt 0.341844 0.028269
vt 0.562500 1.000000
vt 0.750000 0.010000
vt 0.500000 0.500000
vt 0.250000 0.010000
vt 0.500000 1.000000
vt 0.658156 0.028269
vt 0.437500 0.500000
vt 0.158156 0.028269
vt 0.437500 1.000000
vt 0.580294 0.080294
vt 0.375000 0.500000
vt 0.080294 0.080294
vt 0.375000 1.000000
vt 0.528269 0.158156
vt 0.312500 0.500000
vt 0.028269 0.158156
vt 0.312500 1.000000
vt 0.510000 0.250000
vt 0.250000 0.500000
vt 0.010000 0.250000
vt 0.250000 1.000000
vt 0.528269 0.341844
vt 0.187500 0.500000
vt 0.028269 0.341844
vt 0.187500 1.000000
vt 0.580294 0.419706
vt 0.125000 0.500000
vt 0.080294 0.419706
vt 0.125000 1.000000
vt 0.658156 0.471731
vt 0.062500 0.500000
vt 0.158156 0.471731
vt 0.062500 1.000000
vt 0.000000 0.600000
vt 1.000000 0.600000
vt 0.000000 0.700000
vt 1.000000 0.700000
vt 0.000000 0.800000
vt 1.000000 0.800000
vt 1.000000 0.900000
vt 0.000000 0.900000
vt 0.937500 0.900000
vt 0.937500 0.800000
vt 0.937500 0.700000
vt 0.937500 0.600000
vt 0.875000 0.900000
vt 0.875000 0.800000
vt 0.875000 0.700000
vt 0.875000 0.600000
vt 0.812500 0.900000
vt 0.812500 0.800000
vt 0.812500 0.700000
vt 0.812500 0.600000
vt 0.750000 0.900000
vt 0.750000 0.800000
vt 0.750000 0.700000
vt 0.750000 0.600000
vt 0.687500 0.900000
vt 0.687500 0.800000
vt 0.687500 0.700000
vt 0.687500 0.600000
vt 0.625000 0.900000
vt 0.625000 0.800000
vt 0.625000 0.700000
vt 0.625000 0.600000
vt 0.562500 0.900000
vt 0.562500 0.800000
vt 0.562500 0.700000
vt 0.562500 0.600000
vt 0.500000 0.900000
vt 0.500000 0.800000
vt 0.500000 0.700000
vt 0.500000 0.600000
vt 0.437500 0.900000
vt 0.437500 0.800000
vt 0.437500 0.700000
vt 0.437500 0.600000
vt 0.375000 0.900000
vt 0.375000 0.800000
vt 0.375000 0.700000
vt 0.375000 0.600000
vt 0.312500 0.900000
vt 0.312500 0.800000
vt 0.312500 0.700000
vt 0.312500 0.600000
vt 0.250000 0.900000
vt 0.250000 0.800000
vt 0.250000 0.700000
vt 0.250000 0.600000
vt 0.187500 0.900000
vt 0.187500 0.800000
vt 0.187500 0.700000
vt 0.187500 0.600000
vt 0.125000 0.900000
vt 0.125000 0.800000
vt 0.125000 0.700000
vt 0.125000 0.600000
vt 0.062500 0.900000
vt 0.062500 0.800000
vt 0.062500 0.700000
vt 0.062500 0.600000
vt 0.031250 0.700000
vt 0.031250 0.800000
vt 0.093750 0.700000
vt 0.093750 0.800000
vt 0.156250 0.700000
vt 0.156250 0.800000
vt 0.218750 0.700000
vt 0.218750 0.800000
vt 0.281250 0.700000
vt 0.281250 0.800000
vt 0.343750 0.700000
vt 0.343750 0.800000
vt 0.406250 0.700000
vt 0.406250 0.800000
vt 0.468750 0.700000
vt 0.468750 0.800000
vt 0.531250 0.700000
vt 0.531250 0.800000
vt 0.593750 0.700000
vt 0.593750 0.800000
vt 0.656250 0.700000
vt 0.656250 0.800000
vt 0.718750 0.700000
vt 0.718750 0.800000
vt 0.781250 0.700000
vt 0.781250 0.800000
vt 0.843750 0.700000
vt 0.843750 0.800000
vt 0.906250 0.700000
vt 0.906250 0.800000
vt 0.968750 0.700000
vt 0.968750 0.800000
s 0
usemtl Diamond_Green
f 1465/1937/2008 1500/2007/2008 1499/2005/2008
f 1467/1942/2009 1504/2011/2009 1500/2007/2009
f 1469/1946/2010 1508/2015/2010 1504/2011/2010
f 1471/1950/2011 1512/2019/2011 1508/2015/2011
f 1473/1954/2012 1516/2023/2012 1512/2019/2012
f 1475/1958/2013 1520/2027/2013 1516/2023/2013
f 1477/1962/2014 1524/2031/2014 1520/2027/2014
f 1479/1966/2015 1528/2035/2015 1524/2031/2015
f 1481/1970/2016 1532/2039/2016 1528/2035/2016
f 1483/1974/2017 1536/2043/2017 1532/2039/2017
f 1485/1978/2018 1540/2047/2018 1536/2043/2018
f 1487/1982/2019 1544/2051/2019 1540/2047/2019
f 1489/1986/2020 1548/2055/2020 1544/2051/2020
f 1491/1990/2021 1552/2059/2021 1548/2055/2021
f 1467/1941/2022 1465/1936/2022 1495/1997/2022 1493/1993/2022 1491/1989/2022 1489/1985/2022 1487/1981/2022 1485/1977/2022 1483/1973/2022 1481/1969/2022 1479/1965/2022 1477/1961/2022 1475/1957/2022 1473/1953/2022 1471/1949/2022 1469/1945/2022
f 1493/1994/2023 1556/2063/2023 1552/2059/2023
f 1495/1998/2024 1499/2006/2024 1556/2063/2024
f 1464/1933/2025 1466/1939/2025 1468/1943/2025 1470/1947/2025 1472/1951/2025 1474/1955/2025 1476/1959/2025 1478/1963/2025 1480/1967/2025 1482/1971/2025 1484/1975/2025 1486/1979/2025 1488/1983/2025 1490/1987/2025 1492/1991/2025 1494/1995/2025
f 1494/1996/2026 1559/2066/2026 1496/1999/2026 1464/1934/2026
f 1560/2067/2027 1497/2001/2027 1496/1999/2027
f 1558/2065/2028 1557/2064/2028 1561/2068/2028 1560/2067/2028
f 1499/2006/2029 1498/2003/2029 1561/2068/2029
f 1492/1992/2030 1555/2062/2030 1559/2066/2030 1494/1996/2030
f 1562/2069/2031 1558/2065/2031 1559/2066/2031
f 1554/2061/2032 1553/2060/2032 1563/2070/2032 1562/2069/2032
f 1556/2063/2033 1557/2064/2033 1563/2070/2033
f 1490/1988/2034 1551/2058/2034 1555/2062/2034 1492/1992/2034
f 1564/2071/2035 1554/2061/2035 1555/2062/2035
f 1550/2057/2036 1549/2056/2036 1565/2072/2036 1564/2071/2036
f 1552/2059/2037 1553/2060/2037 1565/2072/2037
f 1488/1984/2038 1547/2054/2038 1551/2058/2038 1490/1988/2038
f 1566/2073/2039 1550/2057/2039 1551/2058/2039
f 1546/2053/2040 1545/2052/2040 1567/2074/2040 1566/2073/2040
f 1548/2055/2041 1549/2056/2041 1567/2074/2041
f 1486/1980/2042 1543/2050/2042 1547/2054/2042 1488/1984/2042
f 1568/2075/2043 1546/2053/2043 1547/2054/2043
f 1542/2049/2044 1541/2048/2044 1569/2076/2044 1568/2075/2044
f 1544/2051/2045 1545/2052/2045 1569/2076/2045
f 1484/1976/2046 1539/2046/2046 1543/2050/2046 1486/1980/2046
f 1570/2077/2047 1542/2049/2047 1543/2050/2047
f 1538/2045/2048 1537/2044/2048 1571/2078/2048 1570/2077/2048
f 1540/2047/2049 1541/2048/2049 1571/2078/2049
f 1482/1972/2050 1535/2042/2050 1539/2046/2050 1484/1976/2050
f 1572/2079/2051 1538/2045/2051 1539/2046/2051
f 1534/2041/2052 1533/2040/2052 1573/2080/2052 1572/2079/2052
f 1536/2043/2053 1537/2044/2053 1573/2080/2053
f 1480/1968/2054 1531/2038/2054 1535/2042/2054 1482/1972/2054
f 1574/2081/2055 1534/2041/2055 1535/2042/2055
f 1530/2037/2056 1529/2036/2056 1575/2082/2056 1574/2081/2056
f 1532/2039/2057 1533/2040/2057 1575/2082/2057
f 1478/1964/2058 1527/2034/2058 1531/2038/2058 1480/1968/2058
f 1576/2083/2059 1530/2037/2059 1531/2038/2059
f 1526/2033/2060 1525/2032/2060 1577/2084/2060 1576/2083/2060
f 1528/2035/2061 1529/2036/2061 1577/2084/2061
f 1476/1960/2062 1523/2030/2062 1527/2034/2062 1478/1964/2062
f 1578/2085/2063 1526/2033/2063 1527/2034/2063
f 1522/2029/2064 1521/2028/2064 1579/2086/2064 1578/2085/2064
f 1524/2031/2065 1525/2032/2065 1579/2086/2065
f 1474/1956/2066 1519/2026/2066 1523/2030/2066 1476/1960/2066
f 1580/2087/2067 1522/2029/2067 1523/2030/2067
f 1518/2025/2068 1517/2024/2068 1581/2088/2068 1580/2087/2068
f 1520/2027/2069 1521/2028/2069 1581/2088/2069
f 1472/1952/2070 1515/2022/2070 1519/2026/2070 1474/1956/2070
f 1582/2089/2071 1518/2025/2071 1519/2026/2071
f 1514/2021/2072 1513/2020/2072 1583/2090/2072 1582/2089/2072
f 1516/2023/2073 1517/2024/2073 1583/2090/2073
f 1470/1948/2074 1511/2018/2074 1515/2022/2074 1472/1952/2074
f 1584/2091/2075 1514/2021/2075 1515/2022/2075
f 1510/2017/2076 1509/2016/2076 1585/2092/2076 1584/2091/2076
f 1512/2019/2077 1513/2020/2077 1585/2092/2077
f 1468/1944/2078 1507/2014/2078 1511/2018/2078 1470/1948/2078
f 1586/2093/2079 1510/2017/2079 1511/2018/2079
f 1506/2013/2080 1505/2012/2080 1587/2094/2080 1586/2093/2080
f 1508/2015/2081 1509/2016/2081 1587/2094/2081
f 1466/1940/2082 1503/2010/2082 1507/2014/2082 1468/1944/2082
f 1588/2095/2083 1506/2013/2083 1507/2014/2083
f 1502/2009/2084 1501/2008/2084 1589/2096/2084 1588/2095/2084
f 1504/2011/2085 1505/2012/2085 1589/2096/2085
f 1464/1935/2086 1496/2000/2086 1503/2010/2086 1466/1940/2086
f 1590/2097/2087 1502/2009/2087 1503/2010/2087
f 1498/2004/2088 1591/2098/2088 1590/2097/2088 1497/2002/2088
f 1500/2007/2089 1501/2008/2089 1591/2098/2089
f 1531/2038/2090 1527/2034/2090 1576/2083/2090
f 1588/2095/2091 1589/2096/2091 1505/2012/2091 1506/2013/2091
f 1528/2035/2092 1532/2039/2092 1575/2082/2092
f 1575/2082/2093 1529/2036/2093 1528/2035/2093
f 1586/2093/2094 1587/2094/2094 1509/2016/2094 1510/2017/2094
f 1531/2038/2095 1530/2037/2095 1574/2081/2095
f 1535/2042/2096 1531/2038/2096 1574/2081/2096
f 1584/2091/2097 1585/2092/2097 1513/2020/2097 1514/2021/2097
f 1532/2039/2098 1536/2043/2098 1573/2080/2098
f 1573/2080/2099 1533/2040/2099 1532/2039/2099
f 1582/2089/2100 1583/2090/2100 1517/2024/2100 1518/2025/2100
f 1535/2042/2101 1534/2041/2101 1572/2079/2101
f 1539/2046/2102 1535/2042/2102 1572/2079/2102
f 1580/2087/2103 1581/2088/2103 1521/2028/2103 1522/2029/2103
f 1536/2043/2104 1540/2047/2104 1571/2078/2104
f 1571/2078/2105 1537/2044/2105 1536/2043/2105
f 1578/2085/2106 1579/2086/2106 1525/2032/2106 1526/2033/2106
f 1539/2046/2107 1538/2045/2107 1570/2077/2107
f 1543/2050/2108 1539/2046/2108 1570/2077/2108
f 1576/2083/2109 1577/2084/2109 1529/2036/2109 1530/2037/2109
f 1540/2047/2110 1544/2051/2110 1569/2076/2110
f 1569/2076/2111 1541/2048/2111 1540/2047/2111
f 1574/2081/2112 1575/2082/2112 1533/2040/2112 1534/2041/2112
f 1543/2050/2113 1542/2049/2113 1568/2075/2113
f 1547/2054/2114 1543/2050/2114 1568/2075/2114
f 1572/2079/2115 1573/2080/2115 1537/2044/2115 1538/2045/2115
f 1544/2051/2116 1548/2055/2116 1567/2074/2116
f 1567/2074/2117 1545/2052/2117 1544/2051/2117
f 1570/2077/2118 1571/2078/2118 1541/2048/2118 1542/2049/2118
f 1547/2054/2119 1546/2053/2119 1566/2073/2119
f 1551/2058/2120 1547/2054/2120 1566/2073/2120
f 1568/2075/2121 1569/2076/2121 1545/2052/2121 1546/2053/2121
f 1548/2055/2037 1552/2059/2037 1565/2072/2037
f 1565/2072/2122 1549/2056/2122 1548/2055/2122
f 1566/2073/2123 1567/2074/2123 1549/2056/2123 1550/2057/2123
f 1551/2058/2124 1550/2057/2124 1564/2071/2124
f 1555/2062/2035 1551/2058/2035 1564/2071/2035
f 1564/2071/2125 1565/2072/2125 1553/2060/2125 1554/2061/2125
f 1552/2059/2126 1556/2063/2126 1563/2070/2126
f 1563/2070/2127 1553/2060/2127 1552/2059/2127
f 1562/2069/2128 1563/2070/2128 1557/2064/2128 1558/2065/2128
f 1555/2062/2129 1554/2061/2129 1562/2069/2129
f 1559/2066/2130 1555/2062/2130 1562/2069/2130
f 1560/2067/2131 1561/2068/2131 1498/2003/2131 1497/2001/2131
f 1556/2063/2132 1499/2006/2132 1561/2068/2132
f 1561/2068/2133 1557/2064/2133 1556/2063/2133
f 1496/1999/2134 1559/2066/2134 1560/2067/2134
f 1559/2066/2135 1558/2065/2135 1560/2067/2135
f 1590/2097/2136 1591/2098/2136 1501/2008/2136 1502/2009/2136
f 1527/2034/2137 1526/2033/2137 1576/2083/2137
f 1577/2084/2138 1525/2032/2138 1524/2031/2138
f 1524/2031/2139 1528/2035/2139 1577/2084/2139
f 1527/2034/2140 1523/2030/2140 1578/2085/2140
f 1523/2030/2141 1522/2029/2141 1578/2085/2141
f 1579/2086/2142 1521/2028/2142 1520/2027/2142
f 1520/2027/2143 1524/2031/2143 1579/2086/2143
f 1523/2030/2067 1519/2026/2067 1580/2087/2067
f 1519/2026/2144 1518/2025/2144 1580/2087/2144
f 1581/2088/2145 1517/2024/2145 1516/2023/2145
f 1516/2023/2069 1520/2027/2069 1581/2088/2069
f 1519/2026/2146 1515/2022/2146 1582/2089/2146
f 1515/2022/2147 1514/2021/2147 1582/2089/2147
f 1583/2090/2148 1513/2020/2148 1512/2019/2148
f 1512/2019/2149 1516/2023/2149 1583/2090/2149
f 1515/2022/2150 1511/2018/2150 1584/2091/2150
f 1511/2018/2151 1510/2017/2151 1584/2091/2151
f 1585/2092/2152 1509/2016/2152 1508/2015/2152
f 1508/2015/2153 1512/2019/2153 1585/2092/2153
f 1511/2018/2154 1507/2014/2154 1586/2093/2154
f 1507/2014/2155 1506/2013/2155 1586/2093/2155
f 1587/2094/2156 1505/2012/2156 1504/2011/2156
f 1504/2011/2157 1508/2015/2157 1587/2094/2157
f 1507/2014/2158 1503/2010/2158 1588/2095/2158
f 1503/2010/2159 1502/2009/2159 1588/2095/2159
f 1589/2096/2160 1501/2008/2160 1500/2007/2160
f 1500/2007/2161 1504/2011/2161 1589/2096/2161
f 1503/2010/2162 1496/2000/2162 1590/2097/2162
f 1496/2000/2163 1497/2002/2163 1590/2097/2163
f 1591/2098/2164 1498/2004/2164 1499/2005/2164
f 1499/2005/2165 1500/2007/2165 1591/2098/2165
f 1465/1937/2166 1467/1942/2166 1500/2007/2166
f 1467/1942/2009 1469/1946/2009 1504/2011/2009
f 1469/1946/2010 1471/1950/2010 1508/2015/2010
f 1471/1950/2167 1473/1954/2167 1512/2019/2167
f 1473/1954/2012 1475/1958/2012 1516/2023/2012
f 1475/1958/2013 1477/1962/2013 1520/2027/2013
f 1477/1962/2014 1479/1966/2014 1524/2031/2014
f 1479/1966/2168 1481/1970/2168 1528/2035/2168
f 1481/1970/2169 1483/1974/2169 1532/2039/2169
f 1483/1974/2017 1485/1978/2017 1536/2043/2017
f 1485/1978/2018 1487/1982/2018 1540/2047/2018
f 1487/1982/2019 1489/1986/2019 1544/2051/2019
f 1489/1986/2020 1491/1990/2020 1548/2055/2020
f 1491/1990/2021 1493/1994/2021 1552/2059/2021
f 1493/1994/2023 1495/1998/2023 1556/2063/2023
f 1495/1998/2170 1465/1938/2170 1499/2006/2170
o Oval_diamond_blue
v 10.581376 0.004090 10.710172
v 10.856423 1.436688 9.536653
v 10.596772 0.004090 10.717328
v 11.301458 1.436688 9.999209
v 10.606287 0.004090 10.736063
v 11.471447 1.436688 10.747643
v 10.606287 0.004090 10.759221
v 11.301458 1.436688 11.496075
v 10.596772 0.004090 10.777956
v 10.856423 1.436688 11.958632
v 10.581376 0.004090 10.785112
v 10.306330 1.436688 11.958632
v 10.565981 0.004090 10.777956
v 9.861294 1.436688 11.496075
v 10.556466 0.004090 10.759221
v 9.691306 1.436688 10.747643
v 10.556466 0.004090 10.736063
v 9.861294 1.436688 9.999209
v 10.565981 0.004090 10.717328
v 10.306330 1.436688 9.536653
v 10.581376 0.404090 10.002539
v 10.581376 0.765695 9.436911
v 10.581376 0.962037 9.111301
v 10.581376 1.073585 8.979773
v 11.307749 1.073585 9.317406
v 11.249382 0.962037 9.423815
v 11.119923 0.765695 9.687239
v 10.887520 0.404090 10.144841
v 11.756672 1.073585 10.201340
v 11.662231 0.962037 10.241985
v 11.452762 0.765695 10.342604
v 11.076727 0.404090 10.517393
v 11.756672 1.073585 11.293944
v 11.662231 0.962037 11.253300
v 11.452762 0.765695 11.152680
v 11.076727 0.404090 10.977892
v 11.307749 1.073585 12.177879
v 11.249382 0.962037 12.071470
v 11.119923 0.765695 11.808046
v 10.887520 0.404090 11.350443
v 10.581376 1.073585 12.515512
v 10.581376 0.962037 12.383984
v 10.581376 0.765695 12.058373
v 10.581376 0.404090 11.492745
v 9.855004 1.073585 12.177879
v 9.913371 0.962037 12.071470
v 10.042830 0.765695 11.808046
v 10.275232 0.404090 11.350443
v 9.406081 1.073585 11.293944
v 9.500521 0.962037 11.253300
v 9.709991 0.765695 11.152680
v 10.086025 0.404090 10.977892
v 9.406081 1.073585 10.201340
v 9.500521 0.962037 10.241985
v 9.709991 0.765695 10.342604
v 10.086025 0.404090 10.517393
v 9.855004 1.073585 9.317406
v 9.913371 0.962037 9.423815
v 10.042830 0.765695 9.687239
v 10.275232 0.404090 10.144841
v 10.287055 0.741310 9.451790
v 10.216304 0.992285 9.129876
v 9.810833 0.741310 9.946761
v 9.625605 0.992285 9.747808
v 9.628932 0.741310 10.747643
v 9.399977 0.992285 10.747643
v 9.810833 0.741310 11.548523
v 9.625605 0.992285 11.747477
v 10.287055 0.741310 12.043494
v 10.216304 0.992285 12.365408
v 10.875698 0.741310 12.043494
v 10.946448 0.992285 12.365408
v 11.351919 0.741310 11.548523
v 11.537148 0.992285 11.747477
v 11.533820 0.741310 10.747643
v 11.762775 0.992285 10.747643
v 11.351919 0.741310 9.946761
v 11.537148 0.992285 9.747808
v 10.875698 0.741310 9.451790
v 10.946448 0.992285 9.129876
vn 0.2876 0.7311 -0.6187
vn 0.6741 0.6545 -0.3424
vn 0.7864 0.6177 -0.0000
vn 0.6741 0.6545 0.3424
vn 0.2876 0.7311 0.6187
vn -0.2876 0.7311 0.6187
vn -0.6741 0.6545 0.3424
vn -0.7864 0.6177 -0.0000
vn -0.0000 1.0000 -0.0000
vn -0.6741 0.6545 -0.3424
vn -0.2876 0.7311 -0.6187
vn -0.0000 -1.0000 -0.0000
vn -0.2230 -0.8486 -0.4797
vn 0.0425 -0.8418 -0.5381
vn -0.4370 -0.7300 -0.5255
vn -0.0957 -0.7592 -0.6438
vn -0.5446 -0.7918 -0.2766
vn -0.4007 -0.8068 -0.4341
vn -0.4960 -0.8310 -0.2519
vn -0.5610 -0.7060 -0.4323
vn -0.6478 -0.7618 -0.0000
vn -0.6397 -0.7489 -0.1731
vn -0.7037 -0.6757 -0.2195
vn -0.7392 -0.6649 -0.1072
vn -0.5446 -0.7918 0.2766
vn -0.6580 -0.7431 0.1218
vn -0.5937 -0.8047 -0.0000
vn -0.7037 -0.6757 0.2195
vn -0.2230 -0.8486 0.4797
vn -0.4600 -0.7953 0.3948
vn -0.7392 -0.6649 0.1072
vn -0.4370 -0.7300 0.5255
vn 0.2230 -0.8486 0.4797
vn -0.0425 -0.8418 0.5381
vn -0.4960 -0.8310 0.2519
vn 0.0957 -0.7592 0.6438
vn 0.5446 -0.7918 0.2766
vn 0.4007 -0.8068 0.4341
vn -0.5610 -0.7060 0.4323
vn 0.5610 -0.7060 0.4323
vn 0.6478 -0.7618 -0.0000
vn 0.6397 -0.7489 0.1731
vn -0.2005 -0.8796 0.4314
vn 0.7392 -0.6649 0.1072
vn 0.5446 -0.7918 -0.2766
vn 0.6580 -0.7431 -0.1218
vn -0.0957 -0.7592 0.6438
vn 0.7037 -0.6757 -0.2195
vn 0.2230 -0.8486 -0.4797
vn 0.4600 -0.7953 -0.3948
vn 0.2005 -0.8796 0.4314
vn 0.4370 -0.7300 -0.5255
vn 0.0360 -0.8241 -0.5653
vn 0.6765 -0.7150 -0.1764
vn -0.4118 0.2135 0.8859
vn 0.4795 -0.7708 -0.4194
vn 0.6926 -0.7089 0.1335
vn 0.0425 -0.8418 0.5381
vn 0.6926 -0.7089 -0.1335
vn 0.4795 -0.7708 0.4194
vn -0.8854 0.1177 0.4497
vn 0.6765 -0.7150 0.1764
vn 0.0360 -0.8241 0.5653
vn -0.4007 -0.8068 0.4341
vn 0.4285 -0.7826 0.4515
vn -0.4285 -0.7826 0.4515
vn -0.9972 0.0749 -0.0000
vn -0.0360 -0.8241 0.5653
vn -0.6765 -0.7150 0.1764
vn -0.6397 -0.7489 0.1731
vn -0.4795 -0.7708 0.4194
vn -0.6926 -0.7089 -0.1335
vn -0.8854 0.1177 -0.4497
vn -0.6926 -0.7089 0.1335
vn -0.4795 -0.7708 -0.4194
vn -0.6580 -0.7431 -0.1218
vn -0.6765 -0.7150 -0.1764
vn -0.0360 -0.8241 -0.5653
vn -0.4118 0.2135 -0.8859
vn -0.4285 -0.7826 -0.4515
vn -0.2005 -0.8796 -0.4314
vn -0.4600 -0.7953 -0.3948
vn 0.4285 -0.7826 -0.4515
vn 0.4600 -0.7953 0.3948
vn 0.4370 -0.7300 0.5255
vn 0.4118 0.2135 0.8859
vn 0.4960 -0.8310 0.2519
vn 0.6580 -0.7431 0.1218
vn 0.7037 -0.6757 0.2195
vn 0.8854 0.1177 0.4497
vn 0.5937 -0.8047 -0.0000
vn 0.6397 -0.7489 -0.1731
vn 0.7392 -0.6649 -0.1072
vn 0.9972 0.0749 -0.0000
vn 0.4960 -0.8310 -0.2519
vn 0.4007 -0.8068 -0.4341
vn 0.5610 -0.7060 -0.4323
vn 0.8854 0.1177 -0.4497
vn 0.2005 -0.8796 -0.4314
vn -0.0425 -0.8418 -0.5381
vn 0.0957 -0.7592 -0.6438
vn 0.4118 0.2135 -0.8859
vn 0.4363 0.7958 -0.4198
vn 0.6562 0.7397 -0.1490
vn 0.6562 0.7397 0.1490
vn 0.4363 0.7958 0.4198
vn -0.0000 0.8377 0.5462
vn -0.4363 0.7958 0.4198
vn -0.6562 0.7397 0.1490
vn -0.6562 0.7397 -0.1490
vn -0.4363 0.7958 -0.4198
vn -0.0000 0.8377 -0.5462
vt 0.750000 0.490000
vt -0.000000 0.500000
vt 1.000000 0.500000
vt 0.250000 0.490000
vt 1.000000 1.000000
vt -0.000000 1.000000
vt 0.891068 0.444164
vt 0.900000 0.500000
vt 0.391068 0.444164
vt 0.900000 1.000000
vt 0.978254 0.324164
vt 0.800000 0.500000
vt 0.478254 0.324164
vt 0.800000 1.000000
vt 0.978254 0.175836
vt 0.700000 0.500000
vt 0.478254 0.175836
vt 0.700000 1.000000
vt 0.891068 0.055836
vt 0.600000 0.500000
vt 0.391068 0.055836
vt 0.600000 1.000000
vt 0.750000 0.010000
vt 0.500000 0.500000
vt 0.250000 0.010000
vt 0.500000 1.000000
vt 0.608932 0.055836
vt 0.400000 0.500000
vt 0.108932 0.055836
vt 0.400000 1.000000
vt 0.521746 0.175836
vt 0.300000 0.500000
vt 0.021746 0.175836
vt 0.300000 1.000000
vt 0.521746 0.324164
vt 0.200000 0.500000
vt 0.021746 0.324164
vt 0.200000 1.000000
vt 0.608932 0.444164
vt 0.100000 0.500000
vt 0.108932 0.444164
vt 0.100000 1.000000
vt -0.000000 0.600000
vt 1.000000 0.600000
vt -0.000000 0.700000
vt 1.000000 0.700000
vt -0.000000 0.800000
vt 1.000000 0.800000
vt 1.000000 0.900000
vt -0.000000 0.900000
vt 0.900000 0.900000
vt 0.900000 0.800000
vt 0.900000 0.700000
vt 0.900000 0.600000
vt 0.800000 0.900000
vt 0.800000 0.800000
vt 0.800000 0.700000
vt 0.800000 0.600000
vt 0.700000 0.900000
vt 0.700000 0.800000
vt 0.700000 0.700000
vt 0.700000 0.600000
vt 0.600000 0.900000
vt 0.600000 0.800000
vt 0.600000 0.700000
vt 0.600000 0.600000
vt 0.500000 0.900000
vt 0.500000 0.800000
vt 0.500000 0.700000
vt 0.500000 0.600000
vt 0.400000 0.900000
vt 0.400000 0.800000
vt 0.400000 0.700000
vt 0.400000 0.600000
vt 0.300000 0.900000
vt 0.300000 0.800000
vt 0.300000 0.700000
vt 0.300000 0.600000
vt 0.200000 0.900000
vt 0.200000 0.800000
vt 0.200000 0.700000
vt 0.200000 0.600000
vt 0.100000 0.900000
vt 0.100000 0.800000
vt 0.100000 0.700000
vt 0.100000 0.600000
vt 0.050000 0.700000
vt 0.050000 0.800000
vt 0.150000 0.700000
vt 0.150000 0.800000
vt 0.250000 0.700000
vt 0.250000 0.800000
vt 0.350000 0.700000
vt 0.350000 0.800000
vt 0.450000 0.700000
vt 0.450000 0.800000
vt 0.550000 0.700000
vt 0.550000 0.800000
vt 0.650000 0.700000
vt 0.650000 0.800000
vt 0.750000 0.700000
vt 0.750000 0.800000
vt 0.850000 0.700000
vt 0.850000 0.800000
vt 0.950000 0.700000
vt 0.950000 0.800000
s 0
usemtl Diamond_Blue
f 1593/2103/2171 1616/2149/2171 1615/2147/2171
f 1595/2108/2172 1620/2153/2172 1616/2149/2172
f 1597/2112/2173 1624/2157/2173 1620/2153/2173
f 1599/2116/2174 1628/2161/2174 1624/2157/2174
f 1601/2120/2175 1632/2165/2175 1628/2161/2175
f 1603/2124/2176 1636/2169/2176 1632/2165/2176
f 1605/2128/2177 1640/2173/2177 1636/2169/2177
f 1607/2132/2178 1644/2177/2178 1640/2173/2178
f 1595/2107/2179 1593/2102/2179 1611/2139/2179 1609/2135/2179 1607/2131/2179 1605/2127/2179 1603/2123/2179 1601/2119/2179 1599/2115/2179 1597/2111/2179
f 1609/2136/2180 1648/2181/2180 1644/2177/2180
f 1611/2140/2181 1615/2148/2181 1648/2181/2181
f 1592/2099/2182 1594/2105/2182 1596/2109/2182 1598/2113/2182 1600/2117/2182 1602/2121/2182 1604/2125/2182 1606/2129/2182 1608/2133/2182 1610/2137/2182
f 1610/2138/2183 1651/2184/2183 1612/2141/2183 1592/2100/2183
f 1652/2185/2184 1613/2143/2184 1612/2141/2184
f 1653/2186/2185 1649/2182/2185 1648/2181/2185
f 1615/2148/2186 1614/2145/2186 1653/2186/2186
f 1608/2134/2187 1647/2180/2187 1651/2184/2187 1610/2138/2187
f 1654/2187/2188 1650/2183/2188 1651/2184/2188
f 1651/2184/2189 1647/2180/2189 1654/2187/2189
f 1648/2181/2190 1649/2182/2190 1655/2188/2190
f 1606/2130/2191 1643/2176/2191 1647/2180/2191 1608/2134/2191
f 1656/2189/2192 1646/2179/2192 1647/2180/2192
f 1655/2188/2193 1645/2178/2193 1644/2177/2193
f 1644/2177/2194 1645/2178/2194 1657/2190/2194
f 1604/2126/2195 1639/2172/2195 1643/2176/2195 1606/2130/2195
f 1658/2191/2196 1642/2175/2196 1643/2176/2196
f 1647/2180/2197 1643/2176/2197 1656/2189/2197
f 1640/2173/2198 1641/2174/2198 1659/2192/2198
f 1602/2122/2199 1635/2168/2199 1639/2172/2199 1604/2126/2199
f 1660/2193/2200 1638/2171/2200 1639/2172/2200
f 1657/2190/2201 1641/2174/2201 1640/2173/2201
f 1636/2169/2202 1637/2170/2202 1661/2194/2202
f 1600/2118/2203 1631/2164/2203 1635/2168/2203 1602/2122/2203
f 1662/2195/2204 1634/2167/2204 1635/2168/2204
f 1643/2176/2205 1639/2172/2205 1658/2191/2205
f 1632/2165/2206 1633/2166/2206 1663/2196/2206
f 1598/2114/2207 1627/2160/2207 1631/2164/2207 1600/2118/2207
f 1664/2197/2208 1630/2163/2208 1631/2164/2208
f 1659/2192/2209 1637/2170/2209 1636/2169/2209
f 1628/2161/2210 1629/2162/2210 1665/2198/2210
f 1596/2110/2211 1623/2156/2211 1627/2160/2211 1598/2114/2211
f 1666/2199/2212 1626/2159/2212 1627/2160/2212
f 1639/2172/2213 1635/2168/2213 1660/2193/2213
f 1624/2157/2214 1625/2158/2214 1667/2200/2214
f 1594/2106/2215 1619/2152/2215 1623/2156/2215 1596/2110/2215
f 1668/2201/2216 1622/2155/2216 1623/2156/2216
f 1661/2194/2217 1633/2166/2217 1632/2165/2217
f 1620/2153/2218 1621/2154/2218 1669/2202/2218
f 1592/2101/2219 1612/2142/2219 1619/2152/2219 1594/2106/2219
f 1670/2203/2220 1618/2151/2220 1619/2152/2220
f 1635/2168/2221 1631/2164/2221 1662/2195/2221
f 1616/2149/2222 1617/2150/2222 1671/2204/2222
f 1614/2146/2223 1671/2204/2223 1670/2203/2223 1613/2144/2223
f 1668/2201/2224 1669/2202/2224 1621/2154/2224 1622/2155/2224
f 1632/2165/2225 1636/2169/2225 1661/2194/2225
f 1618/2151/2226 1617/2150/2226 1669/2202/2226 1668/2201/2226
f 1666/2199/2227 1667/2200/2227 1625/2158/2227 1626/2159/2227
f 1635/2168/2228 1634/2167/2228 1660/2193/2228
f 1622/2155/2229 1621/2154/2229 1667/2200/2229 1666/2199/2229
f 1664/2197/2230 1665/2198/2230 1629/2162/2230 1630/2163/2230
f 1636/2169/2231 1640/2173/2231 1659/2192/2231
f 1626/2159/2232 1625/2158/2232 1665/2198/2232 1664/2197/2232
f 1662/2195/2233 1663/2196/2233 1633/2166/2233 1634/2167/2233
f 1639/2172/2234 1638/2171/2234 1658/2191/2234
f 1630/2163/2235 1629/2162/2235 1663/2196/2235 1662/2195/2235
f 1660/2193/2236 1661/2194/2236 1637/2170/2236 1638/2171/2236
f 1640/2173/2237 1644/2177/2237 1657/2190/2237
f 1634/2167/2238 1633/2166/2238 1661/2194/2238 1660/2193/2238
f 1658/2191/2239 1659/2192/2239 1641/2174/2239 1642/2175/2239
f 1643/2176/2240 1642/2175/2240 1656/2189/2240
f 1638/2171/2241 1637/2170/2241 1659/2192/2241 1658/2191/2241
f 1656/2189/2242 1657/2190/2242 1645/2178/2242 1646/2179/2242
f 1644/2177/2243 1648/2181/2243 1655/2188/2243
f 1642/2175/2244 1641/2174/2244 1657/2190/2244 1656/2189/2244
f 1654/2187/2245 1655/2188/2245 1649/2182/2245 1650/2183/2245
f 1647/2180/2246 1646/2179/2246 1654/2187/2246
f 1646/2179/2247 1645/2178/2247 1655/2188/2247 1654/2187/2247
f 1652/2185/2248 1653/2186/2248 1614/2145/2248 1613/2143/2248
f 1648/2181/2249 1615/2148/2249 1653/2186/2249
f 1650/2183/2250 1649/2182/2250 1653/2186/2250 1652/2185/2250
f 1612/2141/2251 1651/2184/2251 1652/2185/2251
f 1651/2184/2252 1650/2183/2252 1652/2185/2252
f 1670/2203/2253 1671/2204/2253 1617/2150/2253 1618/2151/2253
f 1631/2164/2254 1630/2163/2254 1662/2195/2254
f 1663/2196/2255 1629/2162/2255 1628/2161/2255
f 1628/2161/2256 1632/2165/2256 1663/2196/2256
f 1631/2164/2257 1627/2160/2257 1664/2197/2257
f 1627/2160/2258 1626/2159/2258 1664/2197/2258
f 1665/2198/2259 1625/2158/2259 1624/2157/2259
f 1624/2157/2260 1628/2161/2260 1665/2198/2260
f 1627/2160/2261 1623/2156/2261 1666/2199/2261
f 1623/2156/2262 1622/2155/2262 1666/2199/2262
f 1667/2200/2263 1621/2154/2263 1620/2153/2263
f 1620/2153/2264 1624/2157/2264 1667/2200/2264
f 1623/2156/2265 1619/2152/2265 1668/2201/2265
f 1619/2152/2266 1618/2151/2266 1668/2201/2266
f 1669/2202/2267 1617/2150/2267 1616/2149/2267
f 1616/2149/2268 1620/2153/2268 1669/2202/2268
f 1619/2152/2269 1612/2142/2269 1670/2203/2269
f 1612/2142/2270 1613/2144/2270 1670/2203/2270
f 1671/2204/2271 1614/2146/2271 1615/2147/2271
f 1615/2147/2272 1616/2149/2272 1671/2204/2272
f 1593/2103/2273 1595/2108/2273 1616/2149/2273
f 1595/2108/2274 1597/2112/2274 1620/2153/2274
f 1597/2112/2275 1599/2116/2275 1624/2157/2275
f 1599/2116/2276 1601/2120/2276 1628/2161/2276
f 1601/2120/2277 1603/2124/2277 1632/2165/2277
f 1603/2124/2278 1605/2128/2278 1636/2169/2278
f 1605/2128/2279 1607/2132/2279 1640/2173/2279
f 1607/2132/2280 1609/2136/2280 1644/2177/2280
f 1609/2136/2281 1611/2140/2281 1648/2181/2281
f 1611/2140/2282 1593/2104/2282 1615/2148/2282
o Round_diamond_blue
v 0.249467 0.028240 10.669575
v 0.520782 2.028240 9.872021
v 0.271491 0.028240 10.676731
v 0.959780 2.028240 10.190971
v 0.285103 0.028240 10.695466
v 1.127463 2.028240 10.707045
v 0.285103 0.028240 10.718623
v 0.959780 2.028240 11.223118
v 0.271491 0.028240 10.737358
v 0.520782 2.028240 11.542068
v 0.249467 0.028240 10.744514
v -0.021849 2.028240 11.542068
v 0.227442 0.028240 10.737358
v -0.460847 2.028240 11.223118
v 0.213831 0.028240 10.718623
v -0.628529 2.028240 10.707045
v 0.213831 0.028240 10.695466
v -0.460847 2.028240 10.190971
v 0.227442 0.028240 10.676731
v -0.021849 2.028240 9.872021
v 0.249467 0.428240 10.191668
v 0.249467 0.827316 9.806357
v 0.249467 1.440110 9.114101
v 0.249467 1.508509 8.986060
v 1.261036 1.508509 9.314739
v 1.179752 1.440110 9.418326
v 0.778878 0.827316 9.978374
v 0.552398 0.428240 10.290096
v 1.886220 1.508509 10.175231
v 1.754700 1.440110 10.214798
v 1.106071 0.827316 10.428717
v 0.739619 0.428240 10.547785
v 1.886220 1.508509 11.238858
v 1.754700 1.440110 11.199291
v 1.106071 0.827316 10.985373
v 0.739619 0.428240 10.866304
v 1.261036 1.508509 12.099350
v 1.179752 1.440110 11.995763
v 0.778878 0.827316 11.435716
v 0.552398 0.428240 11.123993
v 0.249467 1.508509 12.428029
v 0.249467 1.440110 12.299988
v 0.249467 0.827316 11.607732
v 0.249467 0.428240 11.222422
v -0.762102 1.508509 12.099350
v -0.680818 1.440110 11.995763
v -0.279944 0.827316 11.435716
v -0.053464 0.428240 11.123993
v -1.387286 1.508509 11.238858
v -1.255766 1.440110 11.199291
v -0.607138 0.827316 10.985373
v -0.240686 0.428240 10.866304
v -1.387286 1.508509 10.175231
v -1.255766 1.440110 10.214798
v -0.607138 0.827316 10.428717
v -0.240686 0.428240 10.547785
v -0.762102 1.508509 9.314739
v -0.680818 1.440110 9.418326
v -0.279944 0.827316 9.978374
v -0.053464 0.428240 10.290096
v -0.039862 0.810559 9.816582
v -0.258945 1.469555 9.132184
v -0.508006 0.810559 10.156708
v -1.081571 1.469555 9.733727
v -0.686822 0.810559 10.707045
v -1.395787 1.469555 10.707045
v -0.508006 0.810559 11.257381
v -1.081571 1.469555 11.680362
v -0.039862 0.810559 11.597507
v -0.258945 1.469555 12.281905
v 0.538796 0.810559 11.597507
v 0.757878 1.469555 12.281905
v 1.006940 0.810559 11.257381
v 1.580505 1.469555 11.680362
v 1.185755 0.810559 10.707045
v 1.894720 1.469555 10.707045
v 1.006940 0.810559 10.156708
v 1.580505 1.469555 9.733727
v 0.538796 0.810559 9.816582
v 0.757878 1.469555 9.132184
vn 0.1746 0.8250 -0.5375
vn 0.4572 0.8250 -0.3322
vn 0.5651 0.8250 -0.0000
vn 0.4572 0.8250 0.3322
vn 0.1746 0.8250 0.5375
vn -0.1746 0.8250 0.5375
vn -0.4572 0.8250 0.3322
vn -0.5651 0.8250 -0.0000
vn -0.0000 1.0000 -0.0000
vn -0.4572 0.8250 -0.3322
vn -0.1746 0.8250 -0.5375
vn -0.0000 -1.0000 -0.0000
vn -0.2042 -0.7507 -0.6283
vn 0.0148 -0.6945 -0.7193
vn -0.2182 -0.8843 -0.4127
vn -0.0677 -0.8800 -0.4701
vn -0.5345 -0.7507 -0.3883
vn -0.4108 -0.6945 -0.5906
vn -0.5264 -0.7593 -0.3825
vn -0.3250 -0.8862 -0.3302
vn -0.6607 -0.7507 -0.0000
vn -0.6795 -0.6945 -0.2364
vn -0.4038 -0.8925 -0.2008
vn -0.4429 -0.8936 -0.0725
vn -0.5345 -0.7507 0.3883
vn -0.6887 -0.6945 0.2082
vn -0.6507 -0.7593 -0.0000
vn -0.4038 -0.8925 0.2008
vn -0.2042 -0.7507 0.6283
vn -0.4348 -0.6945 0.5732
vn -0.4429 -0.8936 0.0725
vn -0.2182 -0.8843 0.4127
vn 0.2042 -0.7507 0.6283
vn -0.0148 -0.6945 0.7193
vn -0.5264 -0.7593 0.3825
vn 0.0677 -0.8800 0.4701
vn 0.5345 -0.7507 0.3883
vn 0.4108 -0.6945 0.5906
vn -0.3250 -0.8862 0.3302
vn 0.3250 -0.8862 0.3302
vn 0.6607 -0.7507 -0.0000
vn 0.6795 -0.6945 0.2364
vn -0.2011 -0.7593 0.6189
vn 0.4429 -0.8936 0.0725
vn 0.5345 -0.7507 -0.3883
vn 0.6887 -0.6945 -0.2082
vn -0.0677 -0.8800 0.4701
vn 0.4038 -0.8925 -0.2008
vn 0.2042 -0.7507 -0.6283
vn 0.4348 -0.6945 -0.5732
vn 0.2011 -0.7593 0.6189
vn 0.2182 -0.8843 -0.4127
vn 0.0357 -0.7369 -0.6751
vn 0.6357 -0.7327 -0.2431
vn -0.2801 0.4221 0.8622
vn 0.4280 -0.7347 -0.5263
vn 0.6582 -0.7321 0.1756
vn 0.0148 -0.6945 0.7193
vn 0.6582 -0.7321 -0.1756
vn 0.4280 -0.7347 0.5263
vn -0.7721 0.2984 0.5610
vn 0.6357 -0.7327 0.2431
vn 0.0357 -0.7369 0.6751
vn -0.4108 -0.6945 0.5906
vn 0.3699 -0.7356 0.5675
vn -0.3699 -0.7356 0.5675
vn -0.9770 0.2132 -0.0000
vn -0.0357 -0.7369 0.6751
vn -0.6357 -0.7327 0.2431
vn -0.6795 -0.6945 0.2364
vn -0.4280 -0.7347 0.5263
vn -0.6582 -0.7321 -0.1756
vn -0.7721 0.2984 -0.5610
vn -0.6582 -0.7321 0.1756
vn -0.4280 -0.7347 -0.5263
vn -0.6887 -0.6945 -0.2082
vn -0.6357 -0.7327 -0.2431
vn -0.0357 -0.7369 -0.6751
vn -0.2801 0.4221 -0.8622
vn -0.3699 -0.7356 -0.5675
vn -0.2011 -0.7593 -0.6189
vn -0.4348 -0.6945 -0.5732
vn 0.3699 -0.7356 -0.5675
vn 0.4348 -0.6945 0.5732
vn 0.2182 -0.8843 0.4127
vn 0.2801 0.4221 0.8622
vn 0.5264 -0.7593 0.3825
vn 0.6887 -0.6945 0.2082
vn 0.4038 -0.8925 0.2008
vn 0.7721 0.2984 0.5610
vn 0.6507 -0.7593 -0.0000
vn 0.6795 -0.6945 -0.2364
vn 0.4429 -0.8936 -0.0725
vn 0.9770 0.2132 -0.0000
vn 0.5264 -0.7593 -0.3825
vn 0.4108 -0.6945 -0.5906
vn 0.3250 -0.8862 -0.3302
vn 0.7721 0.2984 -0.5610
vn 0.2011 -0.7593 -0.6189
vn -0.0148 -0.6945 -0.7193
vn 0.0677 -0.8800 -0.4701
vn 0.2801 0.4221 -0.8622
vn 0.2974 0.8625 -0.4094
vn 0.4812 0.8625 -0.1564
vn 0.4812 0.8625 0.1564
vn 0.2974 0.8625 0.4094
vn -0.0000 0.8625 0.5060
vn -0.2974 0.8625 0.4094
vn -0.4812 0.8625 0.1564
vn -0.4812 0.8625 -0.1564
vn -0.2974 0.8625 -0.4094
vn -0.0000 0.8625 -0.5060
vt 0.750000 0.490000
vt -0.000000 0.500000
vt 1.000000 0.500000
vt 0.250000 0.490000
vt 1.000000 1.000000
vt -0.000000 1.000000
vt 0.891068 0.444164
vt 0.900000 0.500000
vt 0.391068 0.444164
vt 0.900000 1.000000
vt 0.978254 0.324164
vt 0.800000 0.500000
vt 0.478254 0.324164
vt 0.800000 1.000000
vt 0.978254 0.175836
vt 0.700000 0.500000
vt 0.478254 0.175836
vt 0.700000 1.000000
vt 0.891068 0.055836
vt 0.600000 0.500000
vt 0.391068 0.055836
vt 0.600000 1.000000
vt 0.750000 0.010000
vt 0.500000 0.500000
vt 0.250000 0.010000
vt 0.500000 1.000000
vt 0.608932 0.055836
vt 0.400000 0.500000
vt 0.108932 0.055836
vt 0.400000 1.000000
vt 0.521746 0.175836
vt 0.300000 0.500000
vt 0.021746 0.175836
vt 0.300000 1.000000
vt 0.521746 0.324164
vt 0.200000 0.500000
vt 0.021746 0.324164
vt 0.200000 1.000000
vt 0.608932 0.444164
vt 0.100000 0.500000
vt 0.108932 0.444164
vt 0.100000 1.000000
vt -0.000000 0.600000
vt 1.000000 0.600000
vt -0.000000 0.700000
vt 1.000000 0.700000
vt -0.000000 0.800000
vt 1.000000 0.800000
vt 1.000000 0.900000
vt -0.000000 0.900000
vt 0.900000 0.900000
vt 0.900000 0.800000
vt 0.900000 0.700000
vt 0.900000 0.600000
vt 0.800000 0.900000
vt 0.800000 0.800000
vt 0.800000 0.700000
vt 0.800000 0.600000
vt 0.700000 0.900000
vt 0.700000 0.800000
vt 0.700000 0.700000
vt 0.700000 0.600000
vt 0.600000 0.900000
vt 0.600000 0.800000
vt 0.600000 0.700000
vt 0.600000 0.600000
vt 0.500000 0.900000
vt 0.500000 0.800000
vt 0.500000 0.700000
vt 0.500000 0.600000
vt 0.400000 0.900000
vt 0.400000 0.800000
vt 0.400000 0.700000
vt 0.400000 0.600000
vt 0.300000 0.900000
vt 0.300000 0.800000
vt 0.300000 0.700000
vt 0.300000 0.600000
vt 0.200000 0.900000
vt 0.200000 0.800000
vt 0.200000 0.700000
vt 0.200000 0.600000
vt 0.100000 0.900000
vt 0.100000 0.800000
vt 0.100000 0.700000
vt 0.100000 0.600000
vt 0.050000 0.700000
vt 0.050000 0.800000
vt 0.150000 0.700000
vt 0.150000 0.800000
vt 0.250000 0.700000
vt 0.250000 0.800000
vt 0.350000 0.700000
vt 0.350000 0.800000
vt 0.450000 0.700000
vt 0.450000 0.800000
vt 0.550000 0.700000
vt 0.550000 0.800000
vt 0.650000 0.700000
vt 0.650000 0.800000
vt 0.750000 0.700000
vt 0.750000 0.800000
vt 0.850000 0.700000
vt 0.850000 0.800000
vt 0.950000 0.700000
vt 0.950000 0.800000
s 0
usemtl Diamond_Blue
f 1673/2209/2283 1696/2255/2283 1695/2253/2283
f 1675/2214/2284 1700/2259/2284 1696/2255/2284
f 1677/2218/2285 1704/2263/2285 1700/2259/2285
f 1679/2222/2286 1708/2267/2286 1704/2263/2286
f 1681/2226/2287 1712/2271/2287 1708/2267/2287
f 1683/2230/2288 1716/2275/2288 1712/2271/2288
f 1685/2234/2289 1720/2279/2289 1716/2275/2289
f 1687/2238/2290 1724/2283/2290 1720/2279/2290
f 1675/2213/2291 1673/2208/2291 1691/2245/2291 1689/2241/2291 1687/2237/2291 1685/2233/2291 1683/2229/2291 1681/2225/2291 1679/2221/2291 1677/2217/2291
f 1689/2242/2292 1728/2287/2292 1724/2283/2292
f 1691/2246/2293 1695/2254/2293 1728/2287/2293
f 1672/2205/2294 1674/2211/2294 1676/2215/2294 1678/2219/2294 1680/2223/2294 1682/2227/2294 1684/2231/2294 1686/2235/2294 1688/2239/2294 1690/2243/2294
f 1690/2244/2295 1731/2290/2295 1692/2247/2295 1672/2206/2295
f 1732/2291/2296 1693/2249/2296 1692/2247/2296
f 1733/2292/2297 1729/2288/2297 1728/2287/2297
f 1695/2254/2298 1694/2251/2298 1733/2292/2298
f 1688/2240/2299 1727/2286/2299 1731/2290/2299 1690/2244/2299
f 1734/2293/2300 1730/2289/2300 1731/2290/2300
f 1731/2290/2301 1727/2286/2301 1734/2293/2301
f 1728/2287/2302 1729/2288/2302 1735/2294/2302
f 1686/2236/2303 1723/2282/2303 1727/2286/2303 1688/2240/2303
f 1736/2295/2304 1726/2285/2304 1727/2286/2304
f 1735/2294/2305 1725/2284/2305 1724/2283/2305
f 1724/2283/2306 1725/2284/2306 1737/2296/2306
f 1684/2232/2307 1719/2278/2307 1723/2282/2307 1686/2236/2307
f 1738/2297/2308 1722/2281/2308 1723/2282/2308
f 1727/2286/2309 1723/2282/2309 1736/2295/2309
f 1720/2279/2310 1721/2280/2310 1739/2298/2310
f 1682/2228/2311 1715/2274/2311 1719/2278/2311 1684/2232/2311
f 1740/2299/2312 1718/2277/2312 1719/2278/2312
f 1737/2296/2313 1721/2280/2313 1720/2279/2313
f 1716/2275/2314 1717/2276/2314 1741/2300/2314
f 1680/2224/2315 1711/2270/2315 1715/2274/2315 1682/2228/2315
f 1742/2301/2316 1714/2273/2316 1715/2274/2316
f 1723/2282/2317 1719/2278/2317 1738/2297/2317
f 1712/2271/2318 1713/2272/2318 1743/2302/2318
f 1678/2220/2319 1707/2266/2319 1711/2270/2319 1680/2224/2319
f 1744/2303/2320 1710/2269/2320 1711/2270/2320
f 1739/2298/2321 1717/2276/2321 1716/2275/2321
f 1708/2267/2322 1709/2268/2322 1745/2304/2322
f 1676/2216/2323 1703/2262/2323 1707/2266/2323 1678/2220/2323
f 1746/2305/2324 1706/2265/2324 1707/2266/2324
f 1719/2278/2325 1715/2274/2325 1740/2299/2325
f 1704/2263/2326 1705/2264/2326 1747/2306/2326
f 1674/2212/2327 1699/2258/2327 1703/2262/2327 1676/2216/2327
f 1748/2307/2328 1702/2261/2328 1703/2262/2328
f 1741/2300/2329 1713/2272/2329 1712/2271/2329
f 1700/2259/2330 1701/2260/2330 1749/2308/2330
f 1672/2207/2331 1692/2248/2331 1699/2258/2331 1674/2212/2331
f 1750/2309/2332 1698/2257/2332 1699/2258/2332
f 1715/2274/2333 1711/2270/2333 1742/2301/2333
f 1696/2255/2334 1697/2256/2334 1751/2310/2334
f 1694/2252/2335 1751/2310/2335 1750/2309/2335 1693/2250/2335
f 1748/2307/2336 1749/2308/2336 1701/2260/2336 1702/2261/2336
f 1712/2271/2337 1716/2275/2337 1741/2300/2337
f 1698/2257/2338 1697/2256/2338 1749/2308/2338 1748/2307/2338
f 1746/2305/2339 1747/2306/2339 1705/2264/2339 1706/2265/2339
f 1715/2274/2340 1714/2273/2340 1740/2299/2340
f 1702/2261/2341 1701/2260/2341 1747/2306/2341 1746/2305/2341
f 1744/2303/2342 1745/2304/2342 1709/2268/2342 1710/2269/2342
f 1716/2275/2343 1720/2279/2343 1739/2298/2343
f 1706/2265/2344 1705/2264/2344 1745/2304/2344 1744/2303/2344
f 1742/2301/2345 1743/2302/2345 1713/2272/2345 1714/2273/2345
f 1719/2278/2346 1718/2277/2346 1738/2297/2346
f 1710/2269/2347 1709/2268/2347 1743/2302/2347 1742/2301/2347
f 1740/2299/2348 1741/2300/2348 1717/2276/2348 1718/2277/2348
f 1720/2279/2349 1724/2283/2349 1737/2296/2349
f 1714/2273/2350 1713/2272/2350 1741/2300/2350 1740/2299/2350
f 1738/2297/2351 1739/2298/2351 1721/2280/2351 1722/2281/2351
f 1723/2282/2352 1722/2281/2352 1736/2295/2352
f 1718/2277/2353 1717/2276/2353 1739/2298/2353 1738/2297/2353
f 1736/2295/2354 1737/2296/2354 1725/2284/2354 1726/2285/2354
f 1724/2283/2355 1728/2287/2355 1735/2294/2355
f 1722/2281/2356 1721/2280/2356 1737/2296/2356 1736/2295/2356
f 1734/2293/2357 1735/2294/2357 1729/2288/2357 1730/2289/2357
f 1727/2286/2358 1726/2285/2358 1734/2293/2358
f 1726/2285/2359 1725/2284/2359 1735/2294/2359 1734/2293/2359
f 1732/2291/2360 1733/2292/2360 1694/2251/2360 1693/2249/2360
f 1728/2287/2361 1695/2254/2361 1733/2292/2361
f 1730/2289/2362 1729/2288/2362 1733/2292/2362 1732/2291/2362
f 1692/2247/2363 1731/2290/2363 1732/2291/2363
f 1731/2290/2364 1730/2289/2364 1732/2291/2364
f 1750/2309/2365 1751/2310/2365 1697/2256/2365 1698/2257/2365
f 1711/2270/2366 1710/2269/2366 1742/2301/2366
f 1743/2302/2367 1709/2268/2367 1708/2267/2367
f 1708/2267/2368 1712/2271/2368 1743/2302/2368
f 1711/2270/2369 1707/2266/2369 1744/2303/2369
f 1707/2266/2370 1706/2265/2370 1744/2303/2370
f 1745/2304/2371 1705/2264/2371 1704/2263/2371
f 1704/2263/2372 1708/2267/2372 1745/2304/2372
f 1707/2266/2373 1703/2262/2373 1746/2305/2373
f 1703/2262/2374 1702/2261/2374 1746/2305/2374
f 1747/2306/2375 1701/2260/2375 1700/2259/2375
f 1700/2259/2376 1704/2263/2376 1747/2306/2376
f 1703/2262/2377 1699/2258/2377 1748/2307/2377
f 1699/2258/2378 1698/2257/2378 1748/2307/2378
f 1749/2308/2379 1697/2256/2379 1696/2255/2379
f 1696/2255/2380 1700/2259/2380 1749/2308/2380
f 1699/2258/2381 1692/2248/2381 1750/2309/2381
f 1692/2248/2382 1693/2250/2382 1750/2309/2382
f 1751/2310/2383 1694/2252/2383 1695/2253/2383
f 1695/2253/2384 1696/2255/2384 1751/2310/2384
f 1673/2209/2385 1675/2214/2385 1696/2255/2385
f 1675/2214/2386 1677/2218/2386 1700/2259/2386
f 1677/2218/2387 1679/2222/2387 1704/2263/2387
f 1679/2222/2388 1681/2226/2388 1708/2267/2388
f 1681/2226/2389 1683/2230/2389 1712/2271/2389
f 1683/2230/2390 1685/2234/2390 1716/2275/2390
f 1685/2234/2391 1687/2238/2391 1720/2279/2391
f 1687/2238/2392 1689/2242/2392 1724/2283/2392
f 1689/2242/2393 1691/2246/2393 1728/2287/2393
f 1691/2246/2394 1673/2210/2394 1695/2254/2394
o Marquise_diamond_blue
v 7.357867 0.015185 10.633741
v 7.583871 1.447782 9.460222
v 7.370517 0.015185 10.640898
v 7.949554 1.447782 9.922779
v 7.378335 0.015185 10.659633
v 8.089232 1.447782 10.671211
v 7.378335 0.015185 10.682791
v 7.949554 1.447782 11.419643
v 7.370517 0.015185 10.701525
v 7.583871 1.447782 11.882200
v 7.357867 0.015185 10.708681
v 7.131862 1.447782 11.882200
v 7.345216 0.015185 10.701525
v 6.766179 1.447782 11.419643
v 7.337398 0.015185 10.682791
v 6.626501 1.447782 10.671211
v 7.337398 0.015185 10.659633
v 6.766179 1.447782 9.922779
v 7.345216 0.015185 10.640898
v 7.131862 1.447782 9.460222
v 7.357867 0.415185 9.926107
v 7.357867 0.776790 9.360479
v 7.357867 0.973132 8.894020
v 7.357867 1.084679 8.661883
v 7.954722 1.084679 9.240974
v 7.906763 0.973132 9.347383
v 7.800386 0.776790 9.610807
v 7.609423 0.415185 10.068410
v 8.323600 1.084679 10.124909
v 8.245999 0.973132 10.165554
v 8.073879 0.776790 10.266173
v 7.764894 0.415185 10.440962
v 8.323600 1.084679 11.217513
v 8.245999 0.973132 11.176868
v 8.073879 0.776790 11.076250
v 7.764894 0.415185 10.901461
v 7.954722 1.084679 12.101448
v 7.906763 0.973132 11.995039
v 7.800386 0.776790 11.731615
v 7.609423 0.415185 11.274013
v 7.357867 1.084679 12.635266
v 7.357867 0.973132 12.403130
v 7.357867 0.776790 11.981943
v 7.357867 0.415185 11.416314
v 6.761011 1.084679 12.101448
v 6.808971 0.973132 11.995039
v 6.915347 0.776790 11.731615
v 7.106310 0.415185 11.274013
v 6.392133 1.084679 11.217513
v 6.469734 0.973132 11.176868
v 6.641854 0.776790 11.076250
v 6.950840 0.415185 10.901461
v 6.392133 1.084679 10.124909
v 6.469734 0.973132 10.165554
v 6.641854 0.776790 10.266173
v 6.950840 0.415185 10.440962
v 6.761011 1.084679 9.240974
v 6.808971 0.973132 9.347383
v 6.915347 0.776790 9.610807
v 7.106310 0.415185 10.068410
v 7.116024 0.752404 9.375359
v 7.057889 1.003379 8.912596
v 6.724716 0.752404 9.870331
v 6.572515 1.003379 9.671377
v 6.575249 0.752404 10.671211
v 6.387117 1.003379 10.671211
v 6.724716 0.752404 11.472092
v 6.572515 1.003379 11.671045
v 7.116024 0.752404 11.967064
v 7.057889 1.003379 12.384555
v 7.599709 0.752404 11.967064
v 7.657845 1.003379 12.384555
v 7.991017 0.752404 11.472092
v 8.143219 1.003379 11.671045
v 8.140485 0.752404 10.671211
v 8.328615 1.003379 10.671211
v 7.991017 0.752404 9.870331
v 8.143219 1.003379 9.671377
v 7.599709 0.752404 9.375359
v 7.657845 1.003379 8.912596
vn 0.4582 0.7531 -0.4722
vn 0.7432 0.5929 -0.3101
vn 0.8402 0.5423 -0.0000
vn 0.7432 0.5929 0.3101
vn 0.4416 0.7491 0.4937
vn -0.4416 0.7491 0.4937
vn -0.7432 0.5929 0.3101
vn -0.8402 0.5423 -0.0000
vn -0.0000 1.0000 -0.0000
vn -0.7432 0.5929 -0.3101
vn -0.4582 0.7531 -0.4722
vn -0.0000 -1.0000 -0.0000
vn -0.2682 -0.8387 -0.4741
vn 0.0517 -0.8414 -0.5379
vn -0.6313 -0.6600 -0.4073
vn -0.1169 -0.8952 -0.4301
vn -0.6200 -0.7407 -0.2588
vn -0.4699 -0.7774 -0.4182
vn -0.5708 -0.7858 -0.2382
vn -0.6362 -0.6579 -0.4029
vn -0.7191 -0.6949 -0.0000
vn -0.7116 -0.6845 -0.1582
vn -0.7696 -0.6073 -0.1972
vn -0.8005 -0.5917 -0.0954
vn -0.6200 -0.7407 0.2588
vn -0.7285 -0.6760 0.1108
vn -0.6681 -0.7441 -0.0000
vn -0.7696 -0.6073 0.1972
vn -0.2682 -0.8387 0.4741
vn -0.5334 -0.7577 0.3761
vn -0.8005 -0.5917 0.0954
vn -0.5989 -0.6724 0.4349
vn 0.2682 -0.8387 0.4741
vn -0.0517 -0.8414 0.5379
vn -0.5708 -0.7858 0.2382
vn 0.1169 -0.8952 0.4301
vn 0.6200 -0.7407 0.2588
vn 0.4699 -0.7774 0.4182
vn -0.6362 -0.6579 0.4029
vn 0.6362 -0.6579 0.4029
vn 0.7191 -0.6949 -0.0000
vn 0.7116 -0.6845 0.1582
vn -0.2417 -0.8712 0.4273
vn 0.8005 -0.5917 0.0954
vn 0.6200 -0.7407 -0.2588
vn 0.7285 -0.6760 -0.1108
vn -0.1169 -0.8952 0.4301
vn 0.7696 -0.6073 -0.1972
vn 0.2682 -0.8387 -0.4741
vn 0.5334 -0.7577 -0.3761
vn 0.2417 -0.8712 0.4273
vn 0.6313 -0.6600 -0.4073
vn 0.0364 -0.9013 -0.4316
vn 0.7453 -0.6473 -0.1597
vn -0.6582 0.1592 0.7359
vn 0.5537 -0.7314 -0.3979
vn 0.7598 -0.6390 0.1204
vn 0.0517 -0.8414 0.5379
vn 0.7598 -0.6390 -0.1204
vn 0.5537 -0.7314 0.3979
vn -0.9182 0.1003 0.3832
vn 0.7453 -0.6473 0.1597
vn 0.0385 -0.8828 0.4682
vn -0.4699 -0.7774 0.4182
vn 0.5171 -0.7674 0.3792
vn -0.5171 -0.7674 0.3792
vn -0.9981 0.0616 -0.0000
vn -0.0385 -0.8828 0.4682
vn -0.7453 -0.6473 0.1597
vn -0.7116 -0.6845 0.1582
vn -0.5537 -0.7314 0.3979
vn -0.7598 -0.6390 -0.1204
vn -0.9182 0.1003 -0.3832
vn -0.7598 -0.6390 0.1204
vn -0.5537 -0.7314 -0.3979
vn -0.7285 -0.6760 -0.1108
vn -0.7453 -0.6473 -0.1597
vn -0.0364 -0.9013 -0.4316
vn -0.6560 0.3355 -0.6761
vn -0.5233 -0.7734 -0.3578
vn -0.2417 -0.8712 -0.4273
vn -0.5334 -0.7577 -0.3761
vn 0.5233 -0.7734 -0.3578
vn 0.5334 -0.7577 0.3761
vn 0.5989 -0.6724 0.4349
vn 0.6582 0.1591 0.7359
vn 0.5708 -0.7858 0.2382
vn 0.7285 -0.6760 0.1108
vn 0.7696 -0.6073 0.1972
vn 0.9182 0.1003 0.3832
vn 0.6681 -0.7441 -0.0000
vn 0.7116 -0.6845 -0.1582
vn 0.8005 -0.5917 -0.0954
vn 0.9981 0.0616 -0.0000
vn 0.5708 -0.7858 -0.2382
vn 0.4699 -0.7774 -0.4182
vn 0.6362 -0.6579 -0.4029
vn 0.9182 0.1003 -0.3832
vn 0.2417 -0.8712 -0.4273
vn -0.0517 -0.8414 -0.5379
vn 0.1169 -0.8952 -0.4301
vn 0.6560 0.3355 -0.6761
vn 0.5083 0.7617 -0.4018
vn 0.7269 0.6733 -0.1357
vn 0.7269 0.6733 0.1357
vn 0.5083 0.7617 0.4018
vn -0.0000 0.9008 0.4343
vn -0.5083 0.7617 0.4018
vn -0.7269 0.6733 0.1357
vn -0.7269 0.6733 -0.1357
vn -0.5083 0.7617 -0.4018
vn -0.0000 0.9103 -0.4140
vt 0.750000 0.490000
vt -0.000000 0.500000
vt 1.000000 0.500000
vt 0.250000 0.490000
vt 1.000000 1.000000
vt -0.000000 1.000000
vt 0.891068 0.444164
vt 0.900000 0.500000
vt 0.391068 0.444164
vt 0.900000 1.000000
vt 0.978254 0.324164
vt 0.800000 0.500000
vt 0.478254 0.324164
vt 0.800000 1.000000
vt 0.978254 0.175836
vt 0.700000 0.500000
vt 0.478254 0.175836
vt 0.700000 1.000000
vt 0.891068 0.055836
vt 0.600000 0.500000
vt 0.391068 0.055836
vt 0.600000 1.000000
vt 0.750000 0.010000
vt 0.500000 0.500000
vt 0.250000 0.010000
vt 0.500000 1.000000
vt 0.608932 0.055836
vt 0.400000 0.500000
vt 0.108932 0.055836
vt 0.400000 1.000000
vt 0.521746 0.175836
vt 0.300000 0.500000
vt 0.021746 0.175836
vt 0.300000 1.000000
vt 0.521746 0.324164
vt 0.200000 0.500000
vt 0.021746 0.324164
vt 0.200000 1.000000
vt 0.608932 0.444164
vt 0.100000 0.500000
vt 0.108932 0.444164
vt 0.100000 1.000000
vt -0.000000 0.600000
vt 1.000000 0.600000
vt -0.000000 0.700000
vt 1.000000 0.700000
vt -0.000000 0.800000
vt 1.000000 0.800000
vt 1.000000 0.900000
vt -0.000000 0.900000
vt 0.900000 0.900000
vt 0.900000 0.800000
vt 0.900000 0.700000
vt 0.900000 0.600000
vt 0.800000 0.900000
vt 0.800000 0.800000
vt 0.800000 0.700000
vt 0.800000 0.600000
vt 0.700000 0.900000
vt 0.700000 0.800000
vt 0.700000 0.700000
vt 0.700000 0.600000
vt 0.600000 0.900000
vt 0.600000 0.800000
vt 0.600000 0.700000
vt 0.600000 0.600000
vt 0.500000 0.900000
vt 0.500000 0.800000
vt 0.500000 0.700000
vt 0.500000 0.600000
vt 0.400000 0.900000
vt 0.400000 0.800000
vt 0.400000 0.700000
vt 0.400000 0.600000
vt 0.300000 0.900000
vt 0.300000 0.800000
vt 0.300000 0.700000
vt 0.300000 0.600000
vt 0.200000 0.900000
vt 0.200000 0.800000
vt 0.200000 0.700000
vt 0.200000 0.600000
vt 0.100000 0.900000
vt 0.100000 0.800000
vt 0.100000 0.700000
vt 0.100000 0.600000
vt 0.050000 0.700000
vt 0.050000 0.800000
vt 0.150000 0.700000
vt 0.150000 0.800000
vt 0.250000 0.700000
vt 0.250000 0.800000
vt 0.350000 0.700000
vt 0.350000 0.800000
vt 0.450000 0.700000
vt 0.450000 0.800000
vt 0.550000 0.700000
vt 0.550000 0.800000
vt 0.650000 0.700000
vt 0.650000 0.800000
vt 0.750000 0.700000
vt 0.750000 0.800000
vt 0.850000 0.700000
vt 0.850000 0.800000
vt 0.950000 0.700000
vt 0.950000 0.800000
s 0
usemtl Diamond_Blue
f 1753/2315/2395 1776/2361/2395 1775/2359/2395
f 1755/2320/2396 1780/2365/2396 1776/2361/2396
f 1757/2324/2397 1784/2369/2397 1780/2365/2397
f 1759/2328/2398 1788/2373/2398 1784/2369/2398
f 1761/2332/2399 1792/2377/2399 1788/2373/2399
f 1763/2336/2400 1796/2381/2400 1792/2377/2400
f 1765/2340/2401 1800/2385/2401 1796/2381/2401
f 1767/2344/2402 1804/2389/2402 1800/2385/2402
f 1755/2319/2403 1753/2314/2403 1771/2351/2403 1769/2347/2403 1767/2343/2403 1765/2339/2403 1763/2335/2403 1761/2331/2403 1759/2327/2403 1757/2323/2403
f 1769/2348/2404 1808/2393/2404 1804/2389/2404
f 1771/2352/2405 1775/2360/2405 1808/2393/2405
f 1752/2311/2406 1754/2317/2406 1756/2321/2406 1758/2325/2406 1760/2329/2406 1762/2333/2406 1764/2337/2406 1766/2341/2406 1768/2345/2406 1770/2349/2406
f 1770/2350/2407 1811/2396/2407 1772/2353/2407 1752/2312/2407
f 1812/2397/2408 1773/2355/2408 1772/2353/2408
f 1813/2398/2409 1809/2394/2409 1808/2393/2409
f 1775/2360/2410 1774/2357/2410 1813/2398/2410
f 1768/2346/2411 1807/2392/2411 1811/2396/2411 1770/2350/2411
f 1814/2399/2412 1810/2395/2412 1811/2396/2412
f 1811/2396/2413 1807/2392/2413 1814/2399/2413
f 1808/2393/2414 1809/2394/2414 1815/2400/2414
f 1766/2342/2415 1803/2388/2415 1807/2392/2415 1768/2346/2415
f 1816/2401/2416 1806/2391/2416 1807/2392/2416
f 1815/2400/2417 1805/2390/2417 1804/2389/2417
f 1804/2389/2418 1805/2390/2418 1817/2402/2418
f 1764/2338/2419 1799/2384/2419 1803/2388/2419 1766/2342/2419
f 1818/2403/2420 1802/2387/2420 1803/2388/2420
f 1807/2392/2421 1803/2388/2421 1816/2401/2421
f 1800/2385/2422 1801/2386/2422 1819/2404/2422
f 1762/2334/2423 1795/2380/2423 1799/2384/2423 1764/2338/2423
f 1820/2405/2424 1798/2383/2424 1799/2384/2424
f 1817/2402/2425 1801/2386/2425 1800/2385/2425
f 1796/2381/2426 1797/2382/2426 1821/2406/2426
f 1760/2330/2427 1791/2376/2427 1795/2380/2427 1762/2334/2427
f 1822/2407/2428 1794/2379/2428 1795/2380/2428
f 1803/2388/2429 1799/2384/2429 1818/2403/2429
f 1792/2377/2430 1793/2378/2430 1823/2408/2430
f 1758/2326/2431 1787/2372/2431 1791/2376/2431 1760/2330/2431
f 1824/2409/2432 1790/2375/2432 1791/2376/2432
f 1819/2404/2433 1797/2382/2433 1796/2381/2433
f 1788/2373/2434 1789/2374/2434 1825/2410/2434
f 1756/2322/2435 1783/2368/2435 1787/2372/2435 1758/2326/2435
f 1826/2411/2436 1786/2371/2436 1787/2372/2436
f 1799/2384/2437 1795/2380/2437 1820/2405/2437
f 1784/2369/2438 1785/2370/2438 1827/2412/2438
f 1754/2318/2439 1779/2364/2439 1783/2368/2439 1756/2322/2439
f 1828/2413/2440 1782/2367/2440 1783/2368/2440
f 1821/2406/2441 1793/2378/2441 1792/2377/2441
f 1780/2365/2442 1781/2366/2442 1829/2414/2442
f 1752/2313/2443 1772/2354/2443 1779/2364/2443 1754/2318/2443
f 1830/2415/2444 1778/2363/2444 1779/2364/2444
f 1795/2380/2445 1791/2376/2445 1822/2407/2445
f 1776/2361/2446 1777/2362/2446 1831/2416/2446
f 1774/2358/2447 1831/2416/2447 1830/2415/2447 1773/2356/2447
f 1828/2413/2448 1829/2414/2448 1781/2366/2448 1782/2367/2448
f 1792/2377/2449 1796/2381/2449 1821/2406/2449
f 1778/2363/2450 1777/2362/2450 1829/2414/2450 1828/2413/2450
f 1826/2411/2451 1827/2412/2451 1785/2370/2451 1786/2371/2451
f 1795/2380/2452 1794/2379/2452 1820/2405/2452
f 1782/2367/2453 1781/2366/2453 1827/2412/2453 1826/2411/2453
f 1824/2409/2454 1825/2410/2454 1789/2374/2454 1790/2375/2454
f 1796/2381/2455 1800/2385/2455 1819/2404/2455
f 1786/2371/2456 1785/2370/2456 1825/2410/2456 1824/2409/2456
f 1822/2407/2457 1823/2408/2457 1793/2378/2457 1794/2379/2457
f 1799/2384/2458 1798/2383/2458 1818/2403/2458
f 1790/2375/2459 1789/2374/2459 1823/2408/2459 1822/2407/2459
f 1820/2405/2460 1821/2406/2460 1797/2382/2460 1798/2383/2460
f 1800/2385/2461 1804/2389/2461 1817/2402/2461
f 1794/2379/2462 1793/2378/2462 1821/2406/2462 1820/2405/2462
f 1818/2403/2463 1819/2404/2463 1801/2386/2463 1802/2387/2463
f 1803/2388/2464 1802/2387/2464 1816/2401/2464
f 1798/2383/2465 1797/2382/2465 1819/2404/2465 1818/2403/2465
f 1816/2401/2466 1817/2402/2466 1805/2390/2466 1806/2391/2466
f 1804/2389/2467 1808/2393/2467 1815/2400/2467
f 1802/2387/2468 1801/2386/2468 1817/2402/2468 1816/2401/2468
f 1814/2399/2469 1815/2400/2469 1809/2394/2469 1810/2395/2469
f 1807/2392/2470 1806/2391/2470 1814/2399/2470
f 1806/2391/2471 1805/2390/2471 1815/2400/2471 1814/2399/2471
f 1812/2397/2472 1813/2398/2472 1774/2357/2472 1773/2355/2472
f 1808/2393/2473 1775/2360/2473 1813/2398/2473
f 1810/2395/2474 1809/2394/2474 1813/2398/2474 1812/2397/2474
f 1772/2353/2475 1811/2396/2475 1812/2397/2475
f 1811/2396/2476 1810/2395/2476 1812/2397/2476
f 1830/2415/2477 1831/2416/2477 1777/2362/2477 1778/2363/2477
f 1791/2376/2478 1790/2375/2478 1822/2407/2478
f 1823/2408/2479 1789/2374/2479 1788/2373/2479
f 1788/2373/2480 1792/2377/2480 1823/2408/2480
f 1791/2376/2481 1787/2372/2481 1824/2409/2481
f 1787/2372/2482 1786/2371/2482 1824/2409/2482
f 1825/2410/2483 1785/2370/2483 1784/2369/2483
f 1784/2369/2484 1788/2373/2484 1825/2410/2484
f 1787/2372/2485 1783/2368/2485 1826/2411/2485
f 1783/2368/2486 1782/2367/2486 1826/2411/2486
f 1827/2412/2487 1781/2366/2487 1780/2365/2487
f 1780/2365/2488 1784/2369/2488 1827/2412/2488
f 1783/2368/2489 1779/2364/2489 1828/2413/2489
f 1779/2364/2490 1778/2363/2490 1828/2413/2490
f 1829/2414/2491 1777/2362/2491 1776/2361/2491
f 1776/2361/2492 1780/2365/2492 1829/2414/2492
f 1779/2364/2493 1772/2354/2493 1830/2415/2493
f 1772/2354/2494 1773/2356/2494 1830/2415/2494
f 1831/2416/2495 1774/2358/2495 1775/2359/2495
f 1775/2359/2496 1776/2361/2496 1831/2416/2496
f 1753/2315/2497 1755/2320/2497 1776/2361/2497
f 1755/2320/2498 1757/2324/2498 1780/2365/2498
f 1757/2324/2499 1759/2328/2499 1784/2369/2499
f 1759/2328/2500 1761/2332/2500 1788/2373/2500
f 1761/2332/2501 1763/2336/2501 1792/2377/2501
f 1763/2336/2502 1765/2340/2502 1796/2381/2502
f 1765/2340/2503 1767/2344/2503 1800/2385/2503
f 1767/2344/2504 1769/2348/2504 1804/2389/2504
f 1769/2348/2505 1771/2352/2505 1808/2393/2505
f 1771/2352/2506 1753/2316/2506 1775/2360/2506
o Heart_diamond_blue
v -7.941395 0.033431 10.657777
v -7.476333 1.401625 9.860223
v -7.919371 0.033431 10.664932
v -6.915072 1.401625 10.173211
v -7.905759 0.033431 10.683668
v -6.836827 1.401625 10.754871
v -7.905759 0.033431 10.706825
v -7.165495 1.401625 11.247094
v -7.919371 0.033431 10.725561
v -7.859260 1.401625 11.727031
v -7.941395 0.033431 10.732717
v -8.023531 1.401625 11.727031
v -7.963420 0.033431 10.725561
v -8.717296 1.401625 11.247094
v -7.977032 0.033431 10.706825
v -9.045964 1.401625 10.754871
v -7.977032 0.033431 10.683668
v -8.967718 1.401625 10.173211
v -7.963420 0.033431 10.664932
v -8.406458 1.401625 9.860223
v -7.941395 0.385732 10.066375
v -7.941395 0.769053 9.770995
v -7.941395 1.063704 9.772348
v -7.941395 1.132103 9.644308
v -6.954978 1.132103 9.244589
v -7.036262 1.063704 9.348176
v -7.277210 0.769053 9.781075
v -7.571754 0.385732 10.186479
v -6.204035 1.132103 9.923987
v -6.335555 1.063704 9.963554
v -6.866721 0.769053 10.346064
v -7.343303 0.385732 10.500915
v -6.440462 1.132103 10.977553
v -6.571982 1.063704 10.937986
v -6.866721 0.769053 11.044430
v -7.343303 0.385732 10.889579
v -7.035464 1.132103 11.727377
v -7.116748 1.063704 11.623791
v -7.277210 0.769053 11.609419
v -7.571754 0.385732 11.204015
v -7.941395 1.132103 12.247211
v -7.941395 1.063704 12.119169
v -7.941395 0.769053 11.825226
v -7.941395 0.385732 11.324119
v -8.847326 1.132103 11.727377
v -8.766043 1.063704 11.623791
v -8.605580 0.769053 11.609419
v -8.311037 0.385732 11.204015
v -9.442328 1.132103 10.977553
v -9.310808 1.063704 10.937986
v -9.016069 0.769053 11.044430
v -8.539488 0.385732 10.889579
v -9.678756 1.132103 9.923987
v -9.547235 1.063704 9.963554
v -9.016069 0.769053 10.346064
v -8.539488 0.385732 10.500915
v -8.927813 1.132103 9.244589
v -8.846528 1.063704 9.348176
v -8.605580 0.769053 9.781075
v -8.311037 0.385732 10.186479
v -8.304380 0.748031 9.578094
v -8.384412 1.093150 9.288401
v -8.891702 0.748031 10.004808
v -9.373041 1.093150 9.422119
v -9.116038 0.748031 10.695247
v -9.616831 1.093150 10.526226
v -8.891702 0.748031 11.385685
v -9.161765 1.093150 11.383845
v -8.304380 0.748031 11.812399
v -8.424655 1.093150 11.970297
v -7.578411 0.748031 11.812399
v -7.458136 1.093150 11.970297
v -6.991089 0.748031 11.385685
v -6.721025 1.093150 11.383845
v -6.766752 0.748031 10.695247
v -6.265959 1.093150 10.526226
v -6.991089 0.748031 10.004808
v -6.509750 1.093150 9.422119
v -7.578411 0.748031 9.578094
v -7.498379 1.093150 9.288401
v -7.941395 1.401625 9.868305
vn -0.2193 0.8119 -0.5411
vn 0.2530 0.9262 -0.2797
vn 0.5135 0.8503 0.1152
vn 0.4374 0.8296 0.3471
vn 0.2732 0.8358 0.4762
vn -0.2732 0.8358 0.4762
vn -0.4374 0.8296 0.3471
vn -0.5135 0.8503 0.1152
vn -0.0000 1.0000 -0.0000
vn -0.2530 0.9262 -0.2797
vn 0.2193 0.8119 -0.5411
vn -0.0000 -1.0000 -0.0000
vn -0.1640 -0.8475 -0.5048
vn 0.4151 -0.5553 -0.7206
vn -0.0165 -0.8403 -0.5419
vn 0.4150 -0.8025 -0.4287
vn -0.4294 -0.8475 -0.3120
vn -0.3372 -0.7940 -0.5058
vn -0.4304 -0.8467 -0.3127
vn -0.1163 -0.8683 -0.4821
vn -0.5308 -0.8475 -0.0000
vn -0.5701 -0.7940 -0.2110
vn -0.4105 -0.8938 -0.1807
vn -0.4589 -0.8884 -0.0103
vn -0.4294 -0.8475 0.3120
vn -0.5852 -0.7940 0.1644
vn -0.5321 -0.8467 -0.0000
vn -0.4058 -0.8930 0.1946
vn -0.1640 -0.8475 0.5048
vn -0.3769 -0.7940 0.4770
vn -0.3940 -0.8901 0.2292
vn -0.2885 -0.8874 0.3596
vn 0.1640 -0.8475 0.5048
vn -0.0245 -0.7940 0.6074
vn -0.4304 -0.8467 0.3127
vn 0.1951 -0.8651 0.4621
vn 0.4294 -0.8475 0.3120
vn 0.3372 -0.7940 0.5058
vn -0.2855 -0.8874 0.3619
vn 0.2855 -0.8874 0.3619
vn 0.5308 -0.8475 -0.0000
vn 0.5701 -0.7940 0.2110
vn -0.1644 -0.8467 0.5060
vn 0.3940 -0.8901 0.2292
vn 0.4294 -0.8475 -0.3120
vn 0.5852 -0.7940 -0.1644
vn -0.1951 -0.8651 0.4621
vn 0.4105 -0.8938 -0.1807
vn 0.1640 -0.8475 -0.5048
vn 0.3769 -0.7940 -0.4770
vn 0.1644 -0.8467 0.5060
vn 0.0165 -0.8403 -0.5419
vn -0.6200 -0.2566 -0.7415
vn 0.4212 -0.8943 -0.1510
vn -0.4977 0.0086 0.8673
vn 0.1690 -0.8837 -0.4365
vn 0.6579 -0.6701 0.3436
vn 0.0245 -0.7940 0.6074
vn 0.4924 -0.8663 -0.0836
vn 0.5258 -0.3688 0.7665
vn -0.5994 0.6438 0.4756
vn 0.7446 -0.6125 0.2652
vn 0.1573 -0.5893 0.7925
vn -0.3372 -0.7940 0.5058
vn 0.5805 -0.4393 0.6856
vn -0.5805 -0.4393 0.6856
vn -0.4671 0.8780 0.1048
vn -0.1573 -0.5893 0.7925
vn -0.7446 -0.6125 0.2652
vn -0.5701 -0.7940 0.2110
vn -0.5258 -0.3688 0.7665
vn -0.4924 -0.8663 -0.0836
vn -0.1524 0.9739 -0.1684
vn -0.6579 -0.6701 0.3436
vn -0.1690 -0.8837 -0.4365
vn -0.5852 -0.7940 -0.1644
vn -0.4212 -0.8943 -0.1510
vn 0.6200 -0.2566 -0.7415
vn 0.0871 0.9728 -0.2148
vn -0.1977 -0.7759 -0.5991
vn -0.1644 -0.8467 -0.5060
vn -0.3769 -0.7940 -0.4770
vn 0.1977 -0.7759 -0.5991
vn 0.3769 -0.7940 0.4770
vn 0.2885 -0.8874 0.3596
vn 0.4977 0.0086 0.8673
vn 0.4304 -0.8467 0.3127
vn 0.5852 -0.7940 0.1644
vn 0.4058 -0.8930 0.1946
vn 0.5994 0.6438 0.4756
vn 0.5321 -0.8467 -0.0000
vn 0.5701 -0.7940 -0.2110
vn 0.4589 -0.8884 -0.0103
vn 0.4671 0.8780 0.1048
vn 0.4304 -0.8467 -0.3127
vn 0.3372 -0.7940 -0.5058
vn 0.1163 -0.8683 -0.4821
vn 0.1524 0.9739 -0.1684
vn 0.1644 -0.8467 -0.5060
vn -0.4151 -0.5553 -0.7206
vn -0.4150 -0.8025 -0.4287
vn -0.0871 0.9728 -0.2148
vn 0.1570 0.9466 -0.2815
vn 0.3400 0.9393 -0.0457
vn 0.4250 0.8595 0.2838
vn 0.2835 0.8670 0.4098
vn -0.0000 0.8879 0.4600
vn -0.2835 0.8670 0.4098
vn -0.4250 0.8595 0.2838
vn -0.3400 0.9393 -0.0457
vn -0.1570 0.9466 -0.2815
vn -0.0000 0.6392 -0.7691
vt 0.750000 0.490000
vt -0.000000 0.500000
vt 1.000000 0.500000
vt 0.250000 0.490000
vt 1.000000 1.000000
vt -0.000000 1.000000
vt 0.891068 0.444164
vt 0.900000 0.500000
vt 0.391068 0.444164
vt 0.900000 1.000000
vt 0.978254 0.324164
vt 0.800000 0.500000
vt 0.478254 0.324164
vt 0.800000 1.000000
vt 0.978254 0.175836
vt 0.700000 0.500000
vt 0.478254 0.175836
vt 0.700000 1.000000
vt 0.891068 0.055836
vt 0.600000 0.500000
vt 0.391068 0.055836
vt 0.600000 1.000000
vt 0.750000 0.010000
vt 0.500000 0.500000
vt 0.250000 0.010000
vt 0.500000 1.000000
vt 0.608932 0.055836
vt 0.400000 0.500000
vt 0.108932 0.055836
vt 0.400000 1.000000
vt 0.521746 0.175836
vt 0.300000 0.500000
vt 0.021746 0.175836
vt 0.300000 1.000000
vt 0.521746 0.324164
vt 0.200000 0.500000
vt 0.021746 0.324164
vt 0.200000 1.000000
vt 0.608932 0.444164
vt 0.100000 0.500000
vt 0.108932 0.444164
vt 0.100000 1.000000
vt -0.000000 0.600000
vt 1.000000 0.600000
vt -0.000000 0.700000
vt 1.000000 0.700000
vt -0.000000 0.800000
vt 1.000000 0.800000
vt 1.000000 0.900000
vt -0.000000 0.900000
vt 0.900000 0.900000
vt 0.900000 0.800000
vt 0.900000 0.700000
vt 0.900000 0.600000
vt 0.800000 0.900000
vt 0.800000 0.800000
vt 0.800000 0.700000
vt 0.800000 0.600000
vt 0.700000 0.900000
vt 0.700000 0.800000
vt 0.700000 0.700000
vt 0.700000 0.600000
vt 0.600000 0.900000
vt 0.600000 0.800000
vt 0.600000 0.700000
vt 0.600000 0.600000
vt 0.500000 0.900000
vt 0.500000 0.800000
vt 0.500000 0.700000
vt 0.500000 0.600000
vt 0.400000 0.900000
vt 0.400000 0.800000
vt 0.400000 0.700000
vt 0.400000 0.600000
vt 0.300000 0.900000
vt 0.300000 0.800000
vt 0.300000 0.700000
vt 0.300000 0.600000
vt 0.200000 0.900000
vt 0.200000 0.800000
vt 0.200000 0.700000
vt 0.200000 0.600000
vt 0.100000 0.900000
vt 0.100000 0.800000
vt 0.100000 0.700000
vt 0.100000 0.600000
vt 0.050000 0.700000
vt 0.050000 0.800000
vt 0.150000 0.700000
vt 0.150000 0.800000
vt 0.250000 0.700000
vt 0.250000 0.800000
vt 0.350000 0.700000
vt 0.350000 0.800000
vt 0.450000 0.700000
vt 0.450000 0.800000
vt 0.550000 0.700000
vt 0.550000 0.800000
vt 0.650000 0.700000
vt 0.650000 0.800000
vt 0.750000 0.700000
vt 0.750000 0.800000
vt 0.850000 0.700000
vt 0.850000 0.800000
vt 0.950000 0.700000
vt 0.950000 0.800000
vt 0.179466 0.467082
vt 0.050000 1.000000
s 0
usemtl Diamond_Blue
f 1833/2421/2507 1856/2467/2507 1855/2465/2507
f 1835/2426/2508 1860/2471/2508 1856/2467/2508
f 1837/2430/2509 1864/2475/2509 1860/2471/2509
f 1839/2434/2510 1868/2479/2510 1864/2475/2510
f 1841/2438/2511 1872/2483/2511 1868/2479/2511
f 1843/2442/2512 1876/2487/2512 1872/2483/2512
f 1845/2446/2513 1880/2491/2513 1876/2487/2513
f 1847/2450/2514 1884/2495/2514 1880/2491/2514
f 1835/2425/2515 1833/2420/2515 1912/2523/2515 1851/2457/2515 1849/2453/2515 1847/2449/2515 1845/2445/2515 1843/2441/2515 1841/2437/2515 1839/2433/2515 1837/2429/2515
f 1849/2454/2516 1888/2499/2516 1884/2495/2516
f 1851/2458/2517 1855/2466/2517 1888/2499/2517
f 1832/2417/2518 1834/2423/2518 1836/2427/2518 1838/2431/2518 1840/2435/2518 1842/2439/2518 1844/2443/2518 1846/2447/2518 1848/2451/2518 1850/2455/2518
f 1850/2456/2519 1891/2502/2519 1852/2459/2519 1832/2418/2519
f 1892/2503/2520 1853/2461/2520 1852/2459/2520
f 1893/2504/2521 1889/2500/2521 1888/2499/2521
f 1855/2466/2522 1854/2463/2522 1893/2504/2522
f 1848/2452/2523 1887/2498/2523 1891/2502/2523 1850/2456/2523
f 1894/2505/2524 1890/2501/2524 1891/2502/2524
f 1891/2502/2525 1887/2498/2525 1894/2505/2525
f 1888/2499/2526 1889/2500/2526 1895/2506/2526
f 1846/2448/2527 1883/2494/2527 1887/2498/2527 1848/2452/2527
f 1896/2507/2528 1886/2497/2528 1887/2498/2528
f 1895/2506/2529 1885/2496/2529 1884/2495/2529
f 1884/2495/2530 1885/2496/2530 1897/2508/2530
f 1844/2444/2531 1879/2490/2531 1883/2494/2531 1846/2448/2531
f 1898/2509/2532 1882/2493/2532 1883/2494/2532
f 1887/2498/2533 1883/2494/2533 1896/2507/2533
f 1880/2491/2534 1881/2492/2534 1899/2510/2534
f 1842/2440/2535 1875/2486/2535 1879/2490/2535 1844/2444/2535
f 1900/2511/2536 1878/2489/2536 1879/2490/2536
f 1897/2508/2537 1881/2492/2537 1880/2491/2537
f 1876/2487/2538 1877/2488/2538 1901/2512/2538
f 1840/2436/2539 1871/2482/2539 1875/2486/2539 1842/2440/2539
f 1902/2513/2540 1874/2485/2540 1875/2486/2540
f 1883/2494/2541 1879/2490/2541 1898/2509/2541
f 1872/2483/2542 1873/2484/2542 1903/2514/2542
f 1838/2432/2543 1867/2478/2543 1871/2482/2543 1840/2436/2543
f 1904/2515/2544 1870/2481/2544 1871/2482/2544
f 1899/2510/2545 1877/2488/2545 1876/2487/2545
f 1868/2479/2546 1869/2480/2546 1905/2516/2546
f 1836/2428/2547 1863/2474/2547 1867/2478/2547 1838/2432/2547
f 1906/2517/2548 1866/2477/2548 1867/2478/2548
f 1879/2490/2549 1875/2486/2549 1900/2511/2549
f 1864/2475/2550 1865/2476/2550 1907/2518/2550
f 1834/2424/2551 1859/2470/2551 1863/2474/2551 1836/2428/2551
f 1908/2519/2552 1862/2473/2552 1863/2474/2552
f 1901/2512/2553 1873/2484/2553 1872/2483/2553
f 1860/2471/2554 1861/2472/2554 1909/2520/2554
f 1832/2419/2555 1852/2460/2555 1859/2470/2555 1834/2424/2555
f 1910/2521/2556 1858/2469/2556 1859/2470/2556
f 1875/2486/2557 1871/2482/2557 1902/2513/2557
f 1856/2467/2558 1857/2468/2558 1911/2522/2558
f 1854/2464/2559 1911/2522/2559 1910/2521/2559 1853/2462/2559
f 1908/2519/2560 1909/2520/2560 1861/2472/2560 1862/2473/2560
f 1872/2483/2561 1876/2487/2561 1901/2512/2561
f 1858/2469/2562 1857/2468/2562 1909/2520/2562 1908/2519/2562
f 1906/2517/2563 1907/2518/2563 1865/2476/2563 1866/2477/2563
f 1875/2486/2564 1874/2485/2564 1900/2511/2564
f 1862/2473/2565 1861/2472/2565 1907/2518/2565 1906/2517/2565
f 1904/2515/2566 1905/2516/2566 1869/2480/2566 1870/2481/2566
f 1876/2487/2567 1880/2491/2567 1899/2510/2567
f 1866/2477/2568 1865/2476/2568 1905/2516/2568 1904/2515/2568
f 1902/2513/2569 1903/2514/2569 1873/2484/2569 1874/2485/2569
f 1879/2490/2570 1878/2489/2570 1898/2509/2570
f 1870/2481/2571 1869/2480/2571 1903/2514/2571 1902/2513/2571
f 1900/2511/2572 1901/2512/2572 1877/2488/2572 1878/2489/2572
f 1880/2491/2573 1884/2495/2573 1897/2508/2573
f 1874/2485/2574 1873/2484/2574 1901/2512/2574 1900/2511/2574
f 1898/2509/2575 1899/2510/2575 1881/2492/2575 1882/2493/2575
f 1883/2494/2576 1882/2493/2576 1896/2507/2576
f 1878/2489/2577 1877/2488/2577 1899/2510/2577 1898/2509/2577
f 1896/2507/2578 1897/2508/2578 1885/2496/2578 1886/2497/2578
f 1884/2495/2579 1888/2499/2579 1895/2506/2579
f 1882/2493/2580 1881/2492/2580 1897/2508/2580 1896/2507/2580
f 1894/2505/2581 1895/2506/2581 1889/2500/2581 1890/2501/2581
f 1887/2498/2582 1886/2497/2582 1894/2505/2582
f 1886/2497/2583 1885/2496/2583 1895/2506/2583 1894/2505/2583
f 1892/2503/2584 1893/2504/2584 1854/2463/2584 1853/2461/2584
f 1888/2499/2585 1855/2466/2585 1893/2504/2585
f 1890/2501/2586 1889/2500/2586 1893/2504/2586 1892/2503/2586
f 1852/2459/2587 1891/2502/2587 1892/2503/2587
f 1891/2502/2588 1890/2501/2588 1892/2503/2588
f 1910/2521/2589 1911/2522/2589 1857/2468/2589 1858/2469/2589
f 1871/2482/2590 1870/2481/2590 1902/2513/2590
f 1903/2514/2591 1869/2480/2591 1868/2479/2591
f 1868/2479/2592 1872/2483/2592 1903/2514/2592
f 1871/2482/2593 1867/2478/2593 1904/2515/2593
f 1867/2478/2594 1866/2477/2594 1904/2515/2594
f 1905/2516/2595 1865/2476/2595 1864/2475/2595
f 1864/2475/2596 1868/2479/2596 1905/2516/2596
f 1867/2478/2597 1863/2474/2597 1906/2517/2597
f 1863/2474/2598 1862/2473/2598 1906/2517/2598
f 1907/2518/2599 1861/2472/2599 1860/2471/2599
f 1860/2471/2600 1864/2475/2600 1907/2518/2600
f 1863/2474/2601 1859/2470/2601 1908/2519/2601
f 1859/2470/2602 1858/2469/2602 1908/2519/2602
f 1909/2520/2603 1857/2468/2603 1856/2467/2603
f 1856/2467/2604 1860/2471/2604 1909/2520/2604
f 1859/2470/2605 1852/2460/2605 1910/2521/2605
f 1852/2460/2606 1853/2462/2606 1910/2521/2606
f 1911/2522/2607 1854/2464/2607 1855/2465/2607
f 1855/2465/2608 1856/2467/2608 1911/2522/2608
f 1833/2421/2609 1835/2426/2609 1856/2467/2609
f 1835/2426/2610 1837/2430/2610 1860/2471/2610
f 1837/2430/2611 1839/2434/2611 1864/2475/2611
f 1839/2434/2612 1841/2438/2612 1868/2479/2612
f 1841/2438/2613 1843/2442/2613 1872/2483/2613
f 1843/2442/2614 1845/2446/2614 1876/2487/2614
f 1845/2446/2615 1847/2450/2615 1880/2491/2615
f 1847/2450/2616 1849/2454/2616 1884/2495/2616
f 1849/2454/2617 1851/2458/2617 1888/2499/2617
f 1851/2458/2618 1912/2524/2618 1833/2422/2618 1855/2466/2618
o Pear_diamond_blue
v 3.974811 0.029629 10.819186
v 4.249857 1.462227 9.645667
v 3.990206 0.029629 10.826343
v 4.694893 1.462227 10.108224
v 3.999721 0.029629 10.845078
v 4.864881 1.462227 10.856657
v 3.999721 0.029629 10.868236
v 4.694893 1.462227 11.605089
v 3.990206 0.029629 10.886971
v 4.249857 1.462227 12.067646
v 3.974811 0.029629 10.894127
v 3.699764 1.462227 12.067646
v 3.959415 0.029629 10.886971
v 3.254728 1.462227 11.605089
v 3.949900 0.029629 10.868236
v 3.084740 1.462227 10.856657
v 3.949900 0.029629 10.845078
v 3.254728 1.462227 10.108224
v 3.959415 0.029629 10.826343
v 3.699764 1.462227 9.645667
v 3.974811 0.429629 10.111553
v 3.974811 0.791234 9.545925
v 3.974811 0.987576 8.973094
v 3.974811 1.099124 8.841564
v 4.583459 1.099124 9.526485
v 4.525091 0.987576 9.632895
v 4.513357 0.791234 9.796253
v 4.280954 0.429629 10.253856
v 5.026495 1.099124 10.322127
v 4.932055 0.987576 10.362772
v 4.846196 0.791234 10.451618
v 4.470162 0.429629 10.626408
v 5.197196 1.099124 11.420617
v 5.102756 0.987576 11.379972
v 4.846196 0.791234 11.261695
v 4.470162 0.429629 11.086906
v 4.830680 1.099124 12.281008
v 4.772313 0.987576 12.174599
v 4.513357 0.791234 11.917061
v 4.280954 0.429629 11.459457
v 3.974811 1.099124 12.648072
v 3.974811 0.987576 12.516542
v 3.974811 0.791234 12.167388
v 3.974811 0.429629 11.601760
v 3.118941 1.099124 12.281008
v 3.177308 0.987576 12.174599
v 3.436265 0.791234 11.917061
v 3.668667 0.429629 11.459457
v 2.752425 1.099124 11.420617
v 2.846865 0.987576 11.379972
v 3.103425 0.791234 11.261695
v 3.479460 0.429629 11.086906
v 2.923126 1.099124 10.322127
v 3.017566 0.987576 10.362772
v 3.103425 0.791234 10.451618
v 3.479460 0.429629 10.626408
v 3.366163 1.099124 9.526485
v 3.424530 0.987576 9.632895
v 3.436265 0.791234 9.796253
v 3.668667 0.429629 10.253856
v 3.680490 0.766849 9.560804
v 3.609738 1.017824 9.238891
v 3.204268 0.766849 10.055776
v 3.124990 1.017824 9.956888
v 3.022367 0.766849 10.856657
v 2.775753 1.017824 10.862543
v 3.204268 0.766849 11.657537
v 2.871882 1.017824 11.909467
v 3.680490 0.766849 12.152509
v 3.562648 1.017824 12.515626
v 4.269132 0.766849 12.152509
v 4.386973 1.017824 12.515626
v 4.745354 0.766849 11.657537
v 5.077739 1.017824 11.909467
v 4.927255 0.766849 10.856657
v 5.173869 1.017824 10.862543
v 4.745354 0.766849 10.055776
v 4.824631 1.017824 9.956888
v 4.269132 0.766849 9.560804
v 4.339883 1.017824 9.238891
vn 0.5543 0.6709 -0.4926
vn 0.7779 0.4552 -0.4332
vn 0.8225 0.5542 -0.1278
vn 0.6271 0.7317 0.2671
vn 0.2560 0.7603 0.5970
vn -0.2560 0.7603 0.5970
vn -0.6271 0.7317 0.2671
vn -0.8225 0.5542 -0.1278
vn -0.0000 1.0000 -0.0000
vn -0.7779 0.4552 -0.4332
vn -0.5543 0.6709 -0.4926
vn -0.0000 -1.0000 -0.0000
vn -0.2230 -0.8486 -0.4797
vn 0.0425 -0.8418 -0.5381
vn -0.6452 -0.6764 -0.3552
vn -0.4711 -0.6727 -0.5705
vn -0.5446 -0.7918 -0.2766
vn -0.4007 -0.8068 -0.4341
vn -0.4960 -0.8310 -0.2519
vn -0.5495 -0.7091 -0.4419
vn -0.6478 -0.7618 -0.0000
vn -0.6397 -0.7489 -0.1731
vn -0.6979 -0.6765 -0.2351
vn -0.6771 -0.6777 -0.2866
vn -0.5446 -0.7918 0.2766
vn -0.6580 -0.7431 0.1218
vn -0.5937 -0.8047 -0.0000
vn -0.7479 -0.6598 0.0730
vn -0.2230 -0.8486 0.4797
vn -0.4600 -0.7953 0.3948
vn -0.7499 -0.6584 0.0646
vn -0.4185 -0.7319 0.5377
vn 0.2230 -0.8486 0.4797
vn -0.0425 -0.8418 0.5381
vn -0.4960 -0.8310 0.2519
vn 0.0573 -0.7614 0.6457
vn 0.5446 -0.7918 0.2766
vn 0.4007 -0.8068 0.4341
vn -0.4932 -0.7216 0.4859
vn 0.4932 -0.7216 0.4859
vn 0.6478 -0.7618 -0.0000
vn 0.6397 -0.7489 0.1731
vn -0.2005 -0.8796 0.4314
vn 0.7499 -0.6584 0.0646
vn 0.5446 -0.7918 -0.2766
vn 0.6580 -0.7431 -0.1218
vn -0.0573 -0.7614 0.6457
vn 0.6979 -0.6765 -0.2351
vn 0.2230 -0.8486 -0.4797
vn 0.4600 -0.7953 -0.3948
vn 0.2005 -0.8796 0.4314
vn 0.6452 -0.6764 -0.3552
vn 0.1896 -0.8841 -0.4270
vn 0.8773 -0.4208 -0.2310
vn -0.3524 0.4479 0.8217
vn 0.6518 -0.4779 -0.5889
vn 0.6468 -0.7558 0.1019
vn 0.0425 -0.8418 0.5381
vn 0.7501 -0.6064 -0.2637
vn 0.3528 -0.8671 0.3517
vn -0.6490 0.7088 0.2765
vn 0.5693 -0.8180 0.0826
vn 0.0189 -0.8481 0.5295
vn -0.4007 -0.8068 0.4341
vn 0.3543 -0.8473 0.3956
vn -0.3543 -0.8473 0.3956
vn -0.7827 0.6103 -0.1216
vn -0.0189 -0.8481 0.5295
vn -0.5693 -0.8180 0.0826
vn -0.6397 -0.7489 0.1731
vn -0.3528 -0.8671 0.3517
vn -0.7501 -0.6064 -0.2637
vn -0.8736 0.0162 -0.4864
vn -0.6468 -0.7558 0.1019
vn -0.6518 -0.4779 -0.5889
vn -0.6580 -0.7431 -0.1218
vn -0.8773 -0.4208 -0.2310
vn -0.1896 -0.8841 -0.4270
vn -0.7430 0.1096 -0.6603
vn -0.6524 -0.6093 -0.4507
vn -0.2005 -0.8796 -0.4314
vn -0.4600 -0.7953 -0.3948
vn 0.6524 -0.6093 -0.4507
vn 0.4600 -0.7953 0.3948
vn 0.4185 -0.7319 0.5377
vn 0.3524 0.4479 0.8217
vn 0.4960 -0.8310 0.2519
vn 0.6580 -0.7431 0.1218
vn 0.7479 -0.6598 0.0730
vn 0.6490 0.7088 0.2765
vn 0.5937 -0.8047 -0.0000
vn 0.6397 -0.7489 -0.1731
vn 0.6771 -0.6777 -0.2866
vn 0.7827 0.6103 -0.1216
vn 0.4960 -0.8310 -0.2519
vn 0.4007 -0.8068 -0.4341
vn 0.5495 -0.7091 -0.4419
vn 0.8736 0.0162 -0.4864
vn 0.2005 -0.8796 -0.4314
vn -0.0425 -0.8418 -0.5381
vn 0.4711 -0.6727 -0.5705
vn 0.7430 0.1096 -0.6603
vn 0.5384 0.6647 -0.5180
vn 0.7764 0.6051 -0.1763
vn 0.6132 0.7775 0.1393
vn 0.3889 0.8419 0.3741
vn -0.0000 0.8478 0.5304
vn -0.3889 0.8419 0.3741
vn -0.6132 0.7775 0.1393
vn -0.7764 0.6051 -0.1763
vn -0.5384 0.6647 -0.5180
vn -0.0000 0.9114 -0.4115
vt 0.750000 0.490000
vt -0.000000 0.500000
vt 1.000000 0.500000
vt 0.250000 0.490000
vt 1.000000 1.000000
vt -0.000000 1.000000
vt 0.891068 0.444164
vt 0.900000 0.500000
vt 0.391068 0.444164
vt 0.900000 1.000000
vt 0.978254 0.324164
vt 0.800000 0.500000
vt 0.478254 0.324164
vt 0.800000 1.000000
vt 0.978254 0.175836
vt 0.700000 0.500000
vt 0.478254 0.175836
vt 0.700000 1.000000
vt 0.891068 0.055836
vt 0.600000 0.500000
vt 0.391068 0.055836
vt 0.600000 1.000000
vt 0.750000 0.010000
vt 0.500000 0.500000
vt 0.250000 0.010000
vt 0.500000 1.000000
vt 0.608932 0.055836
vt 0.400000 0.500000
vt 0.108932 0.055836
vt 0.400000 1.000000
vt 0.521746 0.175836
vt 0.300000 0.500000
vt 0.021746 0.175836
vt 0.300000 1.000000
vt 0.521746 0.324164
vt 0.200000 0.500000
vt 0.021746 0.324164
vt 0.200000 1.000000
vt 0.608932 0.444164
vt 0.100000 0.500000
vt 0.108932 0.444164
vt 0.100000 1.000000
vt -0.000000 0.600000
vt 1.000000 0.600000
vt -0.000000 0.700000
vt 1.000000 0.700000
vt -0.000000 0.800000
vt 1.000000 0.800000
vt 1.000000 0.900000
vt -0.000000 0.900000
vt 0.900000 0.900000
vt 0.900000 0.800000
vt 0.900000 0.700000
vt 0.900000 0.600000
vt 0.800000 0.900000
vt 0.800000 0.800000
vt 0.800000 0.700000
vt 0.800000 0.600000
vt 0.700000 0.900000
vt 0.700000 0.800000
vt 0.700000 0.700000
vt 0.700000 0.600000
vt 0.600000 0.900000
vt 0.600000 0.800000
vt 0.600000 0.700000
vt 0.600000 0.600000
vt 0.500000 0.900000
vt 0.500000 0.800000
vt 0.500000 0.700000
vt 0.500000 0.600000
vt 0.400000 0.900000
vt 0.400000 0.800000
vt 0.400000 0.700000
vt 0.400000 0.600000
vt 0.300000 0.900000
vt 0.300000 0.800000
vt 0.300000 0.700000
vt 0.300000 0.600000
vt 0.200000 0.900000
vt 0.200000 0.800000
vt 0.200000 0.700000
vt 0.200000 0.600000
vt 0.100000 0.900000
vt 0.100000 0.800000
vt 0.100000 0.700000
vt 0.100000 0.600000
vt 0.050000 0.700000
vt 0.050000 0.800000
vt 0.150000 0.700000
vt 0.150000 0.800000
vt 0.250000 0.700000
vt 0.250000 0.800000
vt 0.350000 0.700000
vt 0.350000 0.800000
vt 0.450000 0.700000
vt 0.450000 0.800000
vt 0.550000 0.700000
vt 0.550000 0.800000
vt 0.650000 0.700000
vt 0.650000 0.800000
vt 0.750000 0.700000
vt 0.750000 0.800000
vt 0.850000 0.700000
vt 0.850000 0.800000
vt 0.950000 0.700000
vt 0.950000 0.800000
s 0
usemtl Diamond_Blue
f 1914/2529/2619 1937/2575/2619 1936/2573/2619
f 1916/2534/2620 1941/2579/2620 1937/2575/2620
f 1918/2538/2621 1945/2583/2621 1941/2579/2621
f 1920/2542/2622 1949/2587/2622 1945/2583/2622
f 1922/2546/2623 1953/2591/2623 1949/2587/2623
f 1924/2550/2624 1957/2595/2624 1953/2591/2624
f 1926/2554/2625 1961/2599/2625 1957/2595/2625
f 1928/2558/2626 1965/2603/2626 1961/2599/2626
f 1916/2533/2627 1914/2528/2627 1932/2565/2627 1930/2561/2627 1928/2557/2627 1926/2553/2627 1924/2549/2627 1922/2545/2627 1920/2541/2627 1918/2537/2627
f 1930/2562/2628 1969/2607/2628 1965/2603/2628
f 1932/2566/2629 1936/2574/2629 1969/2607/2629
f 1913/2525/2630 1915/2531/2630 1917/2535/2630 1919/2539/2630 1921/2543/2630 1923/2547/2630 1925/2551/2630 1927/2555/2630 1929/2559/2630 1931/2563/2630
f 1931/2564/2631 1972/2610/2631 1933/2567/2631 1913/2526/2631
f 1973/2611/2632 1934/2569/2632 1933/2567/2632
f 1974/2612/2633 1970/2608/2633 1969/2607/2633
f 1936/2574/2634 1935/2571/2634 1974/2612/2634
f 1929/2560/2635 1968/2606/2635 1972/2610/2635 1931/2564/2635
f 1975/2613/2636 1971/2609/2636 1972/2610/2636
f 1972/2610/2637 1968/2606/2637 1975/2613/2637
f 1969/2607/2638 1970/2608/2638 1976/2614/2638
f 1927/2556/2639 1964/2602/2639 1968/2606/2639 1929/2560/2639
f 1977/2615/2640 1967/2605/2640 1968/2606/2640
f 1976/2614/2641 1966/2604/2641 1965/2603/2641
f 1965/2603/2642 1966/2604/2642 1978/2616/2642
f 1925/2552/2643 1960/2598/2643 1964/2602/2643 1927/2556/2643
f 1979/2617/2644 1963/2601/2644 1964/2602/2644
f 1968/2606/2645 1964/2602/2645 1977/2615/2645
f 1961/2599/2646 1962/2600/2646 1980/2618/2646
f 1923/2548/2647 1956/2594/2647 1960/2598/2647 1925/2552/2647
f 1981/2619/2648 1959/2597/2648 1960/2598/2648
f 1978/2616/2649 1962/2600/2649 1961/2599/2649
f 1957/2595/2650 1958/2596/2650 1982/2620/2650
f 1921/2544/2651 1952/2590/2651 1956/2594/2651 1923/2548/2651
f 1983/2621/2652 1955/2593/2652 1956/2594/2652
f 1964/2602/2653 1960/2598/2653 1979/2617/2653
f 1953/2591/2654 1954/2592/2654 1984/2622/2654
f 1919/2540/2655 1948/2586/2655 1952/2590/2655 1921/2544/2655
f 1985/2623/2656 1951/2589/2656 1952/2590/2656
f 1980/2618/2657 1958/2596/2657 1957/2595/2657
f 1949/2587/2658 1950/2588/2658 1986/2624/2658
f 1917/2536/2659 1944/2582/2659 1948/2586/2659 1919/2540/2659
f 1987/2625/2660 1947/2585/2660 1948/2586/2660
f 1960/2598/2661 1956/2594/2661 1981/2619/2661
f 1945/2583/2662 1946/2584/2662 1988/2626/2662
f 1915/2532/2663 1940/2578/2663 1944/2582/2663 1917/2536/2663
f 1989/2627/2664 1943/2581/2664 1944/2582/2664
f 1982/2620/2665 1954/2592/2665 1953/2591/2665
f 1941/2579/2666 1942/2580/2666 1990/2628/2666
f 1913/2527/2667 1933/2568/2667 1940/2578/2667 1915/2532/2667
f 1991/2629/2668 1939/2577/2668 1940/2578/2668
f 1956/2594/2669 1952/2590/2669 1983/2621/2669
f 1937/2575/2670 1938/2576/2670 1992/2630/2670
f 1935/2572/2671 1992/2630/2671 1991/2629/2671 1934/2570/2671
f 1989/2627/2672 1990/2628/2672 1942/2580/2672 1943/2581/2672
f 1953/2591/2673 1957/2595/2673 1982/2620/2673
f 1939/2577/2674 1938/2576/2674 1990/2628/2674 1989/2627/2674
f 1987/2625/2675 1988/2626/2675 1946/2584/2675 1947/2585/2675
f 1956/2594/2676 1955/2593/2676 1981/2619/2676
f 1943/2581/2677 1942/2580/2677 1988/2626/2677 1987/2625/2677
f 1985/2623/2678 1986/2624/2678 1950/2588/2678 1951/2589/2678
f 1957/2595/2679 1961/2599/2679 1980/2618/2679
f 1947/2585/2680 1946/2584/2680 1986/2624/2680 1985/2623/2680
f 1983/2621/2681 1984/2622/2681 1954/2592/2681 1955/2593/2681
f 1960/2598/2682 1959/2597/2682 1979/2617/2682
f 1951/2589/2683 1950/2588/2683 1984/2622/2683 1983/2621/2683
f 1981/2619/2684 1982/2620/2684 1958/2596/2684 1959/2597/2684
f 1961/2599/2685 1965/2603/2685 1978/2616/2685
f 1955/2593/2686 1954/2592/2686 1982/2620/2686 1981/2619/2686
f 1979/2617/2687 1980/2618/2687 1962/2600/2687 1963/2601/2687
f 1964/2602/2688 1963/2601/2688 1977/2615/2688
f 1959/2597/2689 1958/2596/2689 1980/2618/2689 1979/2617/2689
f 1977/2615/2690 1978/2616/2690 1966/2604/2690 1967/2605/2690
f 1965/2603/2691 1969/2607/2691 1976/2614/2691
f 1963/2601/2692 1962/2600/2692 1978/2616/2692 1977/2615/2692
f 1975/2613/2693 1976/2614/2693 1970/2608/2693 1971/2609/2693
f 1968/2606/2694 1967/2605/2694 1975/2613/2694
f 1967/2605/2695 1966/2604/2695 1976/2614/2695 1975/2613/2695
f 1973/2611/2696 1974/2612/2696 1935/2571/2696 1934/2569/2696
f 1969/2607/2697 1936/2574/2697 1974/2612/2697
f 1971/2609/2698 1970/2608/2698 1974/2612/2698 1973/2611/2698
f 1933/2567/2699 1972/2610/2699 1973/2611/2699
f 1972/2610/2700 1971/2609/2700 1973/2611/2700
f 1991/2629/2701 1992/2630/2701 1938/2576/2701 1939/2577/2701
f 1952/2590/2702 1951/2589/2702 1983/2621/2702
f 1984/2622/2703 1950/2588/2703 1949/2587/2703
f 1949/2587/2704 1953/2591/2704 1984/2622/2704
f 1952/2590/2705 1948/2586/2705 1985/2623/2705
f 1948/2586/2706 1947/2585/2706 1985/2623/2706
f 1986/2624/2707 1946/2584/2707 1945/2583/2707
f 1945/2583/2708 1949/2587/2708 1986/2624/2708
f 1948/2586/2709 1944/2582/2709 1987/2625/2709
f 1944/2582/2710 1943/2581/2710 1987/2625/2710
f 1988/2626/2711 1942/2580/2711 1941/2579/2711
f 1941/2579/2712 1945/2583/2712 1988/2626/2712
f 1944/2582/2713 1940/2578/2713 1989/2627/2713
f 1940/2578/2714 1939/2577/2714 1989/2627/2714
f 1990/2628/2715 1938/2576/2715 1937/2575/2715
f 1937/2575/2716 1941/2579/2716 1990/2628/2716
f 1940/2578/2717 1933/2568/2717 1991/2629/2717
f 1933/2568/2718 1934/2570/2718 1991/2629/2718
f 1992/2630/2719 1935/2572/2719 1936/2573/2719
f 1936/2573/2720 1937/2575/2720 1992/2630/2720
f 1914/2529/2721 1916/2534/2721 1937/2575/2721
f 1916/2534/2722 1918/2538/2722 1941/2579/2722
f 1918/2538/2723 1920/2542/2723 1945/2583/2723
f 1920/2542/2724 1922/2546/2724 1949/2587/2724
f 1922/2546/2725 1924/2550/2725 1953/2591/2725
f 1924/2550/2726 1926/2554/2726 1957/2595/2726
f 1926/2554/2727 1928/2558/2727 1961/2599/2727
f 1928/2558/2728 1930/2562/2728 1965/2603/2728
f 1930/2562/2729 1932/2566/2729 1969/2607/2729
f 1932/2566/2730 1914/2530/2730 1936/2574/2730
o Cushion_diamond_blue
v -3.899036 0.017151 10.539681
v -3.894174 2.015571 9.749120
v -3.793730 0.017151 10.550554
v -3.291018 2.015571 9.811393
v -3.758266 0.017151 10.587740
v -3.087896 2.015571 10.024381
v -3.734570 0.017151 10.643394
v -2.952174 2.015571 10.343140
v -3.726249 0.017151 10.709041
v -2.904515 2.015571 10.719141
v -3.734570 0.017151 10.774688
v -2.952175 2.015571 11.095143
v -3.758266 0.017151 10.830340
v -3.087896 2.015571 11.413902
v -3.793730 0.017151 10.867527
v -3.291019 2.015571 11.626890
v -3.899036 0.017151 10.877126
v -3.894174 2.015571 11.681870
v -4.006694 0.017151 10.860211
v -4.510795 2.015571 11.584990
v -4.042158 0.017151 10.823638
v -4.713916 2.015571 11.375514
v -4.065854 0.017151 10.768903
v -4.849638 2.015571 11.062013
v -4.074174 0.017151 10.704339
v -4.897298 2.015571 10.692211
v -4.065854 0.017151 10.639774
v -4.849638 2.015571 10.322411
v -4.042158 0.017151 10.585039
v -4.713917 2.015571 10.008908
v -4.006694 0.017151 10.548466
v -4.510795 2.015571 9.799434
v -3.896611 0.350324 10.145382
v -3.889754 1.327070 8.989510
v -3.889754 1.437409 8.989510
v -3.895482 1.682630 9.343279
v -3.055736 1.682630 9.465445
v -2.823997 1.437409 9.126538
v -2.823997 1.327070 9.126538
v -3.542998 0.350324 10.181890
v -2.774145 1.682630 9.760713
v -2.488124 1.437409 9.535254
v -2.488124 1.327070 9.535254
v -3.423913 0.350324 10.306760
v -2.585992 1.682630 10.202613
v -2.379786 1.437409 10.168587
v -2.379786 1.327070 10.168587
v -3.344343 0.350324 10.493639
v -2.519921 1.682630 10.723869
v -2.375356 1.437409 10.736802
v -2.375356 1.327070 10.736802
v -3.316402 0.350324 10.714079
v -2.585992 1.682630 11.245126
v -2.371186 1.437409 11.352320
v -2.371186 1.327070 11.352320
v -3.344343 0.350324 10.934518
v -2.774145 1.682630 11.687026
v -2.505325 1.437409 11.921150
v -2.505325 1.327070 11.921150
v -3.423913 0.350324 11.121397
v -3.055736 1.682630 11.982294
v -2.854098 1.437409 12.286863
v -2.854098 1.327070 12.286863
v -3.542998 0.350324 11.246266
v -3.891898 1.682630 12.140933
v -3.882587 1.437409 12.381268
v -3.882587 1.327070 12.381268
v -3.896611 0.350324 11.278500
v -4.746728 1.682630 11.924206
v -4.980782 1.437409 12.265086
v -4.980782 1.327070 12.265086
v -4.258119 0.350324 11.221701
v -5.028319 1.682630 11.633808
v -5.297304 1.437409 11.855235
v -5.297304 1.327070 11.855235
v -4.377204 0.350324 11.098891
v -5.216472 1.682630 11.199196
v -5.401340 1.437409 11.316933
v -5.401340 1.327070 11.316933
v -4.456774 0.350324 10.915094
v -5.282542 1.682630 10.686536
v -5.425839 1.437409 10.681961
v -5.425839 1.327070 10.681961
v -4.484715 0.350324 10.698290
v -5.216472 1.682630 10.173876
v -5.422841 1.437409 10.046990
v -5.422841 1.327070 10.046990
v -4.456774 0.350324 10.481486
v -5.028319 1.682630 9.739264
v -5.297304 1.437409 9.508687
v -5.297304 1.327070 9.508687
v -4.377204 0.350324 10.297688
v -4.746728 1.682630 9.448865
v -4.962864 1.437409 9.123920
v -4.962864 1.327070 9.123920
v -4.258119 0.350324 10.174879
v -4.626722 1.327070 8.995549
v -4.626722 1.437409 8.995549
v -5.219672 1.327070 9.368265
v -5.219672 1.437409 9.368265
v -5.413825 1.327070 9.777839
v -5.413825 1.437409 9.777839
v -5.427924 1.327070 10.364476
v -5.427924 1.437409 10.364476
v -5.424340 1.327070 10.999447
v -5.424340 1.437409 10.999447
v -5.381574 1.327070 11.643420
v -5.381574 1.437409 11.643420
v -5.169502 1.327070 12.078078
v -5.169502 1.437409 12.078078
v -4.609521 1.327070 12.381274
v -4.609521 1.437409 12.381274
v -3.150105 1.327070 12.381176
v -3.150105 1.437409 12.381176
v -2.662511 1.327070 12.116907
v -2.662511 1.437409 12.116907
v -2.388803 1.327070 11.647486
v -2.388803 1.437409 11.647486
v -2.373271 1.327070 11.046711
v -2.373271 1.437409 11.046711
v -2.381872 1.327070 10.469895
v -2.381872 1.437409 10.469895
v -2.388803 1.327070 9.808919
v -2.388803 1.437409 9.808919
v -2.615209 1.327070 9.313696
v -2.615209 1.437409 9.313696
v -3.115704 1.327070 8.997825
v -3.115704 1.437409 8.997825
vn 0.0919 0.7697 -0.6317
vn 0.4568 0.7755 -0.4357
vn 0.5956 0.7622 -0.2536
vn 0.6528 0.7530 -0.0828
vn 0.6517 0.7540 0.0826
vn 0.5924 0.7652 0.2522
vn 0.4525 0.7804 0.4315
vn 0.1205 0.7630 0.6350
vn -0.1473 0.8003 0.5812
vn -0.4556 0.7729 0.4417
vn -0.5948 0.7615 0.2575
vn -0.6523 0.7533 0.0841
vn -0.6509 0.7545 -0.0839
vn -0.5909 0.7651 -0.2558
vn -0.0000 1.0000 -0.0000
vn -0.4503 0.7788 -0.4366
vn -0.0815 0.7495 -0.6570
vn -0.0000 -1.0000 -0.0000
vn -0.0526 -0.7626 -0.6447
vn -0.0053 -0.7638 -0.6455
vn -0.3568 -0.0000 -0.9342
vn -0.0047 0.8218 -0.5697
vn -0.4330 -0.7976 -0.4199
vn -0.4250 -0.7873 -0.4467
vn -0.8752 -0.0000 -0.4838
vn -0.3707 0.8431 -0.3896
vn -0.5690 -0.7846 -0.2463
vn -0.5917 -0.7643 -0.2562
vn -0.9994 -0.0000 -0.0335
vn -0.5384 0.8098 -0.2331
vn -0.6274 -0.7745 -0.0809
vn -0.7084 -0.7057 -0.0113
vn -1.0000 -0.0000 0.0066
vn -0.7619 0.6475 -0.0122
vn -0.6288 -0.7733 0.0810
vn -0.7201 -0.6938 0.0034
vn -0.9974 -0.0000 0.0723
vn -0.8634 0.5045 0.0041
vn -0.5730 -0.7811 0.2481
vn -0.7093 -0.7036 0.0429
vn -0.9292 -0.0000 0.3697
vn -0.7865 0.6158 0.0476
vn -0.4383 -0.7920 0.4250
vn -0.5547 -0.7688 0.3181
vn -0.7039 -0.0000 0.7103
vn -0.5040 0.8139 0.2891
vn -0.0999 -0.7653 0.6359
vn -0.1875 -0.7785 0.5990
vn -0.0000 -0.0000 1.0000
vn -0.1575 0.8497 0.5032
vn 0.0581 -0.7683 0.6374
vn 0.0001 -0.7486 0.6630
vn 0.3036 -0.0000 0.9528
vn 0.0001 0.7000 0.7142
vn 0.4351 -0.7991 0.4149
vn 0.4115 -0.7845 0.4639
vn 0.7797 -0.0000 0.6261
vn 0.3724 0.8277 0.4198
vn 0.5704 -0.7846 0.2429
vn 0.5931 -0.7645 0.2525
vn 0.9982 -0.0000 0.0596
vn 0.5392 0.8103 0.2296
vn 0.6282 -0.7740 0.0796
vn 0.7094 -0.7048 -0.0048
vn 1.0000 -0.0000 -0.0067
vn 0.7533 0.6576 -0.0051
vn 0.6294 -0.7730 -0.0798
vn 0.7202 -0.6935 -0.0176
vn 1.0000 -0.0000 0.0069
vn 0.8617 0.5069 -0.0210
vn 0.5737 -0.7818 -0.2443
vn 0.7085 -0.7055 -0.0178
vn 0.9400 -0.0000 -0.3412
vn 0.7639 0.6450 -0.0192
vn 0.4395 -0.7945 -0.4191
vn 0.5488 -0.7744 -0.3148
vn 0.6675 -0.0000 -0.7446
vn 0.4881 0.8267 -0.2800
vn 0.0665 -0.7623 -0.6438
vn 0.2478 -0.7893 -0.5617
vn 0.0107 -0.0000 -0.9999
vn 0.2096 0.8546 -0.4750
vn 0.0583 -0.7665 0.6395
vn 0.8674 -0.0000 -0.4976
vn -0.1263 0.8578 0.4982
vn -0.0000 0.7000 0.7142
vn 0.9997 -0.0000 -0.0251
vn -0.0000 -0.7486 0.6630
vn -0.0980 -0.7756 0.6236
vn 0.9997 -0.0000 -0.0244
vn -0.3681 0.8586 0.3569
vn -0.3633 0.8565 0.3667
vn 1.0000 -0.0000 -0.0068
vn -0.4334 -0.7879 0.4374
vn -0.4419 -0.7881 0.4285
vn 0.9201 -0.0000 0.3917
vn -0.5495 0.8009 0.2379
vn -0.5523 0.8042 0.2197
vn 0.6636 -0.0000 0.7481
vn -0.6062 -0.7578 0.2412
vn -0.5977 -0.7588 0.2587
vn 0.0001 -0.0000 1.0000
vn -0.7985 0.5931 0.1029
vn -0.7839 0.6183 0.0568
vn -0.2987 -0.0000 0.9544
vn -0.7073 -0.7051 0.0512
vn -0.7036 -0.7048 0.0907
vn -0.8675 -0.0000 0.4975
vn -0.7912 0.6030 -0.1020
vn -0.8634 0.5044 0.0057
vn -0.9982 -0.0000 0.0604
vn -0.7201 -0.6938 0.0047
vn -0.7008 -0.7076 -0.0903
vn -1.0000 -0.0000 0.0047
vn -0.7584 0.6513 -0.0254
vn -0.9999 -0.0000 -0.0160
vn -0.7055 -0.7083 -0.0236
vn -0.9177 -0.0000 -0.3973
vn -0.3782 0.8500 -0.3667
vn -0.5051 0.8166 -0.2792
vn -0.6893 -0.0000 -0.7245
vn -0.5561 -0.7722 -0.3074
vn -0.4416 -0.7884 -0.4282
vn -0.0082 -0.0000 -1.0000
vn -0.0604 0.8712 -0.4873
vn -0.1932 0.8407 -0.5059
vn -0.0512 -0.7769 -0.6275
vn -0.2215 -0.7839 -0.5800
vn 0.4037 -0.0000 -0.9149
vn 0.1916 -0.7757 0.6013
vn 0.1737 0.8201 0.5453
vn 0.1021 0.8365 0.5384
vn 0.4482 -0.7851 0.4275
vn 0.4881 -0.7799 0.3919
vn 0.4422 0.8237 0.3550
vn 0.3942 0.8386 0.3760
vn 0.6988 -0.7141 0.0417
vn 0.7418 0.6692 0.0443
vn 0.7012 -0.7074 0.0889
vn 0.7202 -0.6938 -0.0048
vn 0.8616 0.5076 -0.0058
vn 0.7903 0.6045 0.1002
vn 0.7083 -0.7002 -0.0898
vn 0.7123 -0.7018 0.0049
vn 0.7657 0.6432 0.0053
vn 0.8170 0.5672 -0.1036
vn 0.5964 -0.7615 -0.2539
vn 0.6107 -0.7602 -0.2216
vn 0.5438 0.8157 -0.1974
vn 0.5428 0.8075 -0.2311
vn 0.4410 -0.7928 -0.4206
vn 0.4078 -0.7917 -0.4549
vn 0.3444 0.8566 -0.3843
vn 0.3626 0.8654 -0.3458
vn 0.0641 -0.7811 -0.6212
vn 0.0069 -0.7638 -0.6454
vn 0.0061 0.8219 -0.5696
vn 0.0684 0.8799 -0.4702
vn 0.0689 0.7418 -0.6671
vn 0.6528 0.7530 -0.0827
vn 0.0534 0.8085 0.5861
vn -0.1036 0.7449 0.6591
vn -0.0517 0.7722 -0.6333
vt 0.750000 0.490000
vt 0.000000 0.500000
vt 1.000000 0.500000
vt 0.250000 0.490000
vt 1.000000 1.000000
vt 0.000000 1.000000
vt 0.841844 0.471731
vt 0.937500 0.500000
vt 0.341844 0.471731
vt 0.937500 1.000000
vt 0.919706 0.419706
vt 0.875000 0.500000
vt 0.419706 0.419706
vt 0.875000 1.000000
vt 0.971731 0.341844
vt 0.812500 0.500000
vt 0.471731 0.341844
vt 0.812500 1.000000
vt 0.990000 0.250000
vt 0.750000 0.500000
vt 0.490000 0.250000
vt 0.750000 1.000000
vt 0.971731 0.158156
vt 0.687500 0.500000
vt 0.471731 0.158156
vt 0.687500 1.000000
vt 0.919706 0.080294
vt 0.625000 0.500000
vt 0.419706 0.080294
vt 0.625000 1.000000
vt 0.841844 0.028269
vt 0.562500 0.500000
vt 0.341844 0.028269
vt 0.562500 1.000000
vt 0.750000 0.010000
vt 0.500000 0.500000
vt 0.250000 0.010000
vt 0.500000 1.000000
vt 0.658156 0.028269
vt 0.437500 0.500000
vt 0.158156 0.028269
vt 0.437500 1.000000
vt 0.580294 0.080294
vt 0.375000 0.500000
vt 0.080294 0.080294
vt 0.375000 1.000000
vt 0.528269 0.158156
vt 0.312500 0.500000
vt 0.028269 0.158156
vt 0.312500 1.000000
vt 0.510000 0.250000
vt 0.250000 0.500000
vt 0.010000 0.250000
vt 0.250000 1.000000
vt 0.528269 0.341844
vt 0.187500 0.500000
vt 0.028269 0.341844
vt 0.187500 1.000000
vt 0.580294 0.419706
vt 0.125000 0.500000
vt 0.080294 0.419706
vt 0.125000 1.000000
vt 0.658156 0.471731
vt 0.062500 0.500000
vt 0.158156 0.471731
vt 0.062500 1.000000
vt 0.000000 0.600000
vt 1.000000 0.600000
vt 0.000000 0.700000
vt 1.000000 0.700000
vt 0.000000 0.800000
vt 1.000000 0.800000
vt 1.000000 0.900000
vt 0.000000 0.900000
vt 0.937500 0.900000
vt 0.937500 0.800000
vt 0.937500 0.700000
vt 0.937500 0.600000
vt 0.875000 0.900000
vt 0.875000 0.800000
vt 0.875000 0.700000
vt 0.875000 0.600000
vt 0.812500 0.900000
vt 0.812500 0.800000
vt 0.812500 0.700000
vt 0.812500 0.600000
vt 0.750000 0.900000
vt 0.750000 0.800000
vt 0.750000 0.700000
vt 0.750000 0.600000
vt 0.687500 0.900000
vt 0.687500 0.800000
vt 0.687500 0.700000
vt 0.687500 0.600000
vt 0.625000 0.900000
vt 0.625000 0.800000
vt 0.625000 0.700000
vt 0.625000 0.600000
vt 0.562500 0.900000
vt 0.562500 0.800000
vt 0.562500 0.700000
vt 0.562500 0.600000
vt 0.500000 0.900000
vt 0.500000 0.800000
vt 0.500000 0.700000
vt 0.500000 0.600000
vt 0.437500 0.900000
vt 0.437500 0.800000
vt 0.437500 0.700000
vt 0.437500 0.600000
vt 0.375000 0.900000
vt 0.375000 0.800000
vt 0.375000 0.700000
vt 0.375000 0.600000
vt 0.312500 0.900000
vt 0.312500 0.800000
vt 0.312500 0.700000
vt 0.312500 0.600000
vt 0.250000 0.900000
vt 0.250000 0.800000
vt 0.250000 0.700000
vt 0.250000 0.600000
vt 0.187500 0.900000
vt 0.187500 0.800000
vt 0.187500 0.700000
vt 0.187500 0.600000
vt 0.125000 0.900000
vt 0.125000 0.800000
vt 0.125000 0.700000
vt 0.125000 0.600000
vt 0.062500 0.900000
vt 0.062500 0.800000
vt 0.062500 0.700000
vt 0.062500 0.600000
vt 0.031250 0.700000
vt 0.031250 0.800000
vt 0.093750 0.700000
vt 0.093750 0.800000
vt 0.156250 0.700000
vt 0.156250 0.800000
vt 0.218750 0.700000
vt 0.218750 0.800000
vt 0.281250 0.700000
vt 0.281250 0.800000
vt 0.343750 0.700000
vt 0.343750 0.800000
vt 0.406250 0.700000
vt 0.406250 0.800000
vt 0.468750 0.700000
vt 0.468750 0.800000
vt 0.531250 0.700000
vt 0.531250 0.800000
vt 0.593750 0.700000
vt 0.593750 0.800000
vt 0.656250 0.700000
vt 0.656250 0.800000
vt 0.718750 0.700000
vt 0.718750 0.800000
vt 0.781250 0.700000
vt 0.781250 0.800000
vt 0.843750 0.700000
vt 0.843750 0.800000
vt 0.906250 0.700000
vt 0.906250 0.800000
vt 0.968750 0.700000
vt 0.968750 0.800000
s 0
usemtl Diamond_Blue
f 1994/2635/2731 2029/2705/2731 2028/2703/2731
f 1996/2640/2732 2033/2709/2732 2029/2705/2732
f 1998/2644/2733 2037/2713/2733 2033/2709/2733
f 2000/2648/2734 2041/2717/2734 2037/2713/2734
f 2002/2652/2735 2045/2721/2735 2041/2717/2735
f 2004/2656/2736 2049/2725/2736 2045/2721/2736
f 2006/2660/2737 2053/2729/2737 2049/2725/2737
f 2008/2664/2738 2057/2733/2738 2053/2729/2738
f 2010/2668/2739 2061/2737/2739 2057/2733/2739
f 2012/2672/2740 2065/2741/2740 2061/2737/2740
f 2014/2676/2741 2069/2745/2741 2065/2741/2741
f 2016/2680/2742 2073/2749/2742 2069/2745/2742
f 2018/2684/2743 2077/2753/2743 2073/2749/2743
f 2020/2688/2744 2081/2757/2744 2077/2753/2744
f 1996/2639/2745 1994/2634/2745 2024/2695/2745 2022/2691/2745 2020/2687/2745 2018/2683/2745 2016/2679/2745 2014/2675/2745 2012/2671/2745 2010/2667/2745 2008/2663/2745 2006/2659/2745 2004/2655/2745 2002/2651/2745 2000/2647/2745 1998/2643/2745
f 2022/2692/2746 2085/2761/2746 2081/2757/2746
f 2024/2696/2747 2028/2704/2747 2085/2761/2747
f 1993/2631/2748 1995/2637/2748 1997/2641/2748 1999/2645/2748 2001/2649/2748 2003/2653/2748 2005/2657/2748 2007/2661/2748 2009/2665/2748 2011/2669/2748 2013/2673/2748 2015/2677/2748 2017/2681/2748 2019/2685/2748 2021/2689/2748 2023/2693/2748
f 2023/2694/2749 2088/2764/2749 2025/2697/2749 1993/2632/2749
f 2089/2765/2750 2026/2699/2750 2025/2697/2750
f 2087/2763/2751 2086/2762/2751 2090/2766/2751 2089/2765/2751
f 2028/2704/2752 2027/2701/2752 2090/2766/2752
f 2021/2690/2753 2084/2760/2753 2088/2764/2753 2023/2694/2753
f 2091/2767/2754 2087/2763/2754 2088/2764/2754
f 2083/2759/2755 2082/2758/2755 2092/2768/2755 2091/2767/2755
f 2085/2761/2756 2086/2762/2756 2092/2768/2756
f 2019/2686/2757 2080/2756/2757 2084/2760/2757 2021/2690/2757
f 2093/2769/2758 2083/2759/2758 2084/2760/2758
f 2079/2755/2759 2078/2754/2759 2094/2770/2759 2093/2769/2759
f 2081/2757/2760 2082/2758/2760 2094/2770/2760
f 2017/2682/2761 2076/2752/2761 2080/2756/2761 2019/2686/2761
f 2095/2771/2762 2079/2755/2762 2080/2756/2762
f 2075/2751/2763 2074/2750/2763 2096/2772/2763 2095/2771/2763
f 2077/2753/2764 2078/2754/2764 2096/2772/2764
f 2015/2678/2765 2072/2748/2765 2076/2752/2765 2017/2682/2765
f 2097/2773/2766 2075/2751/2766 2076/2752/2766
f 2071/2747/2767 2070/2746/2767 2098/2774/2767 2097/2773/2767
f 2073/2749/2768 2074/2750/2768 2098/2774/2768
f 2013/2674/2769 2068/2744/2769 2072/2748/2769 2015/2678/2769
f 2099/2775/2770 2071/2747/2770 2072/2748/2770
f 2067/2743/2771 2066/2742/2771 2100/2776/2771 2099/2775/2771
f 2069/2745/2772 2070/2746/2772 2100/2776/2772
f 2011/2670/2773 2064/2740/2773 2068/2744/2773 2013/2674/2773
f 2101/2777/2774 2067/2743/2774 2068/2744/2774
f 2063/2739/2775 2062/2738/2775 2102/2778/2775 2101/2777/2775
f 2065/2741/2776 2066/2742/2776 2102/2778/2776
f 2009/2666/2777 2060/2736/2777 2064/2740/2777 2011/2670/2777
f 2103/2779/2778 2063/2739/2778 2064/2740/2778
f 2059/2735/2779 2058/2734/2779 2104/2780/2779 2103/2779/2779
f 2061/2737/2780 2062/2738/2780 2104/2780/2780
f 2007/2662/2781 2056/2732/2781 2060/2736/2781 2009/2666/2781
f 2105/2781/2782 2059/2735/2782 2060/2736/2782
f 2055/2731/2783 2054/2730/2783 2106/2782/2783 2105/2781/2783
f 2057/2733/2784 2058/2734/2784 2106/2782/2784
f 2005/2658/2785 2052/2728/2785 2056/2732/2785 2007/2662/2785
f 2107/2783/2786 2055/2731/2786 2056/2732/2786
f 2051/2727/2787 2050/2726/2787 2108/2784/2787 2107/2783/2787
f 2053/2729/2788 2054/2730/2788 2108/2784/2788
f 2003/2654/2789 2048/2724/2789 2052/2728/2789 2005/2658/2789
f 2109/2785/2790 2051/2727/2790 2052/2728/2790
f 2047/2723/2791 2046/2722/2791 2110/2786/2791 2109/2785/2791
f 2049/2725/2792 2050/2726/2792 2110/2786/2792
f 2001/2650/2793 2044/2720/2793 2048/2724/2793 2003/2654/2793
f 2111/2787/2794 2047/2723/2794 2048/2724/2794
f 2043/2719/2795 2042/2718/2795 2112/2788/2795 2111/2787/2795
f 2045/2721/2796 2046/2722/2796 2112/2788/2796
f 1999/2646/2797 2040/2716/2797 2044/2720/2797 2001/2650/2797
f 2113/2789/2798 2043/2719/2798 2044/2720/2798
f 2039/2715/2799 2038/2714/2799 2114/2790/2799 2113/2789/2799
f 2041/2717/2800 2042/2718/2800 2114/2790/2800
f 1997/2642/2801 2036/2712/2801 2040/2716/2801 1999/2646/2801
f 2115/2791/2802 2039/2715/2802 2040/2716/2802
f 2035/2711/2803 2034/2710/2803 2116/2792/2803 2115/2791/2803
f 2037/2713/2804 2038/2714/2804 2116/2792/2804
f 1995/2638/2805 2032/2708/2805 2036/2712/2805 1997/2642/2805
f 2117/2793/2806 2035/2711/2806 2036/2712/2806
f 2031/2707/2807 2030/2706/2807 2118/2794/2807 2117/2793/2807
f 2033/2709/2808 2034/2710/2808 2118/2794/2808
f 1993/2633/2809 2025/2698/2809 2032/2708/2809 1995/2638/2809
f 2119/2795/2810 2031/2707/2810 2032/2708/2810
f 2027/2702/2811 2120/2796/2811 2119/2795/2811 2026/2700/2811
f 2029/2705/2812 2030/2706/2812 2120/2796/2812
f 2060/2736/2813 2056/2732/2813 2105/2781/2813
f 2117/2793/2814 2118/2794/2814 2034/2710/2814 2035/2711/2814
f 2057/2733/2815 2061/2737/2815 2104/2780/2815
f 2104/2780/2816 2058/2734/2816 2057/2733/2816
f 2115/2791/2817 2116/2792/2817 2038/2714/2817 2039/2715/2817
f 2060/2736/2818 2059/2735/2818 2103/2779/2818
f 2064/2740/2819 2060/2736/2819 2103/2779/2819
f 2113/2789/2820 2114/2790/2820 2042/2718/2820 2043/2719/2820
f 2061/2737/2821 2065/2741/2821 2102/2778/2821
f 2102/2778/2822 2062/2738/2822 2061/2737/2822
f 2111/2787/2823 2112/2788/2823 2046/2722/2823 2047/2723/2823
f 2064/2740/2824 2063/2739/2824 2101/2777/2824
f 2068/2744/2825 2064/2740/2825 2101/2777/2825
f 2109/2785/2826 2110/2786/2826 2050/2726/2826 2051/2727/2826
f 2065/2741/2827 2069/2745/2827 2100/2776/2827
f 2100/2776/2828 2066/2742/2828 2065/2741/2828
f 2107/2783/2829 2108/2784/2829 2054/2730/2829 2055/2731/2829
f 2068/2744/2830 2067/2743/2830 2099/2775/2830
f 2072/2748/2831 2068/2744/2831 2099/2775/2831
f 2105/2781/2832 2106/2782/2832 2058/2734/2832 2059/2735/2832
f 2069/2745/2833 2073/2749/2833 2098/2774/2833
f 2098/2774/2834 2070/2746/2834 2069/2745/2834
f 2103/2779/2835 2104/2780/2835 2062/2738/2835 2063/2739/2835
f 2072/2748/2836 2071/2747/2836 2097/2773/2836
f 2076/2752/2837 2072/2748/2837 2097/2773/2837
f 2101/2777/2838 2102/2778/2838 2066/2742/2838 2067/2743/2838
f 2073/2749/2839 2077/2753/2839 2096/2772/2839
f 2096/2772/2840 2074/2750/2840 2073/2749/2840
f 2099/2775/2841 2100/2776/2841 2070/2746/2841 2071/2747/2841
f 2076/2752/2842 2075/2751/2842 2095/2771/2842
f 2080/2756/2843 2076/2752/2843 2095/2771/2843
f 2097/2773/2844 2098/2774/2844 2074/2750/2844 2075/2751/2844
f 2077/2753/2760 2081/2757/2760 2094/2770/2760
f 2094/2770/2845 2078/2754/2845 2077/2753/2845
f 2095/2771/2846 2096/2772/2846 2078/2754/2846 2079/2755/2846
f 2080/2756/2847 2079/2755/2847 2093/2769/2847
f 2084/2760/2758 2080/2756/2758 2093/2769/2758
f 2093/2769/2848 2094/2770/2848 2082/2758/2848 2083/2759/2848
f 2081/2757/2849 2085/2761/2849 2092/2768/2849
f 2092/2768/2850 2082/2758/2850 2081/2757/2850
f 2091/2767/2851 2092/2768/2851 2086/2762/2851 2087/2763/2851
f 2084/2760/2852 2083/2759/2852 2091/2767/2852
f 2088/2764/2853 2084/2760/2853 2091/2767/2853
f 2089/2765/2854 2090/2766/2854 2027/2701/2854 2026/2699/2854
f 2085/2761/2855 2028/2704/2855 2090/2766/2855
f 2090/2766/2856 2086/2762/2856 2085/2761/2856
f 2025/2697/2857 2088/2764/2857 2089/2765/2857
f 2088/2764/2858 2087/2763/2858 2089/2765/2858
f 2119/2795/2859 2120/2796/2859 2030/2706/2859 2031/2707/2859
f 2056/2732/2860 2055/2731/2860 2105/2781/2860
f 2106/2782/2861 2054/2730/2861 2053/2729/2861
f 2053/2729/2862 2057/2733/2862 2106/2782/2862
f 2056/2732/2863 2052/2728/2863 2107/2783/2863
f 2052/2728/2864 2051/2727/2864 2107/2783/2864
f 2108/2784/2865 2050/2726/2865 2049/2725/2865
f 2049/2725/2866 2053/2729/2866 2108/2784/2866
f 2052/2728/2790 2048/2724/2790 2109/2785/2790
f 2048/2724/2867 2047/2723/2867 2109/2785/2867
f 2110/2786/2868 2046/2722/2868 2045/2721/2868
f 2045/2721/2792 2049/2725/2792 2110/2786/2792
f 2048/2724/2869 2044/2720/2869 2111/2787/2869
f 2044/2720/2870 2043/2719/2870 2111/2787/2870
f 2112/2788/2871 2042/2718/2871 2041/2717/2871
f 2041/2717/2872 2045/2721/2872 2112/2788/2872
f 2044/2720/2873 2040/2716/2873 2113/2789/2873
f 2040/2716/2874 2039/2715/2874 2113/2789/2874
f 2114/2790/2875 2038/2714/2875 2037/2713/2875
f 2037/2713/2876 2041/2717/2876 2114/2790/2876
f 2040/2716/2877 2036/2712/2877 2115/2791/2877
f 2036/2712/2878 2035/2711/2878 2115/2791/2878
f 2116/2792/2879 2034/2710/2879 2033/2709/2879
f 2033/2709/2880 2037/2713/2880 2116/2792/2880
f 2036/2712/2881 2032/2708/2881 2117/2793/2881
f 2032/2708/2882 2031/2707/2882 2117/2793/2882
f 2118/2794/2883 2030/2706/2883 2029/2705/2883
f 2029/2705/2884 2033/2709/2884 2118/2794/2884
f 2032/2708/2885 2025/2698/2885 2119/2795/2885
f 2025/2698/2886 2026/2700/2886 2119/2795/2886
f 2120/2796/2887 2027/2702/2887 2028/2703/2887
f 2028/2703/2888 2029/2705/2888 2120/2796/2888
f 1994/2635/2889 1996/2640/2889 2029/2705/2889
f 1996/2640/2732 1998/2644/2732 2033/2709/2732
f 1998/2644/2733 2000/2648/2733 2037/2713/2733
f 2000/2648/2890 2002/2652/2890 2041/2717/2890
f 2002/2652/2735 2004/2656/2735 2045/2721/2735
f 2004/2656/2736 2006/2660/2736 2049/2725/2736
f 2006/2660/2737 2008/2664/2737 2053/2729/2737
f 2008/2664/2891 2010/2668/2891 2057/2733/2891
f 2010/2668/2892 2012/2672/2892 2061/2737/2892
f 2012/2672/2740 2014/2676/2740 2065/2741/2740
f 2014/2676/2741 2016/2680/2741 2069/2745/2741
f 2016/2680/2742 2018/2684/2742 2073/2749/2742
f 2018/2684/2743 2020/2688/2743 2077/2753/2743
f 2020/2688/2744 2022/2692/2744 2081/2757/2744
f 2022/2692/2746 2024/2696/2746 2085/2761/2746
f 2024/2696/2893 1994/2636/2893 2028/2704/2893
